// 自动生成的中文字库 — 请勿手动修改
// 字体: msyh.ttc, 字号: 24px
// 字符数: 28

#pragma once

#include <Arduino.h>
#include <TFT_eSPI.h>

#define CN_FONT_SIZE 24
#define CN_CHAR_COUNT 28

// '佳' (U+4F73) 32x30
static const uint16_t cn_char_000[] PROGMEM = {
    0x0000, 0x0000, 0x0000, 0x0000, 0x0000, 0x0000, 0x0000, 0xA534, 0xB596, 0x630C, 0x0000, 0x0000, 0x0000, 0x0000, 0x0000, 0x0000,
    0x0000, 0x0000, 0x0000, 0xB596, 0xFFFF, 0xC618, 0x0000, 0x0000, 0x0000, 0x0000, 0x0000, 0x0000, 0x0000, 0x0000, 0x0000, 0x0000,
    0x0000, 0x0000, 0x0000, 0x0000, 0x0000, 0x0000, 0x0861, 0xFFDF, 0xFFFF, 0xBDD7, 0x0000, 0x0000, 0x0000, 0x0000, 0x0000, 0x0000,
    0x0000, 0x0000, 0x0000, 0xB596, 0xFFFF, 0xC618, 0x0000, 0x0000, 0x0000, 0x0000, 0x0000, 0x0000, 0x0000, 0x0000, 0x0000, 0x0000,
    0x0000, 0x0000, 0x0000, 0x0000, 0x0000, 0x0000, 0x630C, 0xFFFF, 0xFFFF, 0x5ACB, 0x0000, 0x0000, 0x0000, 0x0000, 0x0000, 0x0000,
    0x0000, 0x0000, 0x0000, 0xB596, 0xFFFF, 0xC618, 0x0000, 0x0000, 0x0000, 0x0000, 0x0000, 0x0000, 0x0000, 0x0000, 0x0000, 0x0000,
    0x0000, 0x0000, 0x0000, 0x0000, 0x0000, 0x0000, 0xBDF7, 0xFFFF, 0xF79E, 0x0841, 0x0000, 0x0000, 0x0000, 0x0000, 0x0000, 0x0000,
    0x0000, 0x0000, 0x0000, 0xB596, 0xFFFF, 0xC618, 0x0000, 0x0000, 0x0000, 0x0000, 0x0000, 0x0000, 0x0000, 0x0000, 0x0000, 0x0000,
    0x0000, 0x0000, 0x0000, 0x0000, 0x0000, 0x2945, 0xFFFF, 0xFFFF, 0x9CD3, 0x0000, 0x0000, 0x0000, 0x0000, 0x0000, 0x0000, 0x0000,
    0x0000, 0x0000, 0x0000, 0xB596, 0xFFFF, 0xC618, 0x0000, 0x0000, 0x0000, 0x0000, 0x0000, 0x0000, 0x0000, 0x0000, 0x0000, 0x0000,
    0x0000, 0x0000, 0x0000, 0x0000, 0x0000, 0x9CF3, 0xFFFF, 0xFFFF, 0x2945, 0x0000, 0x0000, 0xF79E, 0xFFFF, 0xFFFF, 0xFFFF, 0xFFFF,
    0xFFFF, 0xFFFF, 0xFFFF, 0xFFFF, 0xFFFF, 0xFFFF, 0xFFFF, 0xFFFF, 0xFFFF, 0xFFFF, 0xFFFF, 0xFFFF, 0xFFFF, 0xFFFF, 0x0000, 0x0000,
    0x0000, 0x0000, 0x0000, 0x0000, 0x10A2, 0xFFDF, 0xFFFF, 0xBDD7, 0x0000, 0x0000, 0x0000, 0xF79E, 0xFFFF, 0xFFFF, 0xFFFF, 0xFFFF,
    0xFFFF, 0xFFFF, 0xFFFF, 0xFFFF, 0xFFFF, 0xFFFF, 0xFFFF, 0xFFFF, 0xFFFF, 0xFFFF, 0xFFFF, 0xFFFF, 0xFFFF, 0xFFFF, 0x0000, 0x0000,
    0x0000, 0x0000, 0x0000, 0x0000, 0x8430, 0xFFFF, 0xFFFF, 0x528A, 0x0000, 0x0000, 0x0000, 0x39E7, 0x4208, 0x4208, 0x4208, 0x4208,
    0x4208, 0x4208, 0x4208, 0xC638, 0xFFFF, 0xD69A, 0x4208, 0x4208, 0x4208, 0x4208, 0x4208, 0x4208, 0x4208, 0x4208, 0x0000, 0x0000,
    0x0000, 0x0000, 0x0000, 0x18C3, 0xF7BE, 0xFFFF, 0xFFFF, 0x4208, 0x0000, 0x0000, 0x0000, 0x0000, 0x0000, 0x0000, 0x0000, 0x0000,
    0x0000, 0x0000, 0x0000, 0xB596, 0xFFFF, 0xC618, 0x0000, 0x0000, 0x0000, 0x0000, 0x0000, 0x0000, 0x0000, 0x0000, 0x0000, 0x0000,
    0x0000, 0x0000, 0x0000, 0x9CD3, 0xFFFF, 0xFFFF, 0xFFFF, 0x4208, 0x0000, 0x0000, 0x0000, 0x0000, 0x0000, 0x0000, 0x0000, 0x0000,
    0x0000, 0x0000, 0x0000, 0xB596, 0xFFFF, 0xC618, 0x0000, 0x0000, 0x0000, 0x0000, 0x0000, 0x0000, 0x0000, 0x0000, 0x0000, 0x0000,
    0x0000, 0x0000, 0x2945, 0xFFFF, 0xFFFF, 0xFFFF, 0xFFFF, 0x4208, 0x0000, 0x0000, 0x0000, 0x0000, 0x0000, 0x0000, 0x0000, 0x0000,
    0x0000, 0x0000, 0x0000, 0xB596, 0xFFFF, 0xC618, 0x0000, 0x0000, 0x0000, 0x0000, 0x0000, 0x0000, 0x0000, 0x0000, 0x0000, 0x0000,
    0x0000, 0x0000, 0xBDF7, 0xFFFF, 0xFFFF, 0xFFFF, 0xFFFF, 0x4208, 0x0000, 0x0000, 0x0000, 0x0000, 0x0000, 0x0000, 0x0000, 0x0000,
    0x0000, 0x0000, 0x0000, 0xB596, 0xFFFF, 0xC618, 0x0000, 0x0000, 0x0000, 0x0000, 0x0000, 0x0000, 0x0000, 0x0000, 0x0000, 0x0000,
    0x0000, 0x6B4D, 0xFFFF, 0xFFFF, 0xBDF7, 0xFFFF, 0xFFFF, 0x4208, 0x0000, 0x2104, 0xFFFF, 0xFFFF, 0xFFFF, 0xFFFF, 0xFFFF, 0xFFFF,
    0xFFFF, 0xFFFF, 0xFFFF, 0xFFFF, 0xFFFF, 0xFFFF, 0xFFFF, 0xFFFF, 0xFFFF, 0xFFFF, 0xFFFF, 0xFFFF, 0xFFFF, 0xFFFF, 0xFFFF, 0x3186,
    0x18E3, 0xF79E, 0xFFFF, 0xDEDB, 0x39C7, 0xFFFF, 0xFFFF, 0x4208, 0x0000, 0x2104, 0xFFFF, 0xFFFF, 0xFFFF, 0xFFFF, 0xFFFF, 0xFFFF,
    0xFFFF, 0xFFFF, 0xFFFF, 0xFFFF, 0xFFFF, 0xFFFF, 0xFFFF, 0xFFFF, 0xFFFF, 0xFFFF, 0xFFFF, 0xFFFF, 0xFFFF, 0xFFFF, 0xFFFF, 0x3186,
    0x6B6D, 0xFFFF, 0xFFFF, 0x39C7, 0x3186, 0xFFFF, 0xFFFF, 0x4208, 0x0000, 0x0841, 0x4208, 0x4208, 0x4208, 0x4208, 0x4208, 0x4208,
    0x4208, 0x4208, 0x4208, 0x4208, 0x4208, 0x4208, 0x4208, 0x4208, 0x4208, 0x4208, 0x4208, 0x4208, 0x4208, 0x4208, 0x4208, 0x0861,
    0x10A2, 0xFFDF, 0x8C51, 0x0000, 0x3186, 0xFFFF, 0xFFFF, 0x4208, 0x0000, 0x0000, 0x0000, 0x0000, 0x0000, 0x0000, 0x0000, 0x0000,
    0x0000, 0x0000, 0x0000, 0xA514, 0xFFFF, 0xD69A, 0x0000, 0x0000, 0x0000, 0x0000, 0x0000, 0x0000, 0x0000, 0x0000, 0x0000, 0x0000,
    0x0000, 0x8410, 0x0020, 0x0000, 0x3186, 0xFFFF, 0xFFFF, 0x4208, 0x0000, 0x0000, 0x0000, 0x0000, 0x0000, 0x0000, 0x0000, 0x0000,
    0x0000, 0x0000, 0x0000, 0xA514, 0xFFFF, 0xD69A, 0x0000, 0x0000, 0x0000, 0x0000, 0x0000, 0x0000, 0x0000, 0x0000, 0x0000, 0x0000,
    0x0000, 0x0000, 0x0000, 0x0000, 0x3186, 0xFFFF, 0xFFFF, 0x4208, 0x0000, 0x0000, 0x0000, 0x0000, 0x0000, 0x0000, 0x0000, 0x0000,
    0x0000, 0x0000, 0x0000, 0xA514, 0xFFFF, 0xD69A, 0x0000, 0x0000, 0x0000, 0x0000, 0x0000, 0x0000, 0x0000, 0x0000, 0x0000, 0x0000,
    0x0000, 0x0000, 0x0000, 0x0000, 0x3186, 0xFFFF, 0xFFFF, 0x4208, 0x0000, 0x0000, 0x0000, 0x0000, 0x0000, 0x0000, 0x0000, 0x0000,
    0x0000, 0x0000, 0x0000, 0xA514, 0xFFFF, 0xD69A, 0x0000, 0x0000, 0x0000, 0x0000, 0x0000, 0x0000, 0x0000, 0x0000, 0x0000, 0x0000,
    0x0000, 0x0000, 0x0000, 0x0000, 0x3186, 0xFFFF, 0xFFFF, 0x4208, 0x0000, 0x0000, 0x2104, 0xFFFF, 0xFFFF, 0xFFFF, 0xFFFF, 0xFFFF,
    0xFFFF, 0xFFFF, 0xFFFF, 0xFFFF, 0xFFFF, 0xFFFF, 0xFFFF, 0xFFFF, 0xFFFF, 0xFFFF, 0xFFFF, 0xFFFF, 0xFFFF, 0xFFFF, 0x528A, 0x0000,
    0x0000, 0x0000, 0x0000, 0x0000, 0x3186, 0xFFFF, 0xFFFF, 0x4208, 0x0000, 0x0000, 0x2104, 0xFFFF, 0xFFFF, 0xFFFF, 0xFFFF, 0xFFFF,
    0xFFFF, 0xFFFF, 0xFFFF, 0xFFFF, 0xFFFF, 0xFFFF, 0xFFFF, 0xFFFF, 0xFFFF, 0xFFFF, 0xFFFF, 0xFFFF, 0xFFFF, 0xFFFF, 0x528A, 0x0000,
    0x0000, 0x0000, 0x0000, 0x0000, 0x3186, 0xFFFF, 0xFFFF, 0x4208, 0x0000, 0x0000, 0x0841, 0x4208, 0x4208, 0x4208, 0x4208, 0x4208,
    0x4208, 0x4208, 0x4208, 0xBDD7, 0xFFFF, 0xDEFB, 0x4208, 0x4208, 0x4208, 0x4208, 0x4208, 0x4208, 0x4208, 0x4208, 0x10A2, 0x0000,
    0x0000, 0x0000, 0x0000, 0x0000, 0x3186, 0xFFFF, 0xFFFF, 0x4208, 0x0000, 0x0000, 0x0000, 0x0000, 0x0000, 0x0000, 0x0000, 0x0000,
    0x0000, 0x0000, 0x0000, 0xA514, 0xFFFF, 0xD69A, 0x0000, 0x0000, 0x0000, 0x0000, 0x0000, 0x0000, 0x0000, 0x0000, 0x0000, 0x0000,
    0x0000, 0x0000, 0x0000, 0x0000, 0x3186, 0xFFFF, 0xFFFF, 0x4208, 0x0000, 0x0000, 0x0000, 0x0000, 0x0000, 0x0000, 0x0000, 0x0000,
    0x0000, 0x0000, 0x0000, 0xA514, 0xFFFF, 0xD69A, 0x0000, 0x0000, 0x0000, 0x0000, 0x0000, 0x0000, 0x0000, 0x0000, 0x0000, 0x0000,
    0x0000, 0x0000, 0x0000, 0x0000, 0x3186, 0xFFFF, 0xFFFF, 0x4208, 0x0000, 0x0000, 0x0000, 0x0000, 0x0000, 0x0000, 0x0000, 0x0000,
    0x0000, 0x0000, 0x0000, 0xA514, 0xFFFF, 0xD69A, 0x0000, 0x0000, 0x0000, 0x0000, 0x0000, 0x0000, 0x0000, 0x0000, 0x0000, 0x0000,
    0x0000, 0x0000, 0x0000, 0x0000, 0x3186, 0xFFFF, 0xFFFF, 0x4208, 0x0000, 0x0000, 0x0000, 0x0000, 0x0000, 0x0000, 0x0000, 0x0000,
    0x0000, 0x0000, 0x0000, 0xA514, 0xFFFF, 0xD69A, 0x0000, 0x0000, 0x0000, 0x0000, 0x0000, 0x0000, 0x0000, 0x0000, 0x0000, 0x0000,
    0x0000, 0x0000, 0x0000, 0x0000, 0x3186, 0xFFFF, 0xFFFF, 0x4208, 0x0000, 0x630C, 0xFFFF, 0xFFFF, 0xFFFF, 0xFFFF, 0xFFFF, 0xFFFF,
    0xFFFF, 0xFFFF, 0xFFFF, 0xFFFF, 0xFFFF, 0xFFFF, 0xFFFF, 0xFFFF, 0xFFFF, 0xFFFF, 0xFFFF, 0xFFFF, 0xFFFF, 0xFFFF, 0xFFFF, 0x9492,
    0x0000, 0x0000, 0x0000, 0x0000, 0x3186, 0xFFFF, 0xFFFF, 0x4208, 0x0000, 0x630C, 0xFFFF, 0xFFFF, 0xFFFF, 0xFFFF, 0xFFFF, 0xFFFF,
    0xFFFF, 0xFFFF, 0xFFFF, 0xFFFF, 0xFFFF, 0xFFFF, 0xFFFF, 0xFFFF, 0xFFFF, 0xFFFF, 0xFFFF, 0xFFFF, 0xFFFF, 0xFFFF, 0xFFFF, 0x9492,
    0x0000, 0x0000, 0x0000, 0x0000, 0x3186, 0xFFFF, 0xFFFF, 0x4208, 0x0000, 0x18C3, 0x4208, 0x4208, 0x4208, 0x4208, 0x4208, 0x4208,
    0x4208, 0x4208, 0x4208, 0x4208, 0x4208, 0x4208, 0x4208, 0x4208, 0x4208, 0x4208, 0x4208, 0x4208, 0x4208, 0x4208, 0x4208, 0x2124,
    0x0000, 0x0000, 0x0000, 0x0000, 0x3186, 0xFFFF, 0xFFFF, 0x4208, 0x0000, 0x0000, 0x0000, 0x0000, 0x0000, 0x0000, 0x0000, 0x0000,
    0x0000, 0x0000, 0x0000, 0x0000, 0x0000, 0x0000, 0x0000, 0x0000, 0x0000, 0x0000, 0x0000, 0x0000, 0x0000, 0x0000, 0x0000, 0x0000,
};

// '快' (U+5FEB) 32x30
static const uint16_t cn_char_001[] PROGMEM = {
    0x0000, 0x0000, 0x0000, 0x0000, 0x3186, 0xFFFF, 0xFFFF, 0x2945, 0x0000, 0x0000, 0x0000, 0x0000, 0x0000, 0x0000, 0x0000, 0x0000,
    0x0000, 0x0000, 0xF79E, 0xFFFF, 0x8430, 0x0000, 0x0000, 0x0000, 0x0000, 0x0000, 0x0000, 0x0000, 0x0000, 0x0000, 0x0000, 0x0000,
    0x0000, 0x0000, 0x0000, 0x0000, 0x3186, 0xFFFF, 0xFFFF, 0x2945, 0x0000, 0x0000, 0x0000, 0x0000, 0x0000, 0x0000, 0x0000, 0x0000,
    0x0000, 0x0000, 0xF79E, 0xFFFF, 0x8430, 0x0000, 0x0000, 0x0000, 0x0000, 0x0000, 0x0000, 0x0000, 0x0000, 0x0000, 0x0000, 0x0000,
    0x0000, 0x0000, 0x0000, 0x0000, 0x3186, 0xFFFF, 0xFFFF, 0x2945, 0x0000, 0x0000, 0x0000, 0x0000, 0x0000, 0x0000, 0x0000, 0x0000,
    0x0000, 0x0000, 0xF79E, 0xFFFF, 0x8430, 0x0000, 0x0000, 0x0000, 0x0000, 0x0000, 0x0000, 0x0000, 0x0000, 0x0000, 0x0000, 0x0000,
    0x0000, 0x0000, 0x0000, 0x0000, 0x3186, 0xFFFF, 0xFFFF, 0x2945, 0x0000, 0x0000, 0x0000, 0x0000, 0x0000, 0x0000, 0x0000, 0x0000,
    0x0000, 0x0000, 0xF79E, 0xFFFF, 0x8410, 0x0000, 0x0000, 0x0000, 0x0000, 0x0000, 0x0000, 0x0000, 0x0000, 0x0000, 0x0000, 0x0000,
    0x0000, 0x0000, 0x0000, 0x0000, 0x3186, 0xFFFF, 0xFFFF, 0x2945, 0x0000, 0x0000, 0x0000, 0x0000, 0x0000, 0x0000, 0x0000, 0x0000,
    0x0000, 0x0000, 0xF79E, 0xFFFF, 0x8410, 0x0000, 0x0000, 0x0000, 0x0000, 0x0000, 0x0000, 0x0000, 0x0000, 0x0000, 0x0000, 0x0000,
    0x0000, 0x0000, 0x0000, 0x0000, 0x3186, 0xFFFF, 0xFFFF, 0x2945, 0x0000, 0x0000, 0x0000, 0x8410, 0xFFFF, 0xFFFF, 0xFFFF, 0xFFFF,
    0xFFFF, 0xFFFF, 0xFFFF, 0xFFFF, 0xFFFF, 0xFFFF, 0xFFFF, 0xFFFF, 0xFFFF, 0xFFFF, 0xFFFF, 0xFFFF, 0x2104, 0x0000, 0x0000, 0x0000,
    0x0000, 0x0000, 0x0000, 0x0000, 0x3186, 0xFFFF, 0xFFFF, 0x8C71, 0xC618, 0x1082, 0x0000, 0x8410, 0xFFFF, 0xFFFF, 0xFFFF, 0xFFFF,
    0xFFFF, 0xFFFF, 0xFFFF, 0xFFFF, 0xFFFF, 0xFFFF, 0xFFFF, 0xFFFF, 0xFFFF, 0xFFFF, 0xFFFF, 0xFFFF, 0x2104, 0x0000, 0x0000, 0x0000,
    0x0000, 0x4A49, 0xE73C, 0xA514, 0x3186, 0xFFFF, 0xFFFF, 0xB5B6, 0xFFFF, 0xCE79, 0x1082, 0x18E3, 0x39C7, 0x39C7, 0x39C7, 0x39C7,
    0x39C7, 0x39C7, 0xFFDF, 0xFFFF, 0x94B2, 0x39C7, 0x39C7, 0x39C7, 0x39C7, 0x73AE, 0xFFFF, 0xFFFF, 0x2104, 0x0000, 0x0000, 0x0000,
    0x0000, 0x738E, 0xFFFF, 0xB596, 0x3186, 0xFFFF, 0xFFFF, 0x2965, 0xC618, 0xFFFF, 0xC638, 0x0841, 0x0000, 0x0000, 0x0000, 0x0000,
    0x0000, 0x0000, 0xFFFF, 0xFFFF, 0x738E, 0x0000, 0x0000, 0x0000, 0x0000, 0x528A, 0xFFFF, 0xFFFF, 0x2104, 0x0000, 0x0000, 0x0000,
    0x0000, 0x9CD3, 0xFFFF, 0x8C51, 0x3186, 0xFFFF, 0xFFFF, 0x2945, 0x18C3, 0xEF7D, 0xFFFF, 0x9CF3, 0x0000, 0x0000, 0x0000, 0x0000,
    0x0000, 0x0020, 0xFFFF, 0xFFFF, 0x6B6D, 0x0000, 0x0000, 0x0000, 0x0000, 0x528A, 0xFFFF, 0xFFFF, 0x2104, 0x0000, 0x0000, 0x0000,
    0x0000, 0xC638, 0xFFFF, 0x630C, 0x3186, 0xFFFF, 0xFFFF, 0x2945, 0x0000, 0x528A, 0xAD75, 0x10A2, 0x0000, 0x0000, 0x0000, 0x0000,
    0x0000, 0x0861, 0xFFFF, 0xFFFF, 0x632C, 0x0000, 0x0000, 0x0000, 0x0000, 0x528A, 0xFFFF, 0xFFFF, 0x2104, 0x0000, 0x0000, 0x0000,
    0x0000, 0xF79E, 0xFFFF, 0x31A6, 0x3186, 0xFFFF, 0xFFFF, 0x2945, 0x0000, 0x0000, 0x0000, 0x0000, 0x0000, 0x0000, 0x0000, 0x0000,
    0x0000, 0x18C3, 0xFFFF, 0xFFFF, 0x5AEB, 0x0000, 0x0000, 0x0000, 0x0000, 0x528A, 0xFFFF, 0xFFFF, 0x2104, 0x0000, 0x0000, 0x0000,
    0x2124, 0xFFFF, 0xFFDF, 0x0020, 0x3186, 0xFFFF, 0xFFFF, 0x2945, 0x0000, 0x0000, 0x0000, 0x0000, 0x0000, 0x0000, 0x0000, 0x0000,
    0x0000, 0x2124, 0xFFFF, 0xFFFF, 0x52AA, 0x0000, 0x0000, 0x0000, 0x0000, 0x528A, 0xFFFF, 0xFFFF, 0x2104, 0x0000, 0x0000, 0x0000,
    0x5AEB, 0xFFFF, 0xCE79, 0x0000, 0x3186, 0xFFFF, 0xFFFF, 0x2945, 0x0000, 0x0000, 0x0000, 0x0000, 0x0000, 0x0000, 0x0000, 0x0000,
    0x0000, 0x3186, 0xFFFF, 0xFFFF, 0x4228, 0x0000, 0x0000, 0x0000, 0x0000, 0x528A, 0xFFFF, 0xFFFF, 0x2104, 0x0000, 0x0000, 0x0000,
    0x4A69, 0xC618, 0x9492, 0x0000, 0x3186, 0xFFFF, 0xFFFF, 0x2945, 0x0000, 0x0000, 0x0000, 0x0000, 0x0000, 0x0000, 0x0000, 0x0000,
    0x0000, 0x4228, 0xFFFF, 0xFFFF, 0x39C7, 0x0000, 0x0000, 0x0000, 0x0000, 0x528A, 0xFFFF, 0xFFFF, 0x2104, 0x0000, 0x0000, 0x0000,
    0x0000, 0x0000, 0x0000, 0x0000, 0x3186, 0xFFFF, 0xFFFF, 0x2945, 0x0000, 0xA514, 0xFFFF, 0xFFFF, 0xFFFF, 0xFFFF, 0xFFFF, 0xFFFF,
    0xFFFF, 0xFFFF, 0xFFFF, 0xFFFF, 0xFFFF, 0xFFFF, 0xFFFF, 0xFFFF, 0xFFFF, 0xFFFF, 0xFFFF, 0xFFFF, 0xFFFF, 0xFFFF, 0xFFFF, 0x3186,
    0x0000, 0x0000, 0x0000, 0x0000, 0x3186, 0xFFFF, 0xFFFF, 0x2945, 0x0000, 0xA514, 0xFFFF, 0xFFFF, 0xFFFF, 0xFFFF, 0xFFFF, 0xFFFF,
    0xFFFF, 0xFFFF, 0xFFFF, 0xFFFF, 0xFFFF, 0xFFFF, 0xFFFF, 0xFFFF, 0xFFFF, 0xFFFF, 0xFFFF, 0xFFFF, 0xFFFF, 0xFFFF, 0xFFFF, 0x3186,
    0x0000, 0x0000, 0x0000, 0x0000, 0x3186, 0xFFFF, 0xFFFF, 0x2945, 0x0000, 0x2104, 0x39C7, 0x39C7, 0x39C7, 0x39C7, 0x39C7, 0x39C7,
    0x39C7, 0xCE79, 0xFFFF, 0xFFFF, 0xFFFF, 0x632C, 0x39C7, 0x39C7, 0x39C7, 0x39C7, 0x39C7, 0x39C7, 0x39C7, 0x39C7, 0x39C7, 0x0841,
    0x0000, 0x0000, 0x0000, 0x0000, 0x3186, 0xFFFF, 0xFFFF, 0x2945, 0x0000, 0x0000, 0x0000, 0x0000, 0x0000, 0x0000, 0x0000, 0x0000,
    0x0841, 0xF7BE, 0xFFFF, 0xF79E, 0xFFFF, 0x94B2, 0x0000, 0x0000, 0x0000, 0x0000, 0x0000, 0x0000, 0x0000, 0x0000, 0x0000, 0x0000,
    0x0000, 0x0000, 0x0000, 0x0000, 0x3186, 0xFFFF, 0xFFFF, 0x2945, 0x0000, 0x0000, 0x0000, 0x0000, 0x0000, 0x0000, 0x0000, 0x0000,
    0x632C, 0xFFFF, 0xFFDF, 0x632C, 0xFFFF, 0xF7BE, 0x18C3, 0x0000, 0x0000, 0x0000, 0x0000, 0x0000, 0x0000, 0x0000, 0x0000, 0x0000,
    0x0000, 0x0000, 0x0000, 0x0000, 0x3186, 0xFFFF, 0xFFFF, 0x2945, 0x0000, 0x0000, 0x0000, 0x0000, 0x0000, 0x0000, 0x0000, 0x0020,
    0xDEDB, 0xFFFF, 0xB596, 0x0020, 0xE73C, 0xFFFF, 0x9CD3, 0x0000, 0x0000, 0x0000, 0x0000, 0x0000, 0x0000, 0x0000, 0x0000, 0x0000,
    0x0000, 0x0000, 0x0000, 0x0000, 0x3186, 0xFFFF, 0xFFFF, 0x2945, 0x0000, 0x0000, 0x0000, 0x0000, 0x0000, 0x0000, 0x0000, 0x6B6D,
    0xFFFF, 0xFFFF, 0x39E7, 0x0000, 0x6B6D, 0xFFFF, 0xFFFF, 0x4208, 0x0000, 0x0000, 0x0000, 0x0000, 0x0000, 0x0000, 0x0000, 0x0000,
    0x0000, 0x0000, 0x0000, 0x0000, 0x3186, 0xFFFF, 0xFFFF, 0x2945, 0x0000, 0x0000, 0x0000, 0x0000, 0x0000, 0x0000, 0x2945, 0xF7BE,
    0xFFFF, 0xBDD7, 0x0000, 0x0000, 0x0020, 0xDEDB, 0xFFFF, 0xE71C, 0x18C3, 0x0000, 0x0000, 0x0000, 0x0000, 0x0000, 0x0000, 0x0000,
    0x0000, 0x0000, 0x0000, 0x0000, 0x3186, 0xFFFF, 0xFFFF, 0x2945, 0x0000, 0x0000, 0x0000, 0x0000, 0x0000, 0x1082, 0xD6BA, 0xFFFF,
    0xF7BE, 0x2124, 0x0000, 0x0000, 0x0000, 0x4208, 0xFFFF, 0xFFFF, 0xCE79, 0x0861, 0x0000, 0x0000, 0x0000, 0x0000, 0x0000, 0x0000,
    0x0000, 0x0000, 0x0000, 0x0000, 0x3186, 0xFFFF, 0xFFFF, 0x2945, 0x0000, 0x0000, 0x0000, 0x0000, 0x1082, 0xCE59, 0xFFFF, 0xFFFF,
    0x632C, 0x0000, 0x0000, 0x0000, 0x0000, 0x0000, 0x8430, 0xFFFF, 0xFFFF, 0xCE79, 0x10A2, 0x0000, 0x0000, 0x0000, 0x0000, 0x0000,
    0x0000, 0x0000, 0x0000, 0x0000, 0x3186, 0xFFFF, 0xFFFF, 0x2945, 0x0000, 0x0000, 0x0000, 0x18E3, 0xD69A, 0xFFFF, 0xFFFF, 0x94B2,
    0x0000, 0x0000, 0x0000, 0x0000, 0x0000, 0x0000, 0x0000, 0xAD75, 0xFFFF, 0xFFFF, 0xE71C, 0x31A6, 0x0000, 0x0000, 0x0000, 0x0000,
    0x0000, 0x0000, 0x0000, 0x0000, 0x3186, 0xFFFF, 0xFFFF, 0x2945, 0x0000, 0x0000, 0x4228, 0xEF5D, 0xFFFF, 0xFFFF, 0xA514, 0x0000,
    0x0000, 0x0000, 0x0000, 0x0000, 0x0000, 0x0000, 0x0000, 0x0020, 0xBDD7, 0xFFFF, 0xFFFF, 0xFFDF, 0x8C51, 0x0841, 0x0000, 0x0000,
    0x0000, 0x0000, 0x0000, 0x0000, 0x3186, 0xFFFF, 0xFFFF, 0x2945, 0x0861, 0x94B2, 0xFFFF, 0xFFFF, 0xFFFF, 0x9492, 0x0000, 0x0000,
    0x0000, 0x0000, 0x0000, 0x0000, 0x0000, 0x0000, 0x0000, 0x0000, 0x0020, 0xA514, 0xFFFF, 0xFFFF, 0xFFFF, 0xE73C, 0x6B4D, 0x0000,
    0x0000, 0x0000, 0x0000, 0x0000, 0x3186, 0xFFFF, 0xFFFF, 0x2945, 0x4A49, 0xFFDF, 0xFFFF, 0xF7BE, 0x630C, 0x0000, 0x0000, 0x0000,
    0x0000, 0x0000, 0x0000, 0x0000, 0x0000, 0x0000, 0x0000, 0x0000, 0x0000, 0x0000, 0x6B4D, 0xF7BE, 0xFFFF, 0xFFFF, 0x5AEB, 0x0000,
    0x0000, 0x0000, 0x0000, 0x0000, 0x3186, 0xFFFF, 0xFFFF, 0x2945, 0x0000, 0x4A69, 0xC618, 0x2124, 0x0000, 0x0000, 0x0000, 0x0000,
    0x0000, 0x0000, 0x0000, 0x0000, 0x0000, 0x0000, 0x0000, 0x0000, 0x0000, 0x0000, 0x0000, 0x2124, 0xBDD7, 0x632C, 0x0000, 0x0000,
};

// '学' (U+5B66) 32x30
static const uint16_t cn_char_002[] PROGMEM = {
    0x0000, 0x0000, 0x0000, 0x0000, 0x0000, 0x0000, 0x0000, 0x0000, 0x0000, 0x0000, 0x0000, 0x0000, 0x0000, 0x4A49, 0xCE79, 0x2945,
    0x0000, 0x0000, 0x0000, 0x0000, 0x0000, 0x0000, 0x0000, 0x0000, 0x0000, 0x0000, 0x0000, 0x0000, 0x0000, 0x0000, 0x0000, 0x0000,
    0x0000, 0x0000, 0x0000, 0x0000, 0x0020, 0x9492, 0x8430, 0x0000, 0x0000, 0x0000, 0x0000, 0x0000, 0x18C3, 0xF79E, 0xFFFF, 0xD6BA,
    0x0861, 0x0000, 0x0000, 0x0000, 0x0000, 0x0000, 0x0000, 0x0000, 0x1082, 0xC618, 0x4228, 0x0000, 0x0000, 0x0000, 0x0000, 0x0000,
    0x0000, 0x0000, 0x0000, 0x0000, 0x7BEF, 0xFFFF, 0xFFFF, 0x632C, 0x0000, 0x0000, 0x0000, 0x0000, 0x0000, 0x5AEB, 0xFFFF, 0xFFFF,
    0xAD55, 0x0000, 0x0000, 0x0000, 0x0000, 0x0000, 0x0000, 0x0020, 0xBDF7, 0xFFFF, 0xFFFF, 0x632C, 0x0000, 0x0000, 0x0000, 0x0000,
    0x0000, 0x0000, 0x0000, 0x0000, 0x0841, 0xCE79, 0xFFFF, 0xFFFF, 0x4208, 0x0000, 0x0000, 0x0000, 0x0000, 0x0000, 0xA514, 0xFFFF,
    0xFFFF, 0x630C, 0x0000, 0x0000, 0x0000, 0x0000, 0x0000, 0xA534, 0xFFFF, 0xFFFF, 0xD6BA, 0x10A2, 0x0000, 0x0000, 0x0000, 0x0000,
    0x0000, 0x0000, 0x0000, 0x0000, 0x0000, 0x18E3, 0xEF7D, 0xFFFF, 0xEF7D, 0x18E3, 0x0000, 0x0000, 0x0000, 0x0000, 0x1082, 0xEF5D,
    0xFFFF, 0xEF7D, 0x0861, 0x0000, 0x0000, 0x0000, 0x9CF3, 0xFFFF, 0xFFFF, 0xD6BA, 0x10A2, 0x0000, 0x0000, 0x0000, 0x0000, 0x0000,
    0x0000, 0x0000, 0x0000, 0x0000, 0x0000, 0x0000, 0x52AA, 0xFFFF, 0xFFFF, 0x9492, 0x0000, 0x0000, 0x0000, 0x0000, 0x0000, 0x528A,
    0xB5B6, 0x2945, 0x0000, 0x0000, 0x0000, 0x2965, 0xF7BE, 0xFFFF, 0xD6BA, 0x10A2, 0x0000, 0x0000, 0x0000, 0x0000, 0x0000, 0x0000,
    0x0000, 0x0000, 0x0000, 0x0000, 0x0000, 0x0000, 0x0000, 0x9CD3, 0x738E, 0x0000, 0x0000, 0x0000, 0x0000, 0x0000, 0x0000, 0x0000,
    0x0000, 0x0000, 0x0000, 0x0000, 0x0000, 0x0000, 0x39C7, 0xC618, 0x10A2, 0x0000, 0x0000, 0x0000, 0x0000, 0x0000, 0x0000, 0x0000,
    0x0000, 0x39C7, 0xFFFF, 0xFFFF, 0xFFFF, 0xFFFF, 0xFFFF, 0xFFFF, 0xFFFF, 0xFFFF, 0xFFFF, 0xFFFF, 0xFFFF, 0xFFFF, 0xFFFF, 0xFFFF,
    0xFFFF, 0xFFFF, 0xFFFF, 0xFFFF, 0xFFFF, 0xFFFF, 0xFFFF, 0xFFFF, 0xFFFF, 0xFFFF, 0xFFFF, 0xFFFF, 0xFFFF, 0xFFFF, 0x4A49, 0x0000,
    0x0000, 0x39C7, 0xFFFF, 0xFFFF, 0xFFFF, 0xFFFF, 0xFFFF, 0xFFFF, 0xFFFF, 0xFFFF, 0xFFFF, 0xFFFF, 0xFFFF, 0xFFFF, 0xFFFF, 0xFFFF,
    0xFFFF, 0xFFFF, 0xFFFF, 0xFFFF, 0xFFFF, 0xFFFF, 0xFFFF, 0xFFFF, 0xFFFF, 0xFFFF, 0xFFFF, 0xFFFF, 0xFFFF, 0xFFFF, 0x4A49, 0x0000,
    0x0000, 0x39C7, 0xFFFF, 0xFFFF, 0x73AE, 0x4A49, 0x4A49, 0x4A49, 0x4A49, 0x4A49, 0x4A49, 0x4A49, 0x4A49, 0x4A49, 0x4A49, 0x4A49,
    0x4A49, 0x4A49, 0x4A49, 0x4A49, 0x4A49, 0x4A49, 0x4A49, 0x4A49, 0x4A49, 0x4A49, 0x4A49, 0x6B4D, 0xFFFF, 0xFFFF, 0x4A49, 0x0000,
    0x0000, 0x39C7, 0xFFFF, 0xFFFF, 0x4208, 0x0000, 0x0000, 0x0000, 0x0000, 0x0000, 0x0000, 0x0000, 0x0000, 0x0000, 0x0000, 0x0000,
    0x0000, 0x0000, 0x0000, 0x0000, 0x0000, 0x0000, 0x0000, 0x0000, 0x0000, 0x0000, 0x0000, 0x3186, 0xFFFF, 0xFFFF, 0x4A49, 0x0000,
    0x0000, 0x39C7, 0xFFFF, 0xFFFF, 0x4208, 0x0000, 0x0000, 0x0000, 0x0000, 0x0000, 0x0000, 0x0000, 0x0000, 0x0000, 0x0000, 0x0000,
    0x0000, 0x0000, 0x0000, 0x0000, 0x0000, 0x0000, 0x0000, 0x0000, 0x0000, 0x0000, 0x0000, 0x3186, 0xFFFF, 0xFFFF, 0x4A49, 0x0000,
    0x0000, 0x39C7, 0xFFFF, 0xFFFF, 0x4208, 0x0000, 0x630C, 0xFFFF, 0xFFFF, 0xFFFF, 0xFFFF, 0xFFFF, 0xFFFF, 0xFFFF, 0xFFFF, 0xFFFF,
    0xFFFF, 0xFFFF, 0xFFFF, 0xFFFF, 0xFFFF, 0xFFFF, 0xFFFF, 0xFFFF, 0xFFDF, 0x0000, 0x0000, 0x3186, 0xFFFF, 0xFFFF, 0x4A49, 0x0000,
    0x0000, 0x0000, 0x0000, 0x0000, 0x0000, 0x0000, 0x630C, 0xFFFF, 0xFFFF, 0xFFFF, 0xFFFF, 0xFFFF, 0xFFFF, 0xFFFF, 0xFFFF, 0xFFFF,
    0xFFFF, 0xFFFF, 0xFFFF, 0xFFFF, 0xFFFF, 0xFFFF, 0xFFFF, 0xFFFF, 0xFFDF, 0x0000, 0x0000, 0x0000, 0x0000, 0x0000, 0x0000, 0x0000,
    0x0000, 0x0000, 0x0000, 0x0000, 0x0000, 0x0000, 0x18C3, 0x4A49, 0x4A49, 0x4A49, 0x4A49, 0x4A49, 0x4A49, 0x4A49, 0x4A49, 0x4A49,
    0x4A49, 0x4A49, 0x4A49, 0x4A49, 0xA514, 0xFFDF, 0xFFFF, 0xFFFF, 0xD69A, 0x0000, 0x0000, 0x0000, 0x0000, 0x0000, 0x0000, 0x0000,
    0x0000, 0x0000, 0x0000, 0x0000, 0x0000, 0x0000, 0x0000, 0x0000, 0x0000, 0x0000, 0x0000, 0x0000, 0x0000, 0x0000, 0x0000, 0x0000,
    0x0000, 0x0861, 0x6B6D, 0xE71C, 0xFFFF, 0xFFFF, 0xD69A, 0x52AA, 0x0000, 0x0000, 0x0000, 0x0000, 0x0000, 0x0000, 0x0000, 0x0000,
    0x0000, 0x0000, 0x0000, 0x0000, 0x0000, 0x0000, 0x0000, 0x0000, 0x0000, 0x0000, 0x0000, 0x0000, 0x0000, 0x0000, 0x0000, 0x18C3,
    0x8430, 0xEF7D, 0xFFFF, 0xFFFF, 0xCE59, 0x4A69, 0x0000, 0x0000, 0x0000, 0x0000, 0x0000, 0x0000, 0x0000, 0x0000, 0x0000, 0x0000,
    0x0000, 0x0000, 0x0000, 0x0000, 0x0000, 0x0000, 0x0000, 0x0000, 0x0000, 0x0000, 0x0000, 0x0000, 0x0000, 0x0000, 0x0000, 0xAD55,
    0xFFFF, 0xFFFF, 0xC618, 0x4228, 0x0000, 0x0000, 0x0000, 0x0000, 0x0000, 0x0000, 0x0000, 0x0000, 0x0000, 0x0000, 0x0000, 0x0000,
    0x0000, 0x0000, 0x0000, 0x0000, 0x0000, 0x0000, 0x0000, 0x0000, 0x0000, 0x0000, 0x0000, 0x0000, 0x0000, 0x0000, 0x0000, 0xAD55,
    0xFFFF, 0xE71C, 0x0000, 0x0000, 0x0000, 0x0000, 0x0000, 0x0000, 0x0000, 0x0000, 0x0000, 0x0000, 0x0000, 0x0000, 0x0000, 0x0000,
    0x4A49, 0xFFFF, 0xFFFF, 0xFFFF, 0xFFFF, 0xFFFF, 0xFFFF, 0xFFFF, 0xFFFF, 0xFFFF, 0xFFFF, 0xFFFF, 0xFFFF, 0xFFFF, 0xFFFF, 0xFFFF,
    0xFFFF, 0xFFFF, 0xFFFF, 0xFFFF, 0xFFFF, 0xFFFF, 0xFFFF, 0xFFFF, 0xFFFF, 0xFFFF, 0xFFFF, 0xFFFF, 0xFFFF, 0xFFFF, 0xFFFF, 0x528A,
    0x4A49, 0xFFFF, 0xFFFF, 0xFFFF, 0xFFFF, 0xFFFF, 0xFFFF, 0xFFFF, 0xFFFF, 0xFFFF, 0xFFFF, 0xFFFF, 0xFFFF, 0xFFFF, 0xFFFF, 0xFFFF,
    0xFFFF, 0xFFFF, 0xFFFF, 0xFFFF, 0xFFFF, 0xFFFF, 0xFFFF, 0xFFFF, 0xFFFF, 0xFFFF, 0xFFFF, 0xFFFF, 0xFFFF, 0xFFFF, 0xFFFF, 0x528A,
    0x10A2, 0x4A49, 0x4A49, 0x4A49, 0x4A49, 0x4A49, 0x4A49, 0x4A49, 0x4A49, 0x4A49, 0x4A49, 0x4A49, 0x4A49, 0x4A49, 0x4A49, 0xC618,
    0xFFFF, 0xEF5D, 0x4A49, 0x4A49, 0x4A49, 0x4A49, 0x4A49, 0x4A49, 0x4A49, 0x4A49, 0x4A49, 0x4A49, 0x4A49, 0x4A49, 0x4A49, 0x10A2,
    0x0000, 0x0000, 0x0000, 0x0000, 0x0000, 0x0000, 0x0000, 0x0000, 0x0000, 0x0000, 0x0000, 0x0000, 0x0000, 0x0000, 0x0000, 0xAD55,
    0xFFFF, 0xE71C, 0x0000, 0x0000, 0x0000, 0x0000, 0x0000, 0x0000, 0x0000, 0x0000, 0x0000, 0x0000, 0x0000, 0x0000, 0x0000, 0x0000,
    0x0000, 0x0000, 0x0000, 0x0000, 0x0000, 0x0000, 0x0000, 0x0000, 0x0000, 0x0000, 0x0000, 0x0000, 0x0000, 0x0000, 0x0000, 0xAD55,
    0xFFFF, 0xE71C, 0x0000, 0x0000, 0x0000, 0x0000, 0x0000, 0x0000, 0x0000, 0x0000, 0x0000, 0x0000, 0x0000, 0x0000, 0x0000, 0x0000,
    0x0000, 0x0000, 0x0000, 0x0000, 0x0000, 0x0000, 0x0000, 0x0000, 0x0000, 0x0000, 0x0000, 0x0000, 0x0000, 0x0000, 0x0000, 0xAD55,
    0xFFFF, 0xE71C, 0x0000, 0x0000, 0x0000, 0x0000, 0x0000, 0x0000, 0x0000, 0x0000, 0x0000, 0x0000, 0x0000, 0x0000, 0x0000, 0x0000,
    0x0000, 0x0000, 0x0000, 0x0000, 0x0000, 0x0000, 0x0000, 0x0000, 0x0000, 0x0000, 0x0000, 0x0000, 0x0000, 0x0000, 0x0000, 0xAD75,
    0xFFFF, 0xDEFB, 0x0000, 0x0000, 0x0000, 0x0000, 0x0000, 0x0000, 0x0000, 0x0000, 0x0000, 0x0000, 0x0000, 0x0000, 0x0000, 0x0000,
    0x0000, 0x0000, 0x0000, 0x0000, 0x0000, 0x0000, 0x0000, 0x0000, 0x0000, 0x0000, 0x0000, 0x0000, 0x0000, 0x0000, 0x2965, 0xEF7D,
    0xFFFF, 0xC638, 0x0000, 0x0000, 0x0000, 0x0000, 0x0000, 0x0000, 0x0000, 0x0000, 0x0000, 0x0000, 0x0000, 0x0000, 0x0000, 0x0000,
    0x0000, 0x0000, 0x0000, 0x0000, 0x0000, 0x0000, 0x0000, 0x0000, 0x0000, 0xF7BE, 0xFFFF, 0xFFFF, 0xFFFF, 0xFFFF, 0xFFFF, 0xFFFF,
    0xFFFF, 0x8C71, 0x0000, 0x0000, 0x0000, 0x0000, 0x0000, 0x0000, 0x0000, 0x0000, 0x0000, 0x0000, 0x0000, 0x0000, 0x0000, 0x0000,
    0x0000, 0x0000, 0x0000, 0x0000, 0x0000, 0x0000, 0x0000, 0x0000, 0x0000, 0xCE79, 0xFFFF, 0xFFFF, 0xFFFF, 0xFFFF, 0xFFFF, 0xFFFF,
    0xCE59, 0x1082, 0x0000, 0x0000, 0x0000, 0x0000, 0x0000, 0x0000, 0x0000, 0x0000, 0x0000, 0x0000, 0x0000, 0x0000, 0x0000, 0x0000,
    0x0000, 0x0000, 0x0000, 0x0000, 0x0000, 0x0000, 0x0000, 0x0000, 0x0000, 0x4228, 0x632C, 0x6B4D, 0x6B6D, 0x6B6D, 0x630C, 0x39E7,
    0x0000, 0x0000, 0x0000, 0x0000, 0x0000, 0x0000, 0x0000, 0x0000, 0x0000, 0x0000, 0x0000, 0x0000, 0x0000, 0x0000, 0x0000, 0x0000,
};

// '习' (U+4E60) 32x29
static const uint16_t cn_char_003[] PROGMEM = {
    0x0000, 0x0000, 0x8410, 0xFFFF, 0xFFFF, 0xFFFF, 0xFFFF, 0xFFFF, 0xFFFF, 0xFFFF, 0xFFFF, 0xFFFF, 0xFFFF, 0xFFFF, 0xFFFF, 0xFFFF,
    0xFFFF, 0xFFFF, 0xFFFF, 0xFFFF, 0xFFFF, 0xFFFF, 0xFFFF, 0xFFFF, 0xFFFF, 0xFFFF, 0xFFFF, 0xFFFF, 0x9CF3, 0x0000, 0x0000, 0x0000,
    0x0000, 0x0000, 0x8410, 0xFFFF, 0xFFFF, 0xFFFF, 0xFFFF, 0xFFFF, 0xFFFF, 0xFFFF, 0xFFFF, 0xFFFF, 0xFFFF, 0xFFFF, 0xFFFF, 0xFFFF,
    0xFFFF, 0xFFFF, 0xFFFF, 0xFFFF, 0xFFFF, 0xFFFF, 0xFFFF, 0xFFFF, 0xFFFF, 0xFFFF, 0xFFFF, 0xFFFF, 0x94B2, 0x0000, 0x0000, 0x0000,
    0x0000, 0x0000, 0x4A49, 0x9492, 0x9492, 0x9492, 0x9492, 0x9492, 0x9492, 0x9492, 0x9492, 0x9492, 0x9492, 0x9492, 0x9492, 0x9492,
    0x9492, 0x9492, 0x9492, 0x9492, 0x9492, 0x9492, 0x9492, 0x9492, 0x9492, 0xA514, 0xFFFF, 0xFFFF, 0x9492, 0x0000, 0x0000, 0x0000,
    0x0000, 0x0000, 0x0000, 0x0000, 0x0000, 0x0000, 0x0000, 0x0000, 0x0000, 0x0000, 0x0000, 0x0000, 0x0000, 0x0000, 0x0000, 0x0000,
    0x0000, 0x0000, 0x0000, 0x0000, 0x0000, 0x0000, 0x0000, 0x0000, 0x0000, 0x2965, 0xFFFF, 0xFFFF, 0x8C71, 0x0000, 0x0000, 0x0000,
    0x0000, 0x0000, 0x0000, 0x0000, 0x0000, 0x0000, 0x0000, 0x0000, 0x0000, 0x0000, 0x0000, 0x0000, 0x0000, 0x0000, 0x0000, 0x0000,
    0x0000, 0x0000, 0x0000, 0x0000, 0x0000, 0x0000, 0x0000, 0x0000, 0x0000, 0x3186, 0xFFFF, 0xFFFF, 0x8430, 0x0000, 0x0000, 0x0000,
    0x0000, 0x0000, 0x0000, 0x0000, 0x0000, 0x0000, 0x630C, 0xBDF7, 0x39C7, 0x0000, 0x0000, 0x0000, 0x0000, 0x0000, 0x0000, 0x0000,
    0x0000, 0x0000, 0x0000, 0x0000, 0x0000, 0x0000, 0x0000, 0x0000, 0x0000, 0x31A6, 0xFFFF, 0xFFFF, 0x8410, 0x0000, 0x0000, 0x0000,
    0x0000, 0x0000, 0x0000, 0x0000, 0x0000, 0x18E3, 0xF7BE, 0xFFFF, 0xFFFF, 0xB5B6, 0x3186, 0x0000, 0x0000, 0x0000, 0x0000, 0x0000,
    0x0000, 0x0000, 0x0000, 0x0000, 0x0000, 0x0000, 0x0000, 0x0000, 0x0000, 0x39C7, 0xFFFF, 0xFFFF, 0x7BCF, 0x0000, 0x0000, 0x0000,
    0x0000, 0x0000, 0x0000, 0x0000, 0x0000, 0x0000, 0x39E7, 0xC638, 0xFFFF, 0xFFFF, 0xFFFF, 0xA534, 0x2104, 0x0000, 0x0000, 0x0000,
    0x0000, 0x0000, 0x0000, 0x0000, 0x0000, 0x0000, 0x0000, 0x0000, 0x0000, 0x39E7, 0xFFFF, 0xFFFF, 0x73AE, 0x0000, 0x0000, 0x0000,
    0x0000, 0x0000, 0x0000, 0x0000, 0x0000, 0x0000, 0x0000, 0x0000, 0x528A, 0xDEFB, 0xFFFF, 0xFFFF, 0xFFDF, 0x9492, 0x1082, 0x0000,
    0x0000, 0x0000, 0x0000, 0x0000, 0x0000, 0x0000, 0x0000, 0x0000, 0x0000, 0x4208, 0xFFFF, 0xFFFF, 0x6B6D, 0x0000, 0x0000, 0x0000,
    0x0000, 0x0000, 0x0000, 0x0000, 0x0000, 0x0000, 0x0000, 0x0000, 0x0000, 0x0020, 0x73AE, 0xF79E, 0xFFFF, 0xFFFF, 0xF79E, 0x73AE,
    0x0020, 0x0000, 0x0000, 0x0000, 0x0000, 0x0000, 0x0000, 0x0000, 0x0000, 0x4A49, 0xFFFF, 0xFFFF, 0x6B4D, 0x0000, 0x0000, 0x0000,
    0x0000, 0x0000, 0x0000, 0x0000, 0x0000, 0x0000, 0x0000, 0x0000, 0x0000, 0x0000, 0x0000, 0x18C3, 0xA514, 0xFFFF, 0xFFFF, 0xFFFF,
    0xDEDB, 0x4A49, 0x0000, 0x0000, 0x0000, 0x0000, 0x0000, 0x0000, 0x0000, 0x4A69, 0xFFFF, 0xFFFF, 0x630C, 0x0000, 0x0000, 0x0000,
    0x0000, 0x0000, 0x0000, 0x0000, 0x0000, 0x0000, 0x0000, 0x0000, 0x0000, 0x0000, 0x0000, 0x0000, 0x0000, 0x39E7, 0xD69A, 0xFFFF,
    0xFFFF, 0x630C, 0x0000, 0x0000, 0x0000, 0x0000, 0x0000, 0x0000, 0x0000, 0x528A, 0xFFFF, 0xFFFF, 0x5ACB, 0x0000, 0x0000, 0x0000,
    0x0000, 0x0000, 0x0000, 0x0000, 0x0000, 0x0000, 0x0000, 0x0000, 0x0000, 0x0000, 0x0000, 0x0000, 0x0000, 0x0000, 0x0020, 0x73AE,
    0xAD55, 0x0000, 0x0000, 0x0000, 0x0000, 0x0000, 0x0000, 0x0000, 0x0000, 0x5ACB, 0xFFFF, 0xFFFF, 0x528A, 0x0000, 0x0000, 0x0000,
    0x0000, 0x0000, 0x0000, 0x0000, 0x0000, 0x0000, 0x0000, 0x0000, 0x0000, 0x0000, 0x0000, 0x0000, 0x0000, 0x0000, 0x0000, 0x0000,
    0x0000, 0x0000, 0x0000, 0x0000, 0x0020, 0x4A49, 0xAD55, 0x630C, 0x0000, 0x630C, 0xFFFF, 0xFFFF, 0x4A69, 0x0000, 0x0000, 0x0000,
    0x0000, 0x0000, 0x0000, 0x0000, 0x0000, 0x0000, 0x0000, 0x0000, 0x0000, 0x0000, 0x0000, 0x0000, 0x0000, 0x0000, 0x0000, 0x0000,
    0x0000, 0x0000, 0x31A6, 0x9492, 0xEF5D, 0xFFFF, 0xFFFF, 0x632C, 0x0000, 0x6B4D, 0xFFFF, 0xFFFF, 0x4228, 0x0000, 0x0000, 0x0000,
    0x0000, 0x0000, 0x0000, 0x0000, 0x0000, 0x0000, 0x0000, 0x0000, 0x0000, 0x0000, 0x0000, 0x0000, 0x0000, 0x0000, 0x0000, 0x2945,
    0x8410, 0xDEDB, 0xFFFF, 0xFFFF, 0xFFFF, 0xFFFF, 0xFFDF, 0x52AA, 0x0000, 0x6B6D, 0xFFFF, 0xFFFF, 0x39E7, 0x0000, 0x0000, 0x0000,
    0x0000, 0x0000, 0x0000, 0x0000, 0x0000, 0x0000, 0x0000, 0x0000, 0x0000, 0x0000, 0x0000, 0x0000, 0x2124, 0x7BCF, 0xD69A, 0xFFFF,
    0xFFFF, 0xFFFF, 0xFFFF, 0xFFFF, 0xBDF7, 0x632C, 0x1082, 0x0000, 0x0000, 0x7BCF, 0xFFFF, 0xFFFF, 0x3186, 0x0000, 0x0000, 0x0000,
    0x0000, 0x0000, 0x0000, 0x0000, 0x0000, 0x0000, 0x0000, 0x0000, 0x0000, 0x2124, 0x7BCF, 0xCE79, 0xFFFF, 0xFFFF, 0xFFFF, 0xFFFF,
    0xFFFF, 0xCE59, 0x6B6D, 0x18C3, 0x0000, 0x0000, 0x0000, 0x0000, 0x0000, 0x8410, 0xFFFF, 0xFFFF, 0x2945, 0x0000, 0x0000, 0x0000,
    0x0000, 0x0000, 0x0000, 0x0000, 0x0000, 0x0000, 0x2965, 0x7BEF, 0xD69A, 0xFFFF, 0xFFFF, 0xFFFF, 0xFFFF, 0xFFFF, 0xD6BA, 0x7BEF,
    0x2104, 0x0000, 0x0000, 0x0000, 0x0000, 0x0000, 0x0000, 0x0000, 0x0000, 0x8C51, 0xFFFF, 0xFFFF, 0x2104, 0x0000, 0x0000, 0x0000,
    0x0000, 0x0000, 0x0000, 0x39C7, 0x8C51, 0xDEDB, 0xFFFF, 0xFFFF, 0xFFFF, 0xFFFF, 0xFFFF, 0xE71C, 0x8C51, 0x3186, 0x0000, 0x0000,
    0x0000, 0x0000, 0x0000, 0x0000, 0x0000, 0x0000, 0x0000, 0x0000, 0x0000, 0x94B2, 0xFFFF, 0xFFFF, 0x10A2, 0x0000, 0x0000, 0x0000,
    0x0000, 0x0861, 0xE73C, 0xFFFF, 0xFFFF, 0xFFFF, 0xFFFF, 0xFFFF, 0xEF7D, 0x9CD3, 0x4208, 0x0000, 0x0000, 0x0000, 0x0000, 0x0000,
    0x0000, 0x0000, 0x0000, 0x0000, 0x0000, 0x0000, 0x0000, 0x0000, 0x0000, 0xA534, 0xFFFF, 0xFFFF, 0x0841, 0x0000, 0x0000, 0x0000,
    0x0000, 0x0000, 0xC618, 0xFFFF, 0xFFFF, 0xF7BE, 0xAD75, 0x528A, 0x0020, 0x0000, 0x0000, 0x0000, 0x0000, 0x0000, 0x0000, 0x0000,
    0x0000, 0x0000, 0x0000, 0x0000, 0x0000, 0x0000, 0x0000, 0x0000, 0x0000, 0xC638, 0xFFFF, 0xF7BE, 0x0000, 0x0000, 0x0000, 0x0000,
    0x0000, 0x0000, 0x632C, 0xBDF7, 0x630C, 0x0861, 0x0000, 0x0000, 0x0000, 0x0000, 0x0000, 0x0000, 0x0000, 0x0000, 0x0000, 0x0000,
    0x0000, 0x0000, 0x0000, 0x0000, 0x0000, 0x0000, 0x0000, 0x0000, 0x0861, 0xF7BE, 0xFFFF, 0xD6BA, 0x0000, 0x0000, 0x0000, 0x0000,
    0x0000, 0x0000, 0x0000, 0x0000, 0x0000, 0x0000, 0x0000, 0x0000, 0x0000, 0x0000, 0x0000, 0x0000, 0x0000, 0x0000, 0x0000, 0x0000,
    0x0000, 0x0000, 0x0000, 0x0000, 0x0000, 0x0000, 0x0000, 0x0000, 0x8410, 0xFFFF, 0xFFFF, 0x9CD3, 0x0000, 0x0000, 0x0000, 0x0000,
    0x0000, 0x0000, 0x0000, 0x0000, 0x0000, 0x0000, 0x0000, 0x0000, 0x0000, 0x0000, 0x0000, 0x0000, 0x0000, 0x0000, 0x0000, 0x0000,
    0x0000, 0x0000, 0x0000, 0x0000, 0x0000, 0x0861, 0x31A6, 0x9CD3, 0xFFFF, 0xFFFF, 0xFFFF, 0x39C7, 0x0000, 0x0000, 0x0000, 0x0000,
    0x0000, 0x0000, 0x0000, 0x0000, 0x0000, 0x0000, 0x0000, 0x0000, 0x0000, 0x0000, 0x0000, 0x0000, 0x0000, 0x0000, 0x52AA, 0xFFFF,
    0xFFFF, 0xFFFF, 0xFFFF, 0xFFFF, 0xFFFF, 0xFFFF, 0xFFFF, 0xFFFF, 0xFFFF, 0xFFFF, 0xAD55, 0x0000, 0x0000, 0x0000, 0x0000, 0x0000,
    0x0000, 0x0000, 0x0000, 0x0000, 0x0000, 0x0000, 0x0000, 0x0000, 0x0000, 0x0000, 0x0000, 0x0000, 0x0000, 0x0000, 0x2124, 0xFFFF,
    0xFFFF, 0xFFFF, 0xFFFF, 0xFFFF, 0xFFFF, 0xFFFF, 0xFFFF, 0xFFFF, 0xFFFF, 0xB596, 0x0861, 0x0000, 0x0000, 0x0000, 0x0000, 0x0000,
    0x0000, 0x0000, 0x0000, 0x0000, 0x0000, 0x0000, 0x0000, 0x0000, 0x0000, 0x0000, 0x0000, 0x0000, 0x0000, 0x0000, 0x0000, 0xE71C,
    0xE71C, 0xDEFB, 0xE71C, 0xF79E, 0xFFFF, 0xFFFF, 0xE73C, 0xAD75, 0x4A69, 0x0000, 0x0000, 0x0000, 0x0000, 0x0000, 0x0000, 0x0000,
    0x0000, 0x0000, 0x0000, 0x0000, 0x0000, 0x0000, 0x0000, 0x0000, 0x0000, 0x0000, 0x0000, 0x0000, 0x0000, 0x0000, 0x0000, 0x0000,
    0x0000, 0x0000, 0x0000, 0x0000, 0x0000, 0x0000, 0x0000, 0x0000, 0x0000, 0x0000, 0x0000, 0x0000, 0x0000, 0x0000, 0x0000, 0x0000,
};

// '琼' (U+743C) 32x32
static const uint16_t cn_char_004[] PROGMEM = {
    0x0000, 0x0000, 0x0000, 0x0000, 0x0000, 0x0000, 0x0000, 0x0000, 0x0000, 0x0000, 0x0000, 0x0000, 0x0000, 0x0000, 0x0000, 0x0000,
    0x0000, 0x0000, 0x0000, 0x528A, 0xCE59, 0x31A6, 0x0000, 0x0000, 0x0000, 0x0000, 0x0000, 0x0000, 0x0000, 0x0000, 0x0000, 0x0000,
    0x0000, 0x0000, 0x0000, 0x0000, 0x0000, 0x0000, 0x0000, 0x0000, 0x0000, 0x0000, 0x0000, 0x0000, 0x0000, 0x0000, 0x0000, 0x0000,
    0x0000, 0x0000, 0x0020, 0xDEDB, 0xFFFF, 0xCE79, 0x0000, 0x0000, 0x0000, 0x0000, 0x0000, 0x0000, 0x0000, 0x0000, 0x0000, 0x0000,
    0x0000, 0x0000, 0x0000, 0x0000, 0x0000, 0x0000, 0x0000, 0x0000, 0x0000, 0x0000, 0x0000, 0x0000, 0x0000, 0x0000, 0x0000, 0x0000,
    0x0000, 0x0000, 0x0000, 0x4228, 0xFFFF, 0xFFFF, 0x6B6D, 0x0000, 0x0000, 0x0000, 0x0000, 0x0000, 0x0000, 0x0000, 0x0000, 0x0000,
    0x528A, 0xFFFF, 0xFFFF, 0xFFFF, 0xFFFF, 0xFFFF, 0xFFFF, 0xFFFF, 0xFFFF, 0xFFFF, 0xB596, 0x0000, 0x0000, 0x0000, 0x0000, 0x0000,
    0x0000, 0x0000, 0x0000, 0x0000, 0xA534, 0xEF7D, 0x73AE, 0x0000, 0x0000, 0x0000, 0x0000, 0x0000, 0x0000, 0x0000, 0x0000, 0x0000,
    0x528A, 0xFFFF, 0xFFFF, 0xFFFF, 0xFFFF, 0xFFFF, 0xFFFF, 0xFFFF, 0xFFFF, 0xFFFF, 0xB596, 0x738E, 0xFFFF, 0xFFFF, 0xFFFF, 0xFFFF,
    0xFFFF, 0xFFFF, 0xFFFF, 0xFFFF, 0xFFFF, 0xFFFF, 0xFFFF, 0xFFFF, 0xFFFF, 0xFFFF, 0xFFFF, 0xFFFF, 0xFFFF, 0xFFFF, 0xFFFF, 0x630C,
    0x0841, 0x2104, 0x2104, 0x2104, 0x632C, 0xFFFF, 0xF79E, 0x2104, 0x2104, 0x2104, 0x10A2, 0x738E, 0xFFFF, 0xFFFF, 0xFFFF, 0xFFFF,
    0xFFFF, 0xFFFF, 0xFFFF, 0xFFFF, 0xFFFF, 0xFFFF, 0xFFFF, 0xFFFF, 0xFFFF, 0xFFFF, 0xFFFF, 0xFFFF, 0xFFFF, 0xFFFF, 0xFFFF, 0x630C,
    0x0000, 0x0000, 0x0000, 0x0000, 0x528A, 0xFFFF, 0xF79E, 0x0000, 0x0000, 0x0000, 0x0000, 0x0861, 0x2104, 0x2104, 0x2104, 0x2104,
    0x2104, 0x2104, 0x2104, 0x2104, 0x2104, 0x2104, 0x2104, 0x2104, 0x2104, 0x2104, 0x2104, 0x2104, 0x2104, 0x2104, 0x2104, 0x0861,
    0x0000, 0x0000, 0x0000, 0x0000, 0x528A, 0xFFFF, 0xF79E, 0x0000, 0x0000, 0x0000, 0x0000, 0x0000, 0x0000, 0x0000, 0x0000, 0x0000,
    0x0000, 0x0000, 0x0000, 0x0000, 0x0000, 0x0000, 0x0000, 0x0000, 0x0000, 0x0000, 0x0000, 0x0000, 0x0000, 0x0000, 0x0000, 0x0000,
    0x0000, 0x0000, 0x0000, 0x0000, 0x528A, 0xFFFF, 0xF79E, 0x0000, 0x0000, 0x0000, 0x0000, 0x0000, 0x0000, 0x0000, 0x0000, 0x0000,
    0x0000, 0x0000, 0x0000, 0x0000, 0x0000, 0x0000, 0x0000, 0x0000, 0x0000, 0x0000, 0x0000, 0x0000, 0x0000, 0x0000, 0x0000, 0x0000,
    0x0000, 0x0000, 0x0000, 0x0000, 0x528A, 0xFFFF, 0xF79E, 0x0000, 0x0000, 0x0000, 0x0000, 0x0000, 0x0000, 0xBDD7, 0xFFFF, 0xFFFF,
    0xFFFF, 0xFFFF, 0xFFFF, 0xFFFF, 0xFFFF, 0xFFFF, 0xFFFF, 0xFFFF, 0xFFFF, 0xFFFF, 0xFFFF, 0xFFFF, 0xFFFF, 0x39C7, 0x0000, 0x0000,
    0x0000, 0x0000, 0x0000, 0x0000, 0x528A, 0xFFFF, 0xF79E, 0x0000, 0x0000, 0x0000, 0x0000, 0x0000, 0x0000, 0xBDD7, 0xFFFF, 0xFFFF,
    0xFFFF, 0xFFFF, 0xFFFF, 0xFFFF, 0xFFFF, 0xFFFF, 0xFFFF, 0xFFFF, 0xFFFF, 0xFFFF, 0xFFFF, 0xFFFF, 0xFFFF, 0x39C7, 0x0000, 0x0000,
    0x0000, 0x0000, 0x0000, 0x0000, 0x528A, 0xFFFF, 0xF79E, 0x0000, 0x0000, 0x0000, 0x0000, 0x0000, 0x0000, 0xBDD7, 0xFFFF, 0x9CF3,
    0x1082, 0x1082, 0x1082, 0x1082, 0x1082, 0x1082, 0x1082, 0x1082, 0x1082, 0x1082, 0x2124, 0xFFFF, 0xFFFF, 0x39C7, 0x0000, 0x0000,
    0x0000, 0x0000, 0x0000, 0x0000, 0x528A, 0xFFFF, 0xF79E, 0x0000, 0x0000, 0x0000, 0x0000, 0x0000, 0x0000, 0xBDD7, 0xFFFF, 0x9CD3,
    0x0000, 0x0000, 0x0000, 0x0000, 0x0000, 0x0000, 0x0000, 0x0000, 0x0000, 0x0000, 0x18C3, 0xFFFF, 0xFFFF, 0x39C7, 0x0000, 0x0000,
    0x0841, 0xFFFF, 0xFFFF, 0xFFFF, 0xFFFF, 0xFFFF, 0xFFFF, 0xFFFF, 0xFFFF, 0xFFFF, 0x8C51, 0x0000, 0x0000, 0xBDD7, 0xFFFF, 0x9CD3,
    0x0000, 0x0000, 0x0000, 0x0000, 0x0000, 0x0000, 0x0000, 0x0000, 0x0000, 0x0000, 0x18C3, 0xFFFF, 0xFFFF, 0x39C7, 0x0000, 0x0000,
    0x0841, 0xFFFF, 0xFFFF, 0xFFFF, 0xFFFF, 0xFFFF, 0xFFFF, 0xFFFF, 0xFFFF, 0xFFFF, 0x8C51, 0x0000, 0x0000, 0xBDD7, 0xFFFF, 0x9CD3,
    0x0000, 0x0000, 0x0000, 0x0000, 0x0000, 0x0000, 0x0000, 0x0000, 0x0000, 0x0000, 0x18C3, 0xFFFF, 0xFFFF, 0x39C7, 0x0000, 0x0000,
    0x0000, 0x2104, 0x2104, 0x2104, 0x632C, 0xFFFF, 0xF79E, 0x2104, 0x2104, 0x2104, 0x1082, 0x0000, 0x0000, 0xBDD7, 0xFFFF, 0x9CD3,
    0x0000, 0x0000, 0x0000, 0x0000, 0x0000, 0x0000, 0x0000, 0x0000, 0x0000, 0x0000, 0x18C3, 0xFFFF, 0xFFFF, 0x39C7, 0x0000, 0x0000,
    0x0000, 0x0000, 0x0000, 0x0000, 0x528A, 0xFFFF, 0xF79E, 0x0000, 0x0000, 0x0000, 0x0000, 0x0000, 0x0000, 0xBDD7, 0xFFFF, 0x9CD3,
    0x0000, 0x0000, 0x0000, 0x0000, 0x0000, 0x0000, 0x0000, 0x0000, 0x0000, 0x0000, 0x18C3, 0xFFFF, 0xFFFF, 0x39C7, 0x0000, 0x0000,
    0x0000, 0x0000, 0x0000, 0x0000, 0x528A, 0xFFFF, 0xF79E, 0x0000, 0x0000, 0x0000, 0x0000, 0x0000, 0x0000, 0xBDD7, 0xFFFF, 0xFFFF,
    0xFFFF, 0xFFFF, 0xFFFF, 0xFFFF, 0xFFFF, 0xFFFF, 0xFFFF, 0xFFFF, 0xFFFF, 0xFFFF, 0xFFFF, 0xFFFF, 0xFFFF, 0x39C7, 0x0000, 0x0000,
    0x0000, 0x0000, 0x0000, 0x0000, 0x528A, 0xFFFF, 0xF79E, 0x0000, 0x0000, 0x0000, 0x0000, 0x0000, 0x0000, 0xBDD7, 0xFFFF, 0xFFFF,
    0xFFFF, 0xFFFF, 0xFFFF, 0xFFFF, 0xFFFF, 0xFFFF, 0xFFFF, 0xFFFF, 0xFFFF, 0xFFFF, 0xFFFF, 0xFFFF, 0xFFFF, 0x39C7, 0x0000, 0x0000,
    0x0000, 0x0000, 0x0000, 0x0000, 0x528A, 0xFFFF, 0xF79E, 0x0000, 0x0000, 0x0000, 0x0000, 0x0000, 0x0000, 0xBDD7, 0xFFFF, 0x9CF3,
    0x1082, 0x1082, 0x1082, 0x1082, 0xEF5D, 0xFFFF, 0x8410, 0x1082, 0x1082, 0x1082, 0x2124, 0xFFFF, 0xFFFF, 0x39C7, 0x0000, 0x0000,
    0x0000, 0x0000, 0x0000, 0x0000, 0x528A, 0xFFFF, 0xF79E, 0x0000, 0x0000, 0x0000, 0x0000, 0x0000, 0x0000, 0x0000, 0x0000, 0x0000,
    0x0000, 0x0000, 0x0000, 0x0000, 0xEF5D, 0xFFFF, 0x7BCF, 0x0000, 0x0000, 0x0000, 0x0000, 0x0000, 0x0000, 0x0000, 0x0000, 0x0000,
    0x0000, 0x0000, 0x0000, 0x0000, 0x528A, 0xFFFF, 0xF79E, 0x0000, 0x0000, 0x0000, 0x0000, 0x0000, 0x0000, 0x0000, 0x9CD3, 0x8C71,
    0x1082, 0x0000, 0x0000, 0x0000, 0xEF5D, 0xFFFF, 0x7BCF, 0x0000, 0x0000, 0x2104, 0xC618, 0x31A6, 0x0000, 0x0000, 0x0000, 0x0000,
    0x0000, 0x0000, 0x0000, 0x0000, 0x528A, 0xFFFF, 0xF79E, 0x0000, 0x0000, 0x0000, 0x18C3, 0x0000, 0x0000, 0x4208, 0xFFFF, 0xFFFF,
    0x8430, 0x0000, 0x0000, 0x0000, 0xEF5D, 0xFFFF, 0x7BCF, 0x0000, 0x0020, 0xE71C, 0xFFFF, 0xE73C, 0x18C3, 0x0000, 0x0000, 0x0000,
    0x0000, 0x0000, 0x0000, 0x0000, 0x528A, 0xFFFF, 0xF79E, 0x4228, 0x9492, 0xDEFB, 0xD6BA, 0x0000, 0x0861, 0xDEFB, 0xFFFF, 0xD6BA,
    0x0841, 0x0000, 0x0000, 0x0000, 0xEF5D, 0xFFFF, 0x7BCF, 0x0000, 0x0000, 0x4A49, 0xFFFF, 0xFFFF, 0xC638, 0x0020, 0x0000, 0x0000,
    0x0000, 0x0000, 0x0000, 0x31A6, 0x9CD3, 0xFFFF, 0xFFFF, 0xFFFF, 0xFFFF, 0xFFFF, 0xE71C, 0x0000, 0xA514, 0xFFFF, 0xFFDF, 0x31A6,
    0x0000, 0x0000, 0x0000, 0x0000, 0xEF5D, 0xFFFF, 0x7BCF, 0x0000, 0x0000, 0x0000, 0x8410, 0xFFFF, 0xFFFF, 0x94B2, 0x0000, 0x0000,
    0x528A, 0xB596, 0xEF7D, 0xFFFF, 0xFFFF, 0xFFFF, 0xFFFF, 0xFFFF, 0xD6BA, 0x8C71, 0x4208, 0x6B4D, 0xFFFF, 0xFFFF, 0x8410, 0x0000,
    0x0000, 0x0000, 0x0000, 0x0000, 0xEF5D, 0xFFFF, 0x7BCF, 0x0000, 0x0000, 0x0000, 0x0000, 0xB5B6, 0xFFFF, 0xFFFF, 0x5ACB, 0x0000,
    0x7BEF, 0xFFFF, 0xFFFF, 0xFFFF, 0xF79E, 0xB596, 0x6B4D, 0x2104, 0x0000, 0x0000, 0x4208, 0xFFDF, 0xFFFF, 0xC618, 0x0000, 0x0000,
    0x0000, 0x0000, 0x0000, 0x0000, 0xEF5D, 0xFFFF, 0x7BCF, 0x0000, 0x0000, 0x0000, 0x0000, 0x18C3, 0xEF5D, 0xFFFF, 0xF79E, 0x2124,
    0x39C7, 0xD6BA, 0x8C71, 0x4208, 0x0020, 0x0000, 0x0000, 0x0000, 0x0000, 0x0020, 0xD6BA, 0xFFFF, 0xE73C, 0x18C3, 0x0000, 0x0000,
    0x0000, 0x0000, 0x0000, 0x0020, 0xFFDF, 0xFFFF, 0x738E, 0x0000, 0x0000, 0x0000, 0x0000, 0x0000, 0x528A, 0xFFFF, 0xFFFF, 0x8430,
    0x0000, 0x0000, 0x0000, 0x0000, 0x0000, 0x0000, 0x0000, 0x0000, 0x0000, 0x0000, 0x1082, 0xB596, 0x39E7, 0x0000, 0x0000, 0x2965,
    0x18E3, 0x0861, 0x0841, 0x7BEF, 0xFFFF, 0xFFFF, 0x52AA, 0x0000, 0x0000, 0x0000, 0x0000, 0x0000, 0x0000, 0x9CD3, 0x6B4D, 0x0000,
    0x0000, 0x0000, 0x0000, 0x0000, 0x0000, 0x0000, 0x0000, 0x0000, 0x0000, 0x0000, 0x0000, 0x0000, 0x0000, 0x0000, 0x0000, 0xF79E,
    0xFFFF, 0xFFFF, 0xFFFF, 0xFFFF, 0xFFFF, 0xF79E, 0x1082, 0x0000, 0x0000, 0x0000, 0x0000, 0x0000, 0x0000, 0x0000, 0x0000, 0x0000,
    0x0000, 0x0000, 0x0000, 0x0000, 0x0000, 0x0000, 0x0000, 0x0000, 0x0000, 0x0000, 0x0000, 0x0000, 0x0000, 0x0000, 0x0000, 0xBDF7,
    0xFFFF, 0xFFFF, 0xFFFF, 0xFFFF, 0xEF7D, 0x4A69, 0x0000, 0x0000, 0x0000, 0x0000, 0x0000, 0x0000, 0x0000, 0x0000, 0x0000, 0x0000,
    0x0000, 0x0000, 0x0000, 0x0000, 0x0000, 0x0000, 0x0000, 0x0000, 0x0000, 0x0000, 0x0000, 0x0000, 0x0000, 0x0000, 0x0000, 0x2104,
    0x39C7, 0x39E7, 0x39E7, 0x3186, 0x0020, 0x0000, 0x0000, 0x0000, 0x0000, 0x0000, 0x0000, 0x0000, 0x0000, 0x0000, 0x0000, 0x0000,
};

// '别' (U+522B) 32x30
static const uint16_t cn_char_005[] PROGMEM = {
    0x0000, 0x0000, 0x0000, 0x0000, 0x0000, 0x0000, 0x0000, 0x0000, 0x0000, 0x0000, 0x0000, 0x0000, 0x0000, 0x0000, 0x0000, 0x0000,
    0x0000, 0x0000, 0x0000, 0x0000, 0x0000, 0x0000, 0x0000, 0x0000, 0x0000, 0x0000, 0x0000, 0xE71C, 0xFFFF, 0xBDD7, 0x0000, 0x0000,
    0x0000, 0x0000, 0x0000, 0x0000, 0x0000, 0x0000, 0x0000, 0x0000, 0x0000, 0x0000, 0x0000, 0x0000, 0x0000, 0x0000, 0x0000, 0x0000,
    0x0000, 0x0000, 0x0000, 0x0000, 0x0000, 0x0000, 0x0000, 0x0000, 0x0000, 0x0000, 0x0000, 0xE71C, 0xFFFF, 0xBDD7, 0x0000, 0x0000,
    0x0000, 0x0000, 0x528A, 0xFFFF, 0xFFFF, 0xFFFF, 0xFFFF, 0xFFFF, 0xFFFF, 0xFFFF, 0xFFFF, 0xFFFF, 0xFFFF, 0xFFFF, 0xFFFF, 0xFFFF,
    0xE71C, 0x0000, 0x0000, 0x0000, 0x0000, 0x0000, 0x0000, 0x0000, 0x0000, 0x0000, 0x0000, 0xE71C, 0xFFFF, 0xBDD7, 0x0000, 0x0000,
    0x0000, 0x0000, 0x528A, 0xFFFF, 0xFFFF, 0xFFFF, 0xFFFF, 0xFFFF, 0xFFFF, 0xFFFF, 0xFFFF, 0xFFFF, 0xFFFF, 0xFFFF, 0xFFFF, 0xFFFF,
    0xE71C, 0x0000, 0x0000, 0x0000, 0x0000, 0x0000, 0x0000, 0x0000, 0x0000, 0x0000, 0x0000, 0xE71C, 0xFFFF, 0xBDD7, 0x0000, 0x0000,
    0x0000, 0x0000, 0x528A, 0xFFFF, 0xFFFF, 0x5ACB, 0x4208, 0x4208, 0x4208, 0x4208, 0x4208, 0x4208, 0x4208, 0x4208, 0xAD75, 0xFFFF,
    0xE71C, 0x0000, 0x0000, 0x0000, 0x528A, 0xFFFF, 0xFFFF, 0x39C7, 0x0000, 0x0000, 0x0000, 0xE71C, 0xFFFF, 0xBDD7, 0x0000, 0x0000,
    0x0000, 0x0000, 0x528A, 0xFFFF, 0xFFFF, 0x2104, 0x0000, 0x0000, 0x0000, 0x0000, 0x0000, 0x0000, 0x0000, 0x0000, 0x9492, 0xFFFF,
    0xE71C, 0x0000, 0x0000, 0x0000, 0x528A, 0xFFFF, 0xFFFF, 0x39C7, 0x0000, 0x0000, 0x0000, 0xE71C, 0xFFFF, 0xBDD7, 0x0000, 0x0000,
    0x0000, 0x0000, 0x528A, 0xFFFF, 0xFFFF, 0x2104, 0x0000, 0x0000, 0x0000, 0x0000, 0x0000, 0x0000, 0x0000, 0x0000, 0x9492, 0xFFFF,
    0xE71C, 0x0000, 0x0000, 0x0000, 0x528A, 0xFFFF, 0xFFFF, 0x39C7, 0x0000, 0x0000, 0x0000, 0xE71C, 0xFFFF, 0xBDD7, 0x0000, 0x0000,
    0x0000, 0x0000, 0x528A, 0xFFFF, 0xFFFF, 0x2104, 0x0000, 0x0000, 0x0000, 0x0000, 0x0000, 0x0000, 0x0000, 0x0000, 0x9492, 0xFFFF,
    0xE71C, 0x0000, 0x0000, 0x0000, 0x528A, 0xFFFF, 0xFFFF, 0x39C7, 0x0000, 0x0000, 0x0000, 0xE71C, 0xFFFF, 0xBDD7, 0x0000, 0x0000,
    0x0000, 0x0000, 0x528A, 0xFFFF, 0xFFFF, 0x2104, 0x0000, 0x0000, 0x0000, 0x0000, 0x0000, 0x0000, 0x0000, 0x0000, 0x9492, 0xFFFF,
    0xE71C, 0x0000, 0x0000, 0x0000, 0x528A, 0xFFFF, 0xFFFF, 0x39C7, 0x0000, 0x0000, 0x0000, 0xE71C, 0xFFFF, 0xBDD7, 0x0000, 0x0000,
    0x0000, 0x0000, 0x528A, 0xFFFF, 0xFFFF, 0xFFFF, 0xFFFF, 0xFFFF, 0xFFFF, 0xFFFF, 0xFFFF, 0xFFFF, 0xFFFF, 0xFFFF, 0xFFFF, 0xFFFF,
    0xE71C, 0x0000, 0x0000, 0x0000, 0x528A, 0xFFFF, 0xFFFF, 0x39C7, 0x0000, 0x0000, 0x0000, 0xE71C, 0xFFFF, 0xBDD7, 0x0000, 0x0000,
    0x0000, 0x0000, 0x528A, 0xFFFF, 0xFFFF, 0xFFFF, 0xFFFF, 0xFFFF, 0xFFFF, 0xFFFF, 0xFFFF, 0xFFFF, 0xFFFF, 0xFFFF, 0xFFFF, 0xFFFF,
    0xE71C, 0x0000, 0x0000, 0x0000, 0x528A, 0xFFFF, 0xFFFF, 0x39C7, 0x0000, 0x0000, 0x0000, 0xE71C, 0xFFFF, 0xBDD7, 0x0000, 0x0000,
    0x0000, 0x0000, 0x528A, 0xFFFF, 0xFFFF, 0x5ACB, 0x4208, 0x4208, 0x4208, 0x4208, 0x4208, 0x4208, 0x4208, 0x4208, 0xAD75, 0xFFFF,
    0xE71C, 0x0000, 0x0000, 0x0000, 0x528A, 0xFFFF, 0xFFFF, 0x39C7, 0x0000, 0x0000, 0x0000, 0xE71C, 0xFFFF, 0xBDD7, 0x0000, 0x0000,
    0x0000, 0x0000, 0x528A, 0xFFFF, 0xFFFF, 0x2104, 0x528A, 0xFFFF, 0xFFFF, 0x18C3, 0x0000, 0x0000, 0x0000, 0x0000, 0x9492, 0xFFFF,
    0xE71C, 0x0000, 0x0000, 0x0000, 0x528A, 0xFFFF, 0xFFFF, 0x39C7, 0x0000, 0x0000, 0x0000, 0xE71C, 0xFFFF, 0xBDD7, 0x0000, 0x0000,
    0x0000, 0x0000, 0x0000, 0x0000, 0x0000, 0x0000, 0x5ACB, 0xFFFF, 0xFFFF, 0x10A2, 0x0000, 0x0000, 0x0000, 0x0000, 0x0000, 0x0000,
    0x0000, 0x0000, 0x0000, 0x0000, 0x528A, 0xFFFF, 0xFFFF, 0x39C7, 0x0000, 0x0000, 0x0000, 0xE71C, 0xFFFF, 0xBDD7, 0x0000, 0x0000,
    0x0000, 0x0000, 0x0000, 0x0000, 0x0000, 0x0000, 0x5AEB, 0xFFFF, 0xFFFF, 0x0861, 0x0000, 0x0000, 0x0000, 0x0000, 0x0000, 0x0000,
    0x0000, 0x0000, 0x0000, 0x0000, 0x528A, 0xFFFF, 0xFFFF, 0x39C7, 0x0000, 0x0000, 0x0000, 0xE71C, 0xFFFF, 0xBDD7, 0x0000, 0x0000,
    0x0000, 0x0000, 0x0000, 0x0000, 0x0000, 0x0000, 0x6B4D, 0xFFFF, 0xFFFF, 0x0000, 0x0000, 0x0000, 0x0000, 0x0000, 0x0000, 0x0000,
    0x0000, 0x0000, 0x0000, 0x0000, 0x528A, 0xFFFF, 0xFFFF, 0x39C7, 0x0000, 0x0000, 0x0000, 0xE71C, 0xFFFF, 0xBDD7, 0x0000, 0x0000,
    0x0000, 0x8410, 0xFFFF, 0xFFFF, 0xFFFF, 0xFFFF, 0xFFFF, 0xFFFF, 0xFFFF, 0xFFFF, 0xFFFF, 0xFFFF, 0xFFFF, 0xFFFF, 0xFFFF, 0xFFFF,
    0xFFFF, 0x2124, 0x0000, 0x0000, 0x528A, 0xFFFF, 0xFFFF, 0x39C7, 0x0000, 0x0000, 0x0000, 0xE71C, 0xFFFF, 0xBDD7, 0x0000, 0x0000,
    0x0000, 0x8410, 0xFFFF, 0xFFFF, 0xFFFF, 0xFFFF, 0xFFFF, 0xFFFF, 0xFFFF, 0xFFFF, 0xFFFF, 0xFFFF, 0xFFFF, 0xFFFF, 0xFFFF, 0xFFFF,
    0xFFFF, 0x18E3, 0x0000, 0x0000, 0x528A, 0xFFFF, 0xFFFF, 0x39C7, 0x0000, 0x0000, 0x0000, 0xE71C, 0xFFFF, 0xBDD7, 0x0000, 0x0000,
    0x0000, 0x2104, 0x4208, 0x4208, 0x4208, 0x4208, 0xB596, 0xFFFF, 0xDEDB, 0x4208, 0x4208, 0x4208, 0x4208, 0x4208, 0x7BEF, 0xFFFF,
    0xFFFF, 0x10A2, 0x0000, 0x0000, 0x528A, 0xFFFF, 0xFFFF, 0x39C7, 0x0000, 0x0000, 0x0000, 0xE71C, 0xFFFF, 0xBDD7, 0x0000, 0x0000,
    0x0000, 0x0000, 0x0000, 0x0000, 0x0000, 0x0000, 0xB596, 0xFFFF, 0xB5B6, 0x0000, 0x0000, 0x0000, 0x0000, 0x0000, 0x5ACB, 0xFFFF,
    0xFFFF, 0x0861, 0x0000, 0x0000, 0x528A, 0xFFFF, 0xFFFF, 0x39C7, 0x0000, 0x0000, 0x0000, 0xE71C, 0xFFFF, 0xBDD7, 0x0000, 0x0000,
    0x0000, 0x0000, 0x0000, 0x0000, 0x0000, 0x0000, 0xE71C, 0xFFFF, 0x8C71, 0x0000, 0x0000, 0x0000, 0x0000, 0x0000, 0x630C, 0xFFFF,
    0xFFFF, 0x0020, 0x0000, 0x0000, 0x528A, 0xFFFF, 0xFFFF, 0x39C7, 0x0000, 0x0000, 0x0000, 0xE71C, 0xFFFF, 0xBDD7, 0x0000, 0x0000,
    0x0000, 0x0000, 0x0000, 0x0000, 0x0000, 0x2945, 0xFFFF, 0xFFFF, 0x52AA, 0x0000, 0x0000, 0x0000, 0x0000, 0x0000, 0x6B4D, 0xFFFF,
    0xFFDF, 0x0000, 0x0000, 0x0000, 0x528A, 0xFFFF, 0xFFFF, 0x39C7, 0x0000, 0x0000, 0x0000, 0xE71C, 0xFFFF, 0xBDD7, 0x0000, 0x0000,
    0x0000, 0x0000, 0x0000, 0x0000, 0x0000, 0x8C51, 0xFFFF, 0xFFDF, 0x0861, 0x0000, 0x0000, 0x0000, 0x0000, 0x0000, 0x7BCF, 0xFFFF,
    0xEF7D, 0x0000, 0x0000, 0x0000, 0x528A, 0xFFFF, 0xFFFF, 0x39C7, 0x0000, 0x0000, 0x0000, 0xE71C, 0xFFFF, 0xBDD7, 0x0000, 0x0000,
    0x0000, 0x0000, 0x0000, 0x0000, 0x10A2, 0xF7BE, 0xFFFF, 0xAD55, 0x0000, 0x0000, 0x0000, 0x0000, 0x0000, 0x0000, 0x8C71, 0xFFFF,
    0xDEFB, 0x0000, 0x0000, 0x0000, 0x0000, 0x0000, 0x0000, 0x0000, 0x0000, 0x0000, 0x0000, 0xE71C, 0xFFFF, 0xBDD7, 0x0000, 0x0000,
    0x0000, 0x0000, 0x0000, 0x0000, 0xAD75, 0xFFFF, 0xFFFF, 0x2965, 0x0000, 0x0000, 0x0000, 0x0000, 0x0000, 0x0000, 0xAD55, 0xFFFF,
    0xCE59, 0x0000, 0x0000, 0x0000, 0x0000, 0x0000, 0x0000, 0x0000, 0x0000, 0x0000, 0x0000, 0xE71C, 0xFFFF, 0xBDD7, 0x0000, 0x0000,
    0x0000, 0x0000, 0x0000, 0x7BEF, 0xFFFF, 0xFFFF, 0x9CD3, 0x0000, 0x0000, 0x0000, 0x0000, 0x0000, 0x0000, 0x0020, 0xE71C, 0xFFFF,
    0xA534, 0x0000, 0x0000, 0x0000, 0x0000, 0x0000, 0x0000, 0x0000, 0x0000, 0x0000, 0x0000, 0xF7BE, 0xFFFF, 0xB5B6, 0x0000, 0x0000,
    0x0000, 0x0000, 0x73AE, 0xFFFF, 0xFFFF, 0xDEDB, 0x0861, 0x4A69, 0x5AEB, 0x3186, 0x10A2, 0x0020, 0x18E3, 0x9CD3, 0xFFFF, 0xFFFF,
    0x5AEB, 0x0000, 0x0000, 0x0000, 0x0000, 0x0000, 0x0000, 0x0000, 0x0000, 0x1082, 0x8C51, 0xFFFF, 0xFFFF, 0x9CD3, 0x0000, 0x0000,
    0x0841, 0x9CF3, 0xFFFF, 0xFFFF, 0xEF5D, 0x2124, 0x0000, 0x6B4D, 0xFFFF, 0xFFFF, 0xFFFF, 0xFFFF, 0xFFFF, 0xFFFF, 0xFFFF, 0xC638,
    0x0020, 0x0000, 0x0000, 0x0000, 0x8410, 0xFFFF, 0xFFFF, 0xFFFF, 0xFFFF, 0xFFFF, 0xFFFF, 0xFFFF, 0xFFFF, 0x5AEB, 0x0000, 0x0000,
    0x39C7, 0xF7BE, 0xFFFF, 0xE71C, 0x2945, 0x0000, 0x0000, 0x4208, 0xFFFF, 0xFFFF, 0xFFFF, 0xFFFF, 0xFFDF, 0xDEFB, 0x8C51, 0x0841,
    0x0000, 0x0000, 0x0000, 0x0000, 0x5ACB, 0xFFFF, 0xFFFF, 0xFFFF, 0xFFFF, 0xFFFF, 0xFFFF, 0xFFFF, 0xBDD7, 0x0000, 0x0000, 0x0000,
    0x0000, 0x4A49, 0xB5B6, 0x10A2, 0x0000, 0x0000, 0x0000, 0x0000, 0x0861, 0x2124, 0x2124, 0x0861, 0x0000, 0x0000, 0x0000, 0x0000,
    0x0000, 0x0000, 0x0000, 0x0000, 0x2945, 0xC638, 0xB5B6, 0xAD55, 0xA514, 0x9CD3, 0x7BEF, 0x4A69, 0x0000, 0x0000, 0x0000, 0x0000,
};

// '了' (U+4E86) 32x29
static const uint16_t cn_char_006[] PROGMEM = {
    0x0000, 0x5ACB, 0xFFFF, 0xFFFF, 0xFFFF, 0xFFFF, 0xFFFF, 0xFFFF, 0xFFFF, 0xFFFF, 0xFFFF, 0xFFFF, 0xFFFF, 0xFFFF, 0xFFFF, 0xFFFF,
    0xFFFF, 0xFFFF, 0xFFFF, 0xFFFF, 0xFFFF, 0xFFFF, 0xFFFF, 0xFFFF, 0xFFFF, 0xFFFF, 0xFFFF, 0xFFFF, 0xFFFF, 0x738E, 0x0000, 0x0000,
    0x0000, 0x5ACB, 0xFFFF, 0xFFFF, 0xFFFF, 0xFFFF, 0xFFFF, 0xFFFF, 0xFFFF, 0xFFFF, 0xFFFF, 0xFFFF, 0xFFFF, 0xFFFF, 0xFFFF, 0xFFFF,
    0xFFFF, 0xFFFF, 0xFFFF, 0xFFFF, 0xFFFF, 0xFFFF, 0xFFFF, 0xFFFF, 0xFFFF, 0xFFFF, 0xFFFF, 0xFFFF, 0xFFFF, 0x738E, 0x0000, 0x0000,
    0x0000, 0x31A6, 0x9CD3, 0x9CD3, 0x9CD3, 0x9CD3, 0x9CD3, 0x9CD3, 0x9CD3, 0x9CD3, 0x9CD3, 0x9CD3, 0x9CD3, 0x9CD3, 0x9CD3, 0x9CD3,
    0x9CD3, 0x9CD3, 0x9CD3, 0x9CD3, 0x9CD3, 0x9CD3, 0x9CD3, 0x9CD3, 0xA534, 0xFFFF, 0xFFFF, 0xFFFF, 0xFFFF, 0x738E, 0x0000, 0x0000,
    0x0000, 0x0000, 0x0000, 0x0000, 0x0000, 0x0000, 0x0000, 0x0000, 0x0000, 0x0000, 0x0000, 0x0000, 0x0000, 0x0000, 0x0000, 0x0000,
    0x0000, 0x0000, 0x0000, 0x0000, 0x0000, 0x0000, 0x0000, 0x2965, 0xDEDB, 0xFFFF, 0xFFFF, 0xFFFF, 0xC618, 0x18E3, 0x0000, 0x0000,
    0x0000, 0x0000, 0x0000, 0x0000, 0x0000, 0x0000, 0x0000, 0x0000, 0x0000, 0x0000, 0x0000, 0x0000, 0x0000, 0x0000, 0x0000, 0x0000,
    0x0000, 0x0000, 0x0000, 0x0000, 0x0000, 0x0000, 0x5ACB, 0xF7BE, 0xFFFF, 0xFFFF, 0xFFDF, 0x7BCF, 0x0000, 0x0000, 0x0000, 0x0000,
    0x0000, 0x0000, 0x0000, 0x0000, 0x0000, 0x0000, 0x0000, 0x0000, 0x0000, 0x0000, 0x0000, 0x0000, 0x0000, 0x0000, 0x0000, 0x0000,
    0x0000, 0x0000, 0x0000, 0x0000, 0x0020, 0x8C71, 0xFFFF, 0xFFFF, 0xFFFF, 0xDEFB, 0x31A6, 0x0000, 0x0000, 0x0000, 0x0000, 0x0000,
    0x0000, 0x0000, 0x0000, 0x0000, 0x0000, 0x0000, 0x0000, 0x0000, 0x0000, 0x0000, 0x0000, 0x0000, 0x0000, 0x0000, 0x0000, 0x0000,
    0x0000, 0x0000, 0x0000, 0x18E3, 0xC618, 0xFFFF, 0xFFFF, 0xFFFF, 0xA514, 0x0861, 0x0000, 0x0000, 0x0000, 0x0000, 0x0000, 0x0000,
    0x0000, 0x0000, 0x0000, 0x0000, 0x0000, 0x0000, 0x0000, 0x0000, 0x0000, 0x0000, 0x0000, 0x0000, 0x0000, 0x0000, 0x0000, 0x0000,
    0x0000, 0x0000, 0x5ACB, 0xF79E, 0xFFFF, 0xFFFF, 0xF79E, 0x5ACB, 0x0000, 0x0000, 0x0000, 0x0000, 0x0000, 0x0000, 0x0000, 0x0000,
    0x0000, 0x0000, 0x0000, 0x0000, 0x0000, 0x0000, 0x0000, 0x0000, 0x0000, 0x0000, 0x0000, 0x0000, 0x0000, 0x0000, 0x0000, 0x0000,
    0x0861, 0xA514, 0xFFFF, 0xFFFF, 0xFFFF, 0xC618, 0x18E3, 0x0000, 0x0000, 0x0000, 0x0000, 0x0000, 0x0000, 0x0000, 0x0000, 0x0000,
    0x0000, 0x0000, 0x0000, 0x0000, 0x0000, 0x0000, 0x0000, 0x0000, 0x0000, 0x0000, 0x0000, 0x0000, 0x0000, 0x0000, 0x0000, 0x39C7,
    0xDEFB, 0xFFFF, 0xFFFF, 0xFFDF, 0x7BEF, 0x0000, 0x0000, 0x0000, 0x0000, 0x0000, 0x0000, 0x0000, 0x0000, 0x0000, 0x0000, 0x0000,
    0x0000, 0x0000, 0x0000, 0x0000, 0x0000, 0x0000, 0x0000, 0x0000, 0x0000, 0x0000, 0x0000, 0x0000, 0x0000, 0x0000, 0x0000, 0xD69A,
    0xFFFF, 0xFFFF, 0xDEFB, 0x39C7, 0x0000, 0x0000, 0x0000, 0x0000, 0x0000, 0x0000, 0x0000, 0x0000, 0x0000, 0x0000, 0x0000, 0x0000,
    0x0000, 0x0000, 0x0000, 0x0000, 0x0000, 0x0000, 0x0000, 0x0000, 0x0000, 0x0000, 0x0000, 0x0000, 0x0000, 0x0000, 0x0000, 0xD69A,
    0xFFFF, 0xFFFF, 0x0861, 0x0000, 0x0000, 0x0000, 0x0000, 0x0000, 0x0000, 0x0000, 0x0000, 0x0000, 0x0000, 0x0000, 0x0000, 0x0000,
    0x0000, 0x0000, 0x0000, 0x0000, 0x0000, 0x0000, 0x0000, 0x0000, 0x0000, 0x0000, 0x0000, 0x0000, 0x0000, 0x0000, 0x0000, 0xD69A,
    0xFFFF, 0xFFFF, 0x0000, 0x0000, 0x0000, 0x0000, 0x0000, 0x0000, 0x0000, 0x0000, 0x0000, 0x0000, 0x0000, 0x0000, 0x0000, 0x0000,
    0x0000, 0x0000, 0x0000, 0x0000, 0x0000, 0x0000, 0x0000, 0x0000, 0x0000, 0x0000, 0x0000, 0x0000, 0x0000, 0x0000, 0x0000, 0xD69A,
    0xFFFF, 0xFFFF, 0x0000, 0x0000, 0x0000, 0x0000, 0x0000, 0x0000, 0x0000, 0x0000, 0x0000, 0x0000, 0x0000, 0x0000, 0x0000, 0x0000,
    0x0000, 0x0000, 0x0000, 0x0000, 0x0000, 0x0000, 0x0000, 0x0000, 0x0000, 0x0000, 0x0000, 0x0000, 0x0000, 0x0000, 0x0000, 0xD69A,
    0xFFFF, 0xFFFF, 0x0000, 0x0000, 0x0000, 0x0000, 0x0000, 0x0000, 0x0000, 0x0000, 0x0000, 0x0000, 0x0000, 0x0000, 0x0000, 0x0000,
    0x0000, 0x0000, 0x0000, 0x0000, 0x0000, 0x0000, 0x0000, 0x0000, 0x0000, 0x0000, 0x0000, 0x0000, 0x0000, 0x0000, 0x0000, 0xD69A,
    0xFFFF, 0xFFFF, 0x0000, 0x0000, 0x0000, 0x0000, 0x0000, 0x0000, 0x0000, 0x0000, 0x0000, 0x0000, 0x0000, 0x0000, 0x0000, 0x0000,
    0x0000, 0x0000, 0x0000, 0x0000, 0x0000, 0x0000, 0x0000, 0x0000, 0x0000, 0x0000, 0x0000, 0x0000, 0x0000, 0x0000, 0x0000, 0xD69A,
    0xFFFF, 0xFFFF, 0x0000, 0x0000, 0x0000, 0x0000, 0x0000, 0x0000, 0x0000, 0x0000, 0x0000, 0x0000, 0x0000, 0x0000, 0x0000, 0x0000,
    0x0000, 0x0000, 0x0000, 0x0000, 0x0000, 0x0000, 0x0000, 0x0000, 0x0000, 0x0000, 0x0000, 0x0000, 0x0000, 0x0000, 0x0000, 0xD69A,
    0xFFFF, 0xFFFF, 0x0000, 0x0000, 0x0000, 0x0000, 0x0000, 0x0000, 0x0000, 0x0000, 0x0000, 0x0000, 0x0000, 0x0000, 0x0000, 0x0000,
    0x0000, 0x0000, 0x0000, 0x0000, 0x0000, 0x0000, 0x0000, 0x0000, 0x0000, 0x0000, 0x0000, 0x0000, 0x0000, 0x0000, 0x0000, 0xD69A,
    0xFFFF, 0xFFFF, 0x0000, 0x0000, 0x0000, 0x0000, 0x0000, 0x0000, 0x0000, 0x0000, 0x0000, 0x0000, 0x0000, 0x0000, 0x0000, 0x0000,
    0x0000, 0x0000, 0x0000, 0x0000, 0x0000, 0x0000, 0x0000, 0x0000, 0x0000, 0x0000, 0x0000, 0x0000, 0x0000, 0x0000, 0x0000, 0xD69A,
    0xFFFF, 0xFFFF, 0x0000, 0x0000, 0x0000, 0x0000, 0x0000, 0x0000, 0x0000, 0x0000, 0x0000, 0x0000, 0x0000, 0x0000, 0x0000, 0x0000,
    0x0000, 0x0000, 0x0000, 0x0000, 0x0000, 0x0000, 0x0000, 0x0000, 0x0000, 0x0000, 0x0000, 0x0000, 0x0000, 0x0000, 0x0000, 0xD69A,
    0xFFFF, 0xFFFF, 0x0000, 0x0000, 0x0000, 0x0000, 0x0000, 0x0000, 0x0000, 0x0000, 0x0000, 0x0000, 0x0000, 0x0000, 0x0000, 0x0000,
    0x0000, 0x0000, 0x0000, 0x0000, 0x0000, 0x0000, 0x0000, 0x0000, 0x0000, 0x0000, 0x0000, 0x0000, 0x0000, 0x0000, 0x0000, 0xD69A,
    0xFFFF, 0xFFFF, 0x0000, 0x0000, 0x0000, 0x0000, 0x0000, 0x0000, 0x0000, 0x0000, 0x0000, 0x0000, 0x0000, 0x0000, 0x0000, 0x0000,
    0x0000, 0x0000, 0x0000, 0x0000, 0x0000, 0x0000, 0x0000, 0x0000, 0x0000, 0x0000, 0x0000, 0x0000, 0x0000, 0x0000, 0x0000, 0xD69A,
    0xFFFF, 0xFFFF, 0x0000, 0x0000, 0x0000, 0x0000, 0x0000, 0x0000, 0x0000, 0x0000, 0x0000, 0x0000, 0x0000, 0x0000, 0x0000, 0x0000,
    0x0000, 0x0000, 0x0000, 0x0000, 0x0000, 0x0000, 0x0000, 0x0000, 0x0000, 0x0000, 0x0000, 0x0000, 0x0000, 0x0000, 0x0000, 0xDEFB,
    0xFFFF, 0xFFDF, 0x0000, 0x0000, 0x0000, 0x0000, 0x0000, 0x0000, 0x0000, 0x0000, 0x0000, 0x0000, 0x0000, 0x0000, 0x0000, 0x0000,
    0x0000, 0x0000, 0x0000, 0x0000, 0x0000, 0x0000, 0x0000, 0x0000, 0x0000, 0x0000, 0x0000, 0x0000, 0x0000, 0x0000, 0x18E3, 0xFFFF,
    0xFFFF, 0xEF5D, 0x0000, 0x0000, 0x0000, 0x0000, 0x0000, 0x0000, 0x0000, 0x0000, 0x0000, 0x0000, 0x0000, 0x0000, 0x0000, 0x0000,
    0x0000, 0x0000, 0x0000, 0x0000, 0x0000, 0x0000, 0x0000, 0x0000, 0x0000, 0x0000, 0x0000, 0x0000, 0x0020, 0x3186, 0xC638, 0xFFFF,
    0xFFFF, 0xBDF7, 0x0000, 0x0000, 0x0000, 0x0000, 0x0000, 0x0000, 0x0000, 0x0000, 0x0000, 0x0000, 0x0000, 0x0000, 0x0000, 0x0000,
    0x0000, 0x0000, 0x0000, 0x0000, 0x0000, 0x0000, 0x0000, 0xF7BE, 0xFFFF, 0xFFFF, 0xFFFF, 0xFFFF, 0xFFFF, 0xFFFF, 0xFFFF, 0xFFFF,
    0xFFFF, 0x632C, 0x0000, 0x0000, 0x0000, 0x0000, 0x0000, 0x0000, 0x0000, 0x0000, 0x0000, 0x0000, 0x0000, 0x0000, 0x0000, 0x0000,
    0x0000, 0x0000, 0x0000, 0x0000, 0x0000, 0x0000, 0x0000, 0xCE59, 0xFFFF, 0xFFFF, 0xFFFF, 0xFFFF, 0xFFFF, 0xFFFF, 0xFFFF, 0xFFFF,
    0xAD75, 0x0000, 0x0000, 0x0000, 0x0000, 0x0000, 0x0000, 0x0000, 0x0000, 0x0000, 0x0000, 0x0000, 0x0000, 0x0000, 0x0000, 0x0000,
    0x0000, 0x0000, 0x0000, 0x0000, 0x0000, 0x0000, 0x0000, 0x6B4D, 0xAD75, 0xB5B6, 0xBDD7, 0xBDF7, 0xBDF7, 0xB596, 0x8C71, 0x4208,
    0x0000, 0x0000, 0x0000, 0x0000, 0x0000, 0x0000, 0x0000, 0x0000, 0x0000, 0x0000, 0x0000, 0x0000, 0x0000, 0x0000, 0x0000, 0x0000,
};

// '菜' (U+83DC) 24x23
static const uint16_t cn_char_007[] PROGMEM = {
    0x0000, 0x0000, 0x0000, 0x0000, 0x0000, 0x0000, 0x0000, 0xE71C, 0xF7BE, 0x0000, 0x0000, 0x0000, 0x0000, 0x0000, 0x0000, 0xF7BE,
    0xE71C, 0x0000, 0x0000, 0x0000, 0x0000, 0x0000, 0x0000, 0x0000, 0x0000, 0x0000, 0x0000, 0x0000, 0x0000, 0x0000, 0x0000, 0xE71C,
    0xF7BE, 0x0000, 0x0000, 0x0000, 0x0000, 0x0000, 0x0000, 0xF7BE, 0xE71C, 0x0000, 0x0000, 0x0000, 0x0000, 0x0000, 0x0000, 0x0000,
    0x738E, 0xFFFF, 0xFFFF, 0xFFFF, 0xFFFF, 0xFFFF, 0xFFFF, 0xFFFF, 0xFFFF, 0xFFFF, 0xFFFF, 0xFFFF, 0xFFFF, 0xFFFF, 0xFFFF, 0xFFFF,
    0xFFFF, 0xFFFF, 0xFFFF, 0xFFFF, 0xFFFF, 0xFFFF, 0xFFFF, 0x8430, 0x4A49, 0xAD75, 0xAD75, 0xAD75, 0xAD75, 0xAD75, 0xAD75, 0xF7BE,
    0xFFFF, 0xAD75, 0xAD75, 0xAD75, 0xAD75, 0xAD75, 0xAD75, 0xFFFF, 0xF7BE, 0xAD75, 0xAD75, 0xAD75, 0xAD75, 0xAD75, 0xAD75, 0x5ACB,
    0x0000, 0x0000, 0x0000, 0x0000, 0x0000, 0x0000, 0x0000, 0xE71C, 0xF7BE, 0x0000, 0x0000, 0x0000, 0x0000, 0x0000, 0x0000, 0xF7BE,
    0xE71C, 0x0000, 0x0000, 0x0000, 0x0000, 0x0000, 0x0000, 0x0000, 0x0000, 0x0000, 0x0000, 0x0841, 0x0861, 0x10A2, 0x18C3, 0x2104,
    0x2965, 0x39C7, 0x4208, 0x4A69, 0x5ACB, 0x6B4D, 0x7BCF, 0x8C51, 0x9CF3, 0xB596, 0xC638, 0xDEFB, 0xF7BE, 0x10A2, 0x0000, 0x0000,
    0x0000, 0x0861, 0xFFFF, 0xFFFF, 0xFFFF, 0xFFFF, 0xFFFF, 0xFFFF, 0xFFFF, 0xFFFF, 0xFFFF, 0xFFFF, 0xFFFF, 0xFFFF, 0xFFFF, 0xFFFF,
    0xFFFF, 0xEF7D, 0xDEDB, 0xCE59, 0xB5B6, 0x2124, 0x0000, 0x0000, 0x0000, 0x0000, 0x8C71, 0x9CD3, 0x9492, 0x8C51, 0x8410, 0x7BCF,
    0x6B6D, 0x630C, 0x52AA, 0x4A49, 0x39E7, 0x2965, 0x18E3, 0x1082, 0x0000, 0x0000, 0x0000, 0x0000, 0x0000, 0x0000, 0x0000, 0x0000,
    0x0000, 0x0000, 0x0000, 0x2124, 0xBDF7, 0x39E7, 0x0000, 0x0000, 0x0000, 0x0000, 0x9492, 0xAD55, 0x0000, 0x0000, 0x0000, 0x0000,
    0x0000, 0x0000, 0x8430, 0x8C51, 0x0000, 0x0000, 0x0000, 0x0000, 0x0000, 0x0000, 0x0000, 0x31A6, 0xFFFF, 0xDEDB, 0x0020, 0x0000,
    0x0000, 0x0000, 0xA534, 0xFFFF, 0x5AEB, 0x0000, 0x0000, 0x0000, 0x0000, 0x6B4D, 0xFFFF, 0xF79E, 0x2965, 0x0000, 0x0000, 0x0000,
    0x0000, 0x0000, 0x0000, 0x0000, 0xA534, 0xFFFF, 0x7BEF, 0x0000, 0x0000, 0x0000, 0x18E3, 0xF7BE, 0xE73C, 0x0861, 0x0000, 0x0000,
    0x5AEB, 0xFFFF, 0xF79E, 0x39C7, 0x0000, 0x0000, 0x0000, 0x0000, 0x0000, 0x0000, 0x0000, 0x0000, 0x2104, 0xFFDF, 0xF7BE, 0x18E3,
    0x0000, 0x0000, 0x0000, 0x8C71, 0x8C71, 0x0861, 0x0000, 0x52AA, 0xFFFF, 0xF79E, 0x39C7, 0x0000, 0x0000, 0x0000, 0x0000, 0x0000,
    0x0000, 0x0000, 0x0000, 0x0000, 0x0000, 0x8C51, 0x8410, 0x0020, 0x0000, 0x0000, 0x0841, 0xFFFF, 0xCE59, 0x0000, 0x0000, 0x18C3,
    0xC618, 0x3186, 0x0000, 0x0000, 0x0000, 0x0000, 0x0000, 0x0000, 0x0000, 0x0000, 0x0000, 0x0000, 0x0000, 0x0000, 0x0000, 0x0000,
    0x0000, 0x0000, 0x0841, 0xFFFF, 0xCE59, 0x0000, 0x0000, 0x0000, 0x0000, 0x0000, 0x0000, 0x0000, 0x0000, 0x0000, 0x0000, 0x0000,
    0x4208, 0xFFFF, 0xFFFF, 0xFFFF, 0xFFFF, 0xFFFF, 0xFFFF, 0xFFFF, 0xFFFF, 0xFFFF, 0xFFFF, 0xFFFF, 0xFFFF, 0xFFFF, 0xFFFF, 0xFFFF,
    0xFFFF, 0xFFFF, 0xFFFF, 0xFFFF, 0xFFFF, 0xFFFF, 0xFFFF, 0x630C, 0x2945, 0xA534, 0xA534, 0xA534, 0xA534, 0xA534, 0xA534, 0xA534,
    0xC618, 0xFFFF, 0xF79E, 0xFFFF, 0xF7BE, 0xFFFF, 0xF79E, 0xA534, 0xA534, 0xA534, 0xA534, 0xA534, 0xA534, 0xA534, 0xA534, 0x39E7,
    0x0000, 0x0000, 0x0000, 0x0000, 0x0000, 0x0000, 0x0000, 0x31A6, 0xE73C, 0xEF7D, 0x39C7, 0xFFFF, 0xCE59, 0x738E, 0xFFFF, 0x9CD3,
    0x0000, 0x0000, 0x0000, 0x0000, 0x0000, 0x0000, 0x0000, 0x0000, 0x0000, 0x0000, 0x0000, 0x0000, 0x0000, 0x0000, 0x738E, 0xFFDF,
    0xE71C, 0x2965, 0x0841, 0xFFFF, 0xCE59, 0x0000, 0x8410, 0xFFFF, 0xBDD7, 0x18E3, 0x0000, 0x0000, 0x0000, 0x0000, 0x0000, 0x0000,
    0x0000, 0x0000, 0x0000, 0x0000, 0x3186, 0xC638, 0xFFFF, 0xBDD7, 0x10A2, 0x0000, 0x0841, 0xFFFF, 0xCE59, 0x0000, 0x0000, 0x5ACB,
    0xF7BE, 0xF79E, 0x738E, 0x0841, 0x0000, 0x0000, 0x0000, 0x0000, 0x0000, 0x0000, 0x3186, 0xAD75, 0xFFFF, 0xF79E, 0x6B6D, 0x0000,
    0x0000, 0x0000, 0x0841, 0xFFFF, 0xCE59, 0x0000, 0x0000, 0x0000, 0x2965, 0xCE59, 0xFFFF, 0xEF7D, 0x8430, 0x2124, 0x0000, 0x0000,
    0x4208, 0xCE79, 0xFFFF, 0xFFFF, 0xA514, 0x10A2, 0x0000, 0x0000, 0x0000, 0x0000, 0x0841, 0xFFFF, 0xCE59, 0x0000, 0x0000, 0x0000,
    0x0000, 0x0000, 0x5AEB, 0xE71C, 0xFFFF, 0xFFFF, 0xDEFB, 0x4228, 0x0841, 0xBDD7, 0x9CF3, 0x2104, 0x0000, 0x0000, 0x0000, 0x0000,
    0x0000, 0x0000, 0x0841, 0xFFFF, 0xCE59, 0x0000, 0x0000, 0x0000, 0x0000, 0x0000, 0x0000, 0x0020, 0x528A, 0xB5B6, 0xA534, 0x0000,
    0x0000, 0x0000, 0x0000, 0x0000, 0x0000, 0x0000, 0x0000, 0x0000, 0x0000, 0x0000, 0x0841, 0xFFFF, 0xCE59, 0x0000, 0x0000, 0x0000,
    0x0000, 0x0000, 0x0000, 0x0000, 0x0000, 0x0000, 0x0000, 0x0000,
};

// '单' (U+5355) 24x22
static const uint16_t cn_char_008[] PROGMEM = {
    0x0000, 0x0000, 0x0000, 0x0000, 0x0000, 0x2945, 0xC638, 0x2945, 0x0000, 0x0000, 0x0000, 0x0000, 0x0000, 0x0000, 0x0000, 0x0000,
    0x738E, 0xAD55, 0x2124, 0x0000, 0x0000, 0x0000, 0x0000, 0x0000, 0x0000, 0x0000, 0x0000, 0x0000, 0x0000, 0x6B4D, 0xFFFF, 0xE73C,
    0x2124, 0x0000, 0x0000, 0x0000, 0x0000, 0x0000, 0x0000, 0x18E3, 0xF7BE, 0xFFFF, 0x5AEB, 0x0000, 0x0000, 0x0000, 0x0000, 0x0000,
    0x0000, 0x0000, 0x0000, 0x0000, 0x0000, 0x0000, 0x94B2, 0xFFFF, 0xDEFB, 0x18C3, 0x0000, 0x0000, 0x0000, 0x0000, 0x0000, 0xBDD7,
    0xFFFF, 0x94B2, 0x0000, 0x0000, 0x0000, 0x0000, 0x0000, 0x0000, 0x0000, 0x0000, 0x0000, 0x0000, 0x0000, 0x0000, 0x0020, 0xBDD7,
    0xFFDF, 0x4A69, 0x0000, 0x0000, 0x0000, 0x0000, 0x632C, 0xFFFF, 0xCE59, 0x0020, 0x0000, 0x0000, 0x0000, 0x0000, 0x0000, 0x0000,
    0x0000, 0x0000, 0x3186, 0xFFFF, 0xFFFF, 0xFFFF, 0xFFFF, 0xFFFF, 0xFFFF, 0xFFFF, 0xFFFF, 0xFFFF, 0xFFFF, 0xFFFF, 0xFFFF, 0xFFFF,
    0xFFFF, 0xFFFF, 0xFFFF, 0xFFFF, 0xFFFF, 0x39C7, 0x0000, 0x0000, 0x0000, 0x0000, 0x3186, 0xFFFF, 0xDEDB, 0xA534, 0xA534, 0xA534,
    0xA534, 0xA534, 0xA534, 0xF7BE, 0xFFDF, 0xA534, 0xA534, 0xA534, 0xA534, 0xA534, 0xA534, 0xD6BA, 0xFFFF, 0x39C7, 0x0000, 0x0000,
    0x0000, 0x0000, 0x3186, 0xFFFF, 0x9CD3, 0x0000, 0x0000, 0x0000, 0x0000, 0x0000, 0x0000, 0xEF5D, 0xEF7D, 0x0000, 0x0000, 0x0000,
    0x0000, 0x0000, 0x0000, 0x9492, 0xFFFF, 0x39C7, 0x0000, 0x0000, 0x0000, 0x0000, 0x3186, 0xFFFF, 0x9CD3, 0x0000, 0x0000, 0x0000,
    0x0000, 0x0000, 0x0000, 0xEF5D, 0xEF7D, 0x0000, 0x0000, 0x0000, 0x0000, 0x0000, 0x0000, 0x9492, 0xFFFF, 0x39C7, 0x0000, 0x0000,
    0x0000, 0x0000, 0x3186, 0xFFFF, 0xFFFF, 0xFFFF, 0xFFFF, 0xFFFF, 0xFFFF, 0xFFFF, 0xFFFF, 0xFFFF, 0xFFFF, 0xFFFF, 0xFFFF, 0xFFFF,
    0xFFFF, 0xFFFF, 0xFFFF, 0xFFFF, 0xFFFF, 0x39C7, 0x0000, 0x0000, 0x0000, 0x0000, 0x3186, 0xFFFF, 0xD6BA, 0x9CD3, 0x9CD3, 0x9CD3,
    0x9CD3, 0x9CD3, 0x9CD3, 0xF7BE, 0xF7BE, 0x9CD3, 0x9CD3, 0x9CD3, 0x9CD3, 0x9CD3, 0x9CD3, 0xD69A, 0xFFFF, 0x39C7, 0x0000, 0x0000,
    0x0000, 0x0000, 0x3186, 0xFFFF, 0x9CD3, 0x0000, 0x0000, 0x0000, 0x0000, 0x0000, 0x0000, 0xEF5D, 0xEF7D, 0x0000, 0x0000, 0x0000,
    0x0000, 0x0000, 0x0000, 0x9492, 0xFFFF, 0x39C7, 0x0000, 0x0000, 0x0000, 0x0000, 0x3186, 0xFFFF, 0x9CD3, 0x0000, 0x0000, 0x0000,
    0x0000, 0x0000, 0x0000, 0xEF5D, 0xEF7D, 0x0000, 0x0000, 0x0000, 0x0000, 0x0000, 0x0000, 0x9492, 0xFFFF, 0x39C7, 0x0000, 0x0000,
    0x0000, 0x0000, 0x3186, 0xFFFF, 0xFFFF, 0xFFFF, 0xFFFF, 0xFFFF, 0xFFFF, 0xFFFF, 0xFFFF, 0xFFFF, 0xFFFF, 0xFFFF, 0xFFFF, 0xFFFF,
    0xFFFF, 0xFFFF, 0xFFFF, 0xFFFF, 0xFFFF, 0x39C7, 0x0000, 0x0000, 0x0000, 0x0000, 0x3186, 0xFFFF, 0xDEDB, 0xA534, 0xA534, 0xA534,
    0xA534, 0xA534, 0xA534, 0xF7BE, 0xFFDF, 0xA534, 0xA534, 0xA534, 0xA534, 0xA534, 0xA534, 0xD6BA, 0xFFFF, 0x39C7, 0x0000, 0x0000,
    0x0000, 0x0000, 0x3186, 0xFFFF, 0x9CD3, 0x0000, 0x0000, 0x0000, 0x0000, 0x0000, 0x0000, 0xEF5D, 0xEF7D, 0x0000, 0x0000, 0x0000,
    0x0000, 0x0000, 0x0000, 0x9492, 0xFFFF, 0x39C7, 0x0000, 0x0000, 0x0000, 0x0000, 0x0000, 0x0000, 0x0000, 0x0000, 0x0000, 0x0000,
    0x0000, 0x0000, 0x0000, 0xEF5D, 0xEF7D, 0x0000, 0x0000, 0x0000, 0x0000, 0x0000, 0x0000, 0x0000, 0x0000, 0x0000, 0x0000, 0x0000,
    0x8C51, 0xFFFF, 0xFFFF, 0xFFFF, 0xFFFF, 0xFFFF, 0xFFFF, 0xFFFF, 0xFFFF, 0xFFFF, 0xFFFF, 0xFFFF, 0xFFFF, 0xFFFF, 0xFFFF, 0xFFFF,
    0xFFFF, 0xFFFF, 0xFFFF, 0xFFFF, 0xFFFF, 0xFFFF, 0xFFFF, 0x8C51, 0x5AEB, 0xB596, 0xB596, 0xB596, 0xB596, 0xB596, 0xB596, 0xB596,
    0xB596, 0xB596, 0xB596, 0xFFDF, 0xFFDF, 0xB596, 0xB596, 0xB596, 0xB596, 0xB596, 0xB596, 0xB596, 0xB596, 0xB596, 0xB596, 0x5AEB,
    0x0000, 0x0000, 0x0000, 0x0000, 0x0000, 0x0000, 0x0000, 0x0000, 0x0000, 0x0000, 0x0000, 0xEF5D, 0xEF7D, 0x0000, 0x0000, 0x0000,
    0x0000, 0x0000, 0x0000, 0x0000, 0x0000, 0x0000, 0x0000, 0x0000, 0x0000, 0x0000, 0x0000, 0x0000, 0x0000, 0x0000, 0x0000, 0x0000,
    0x0000, 0x0000, 0x0000, 0xEF5D, 0xEF7D, 0x0000, 0x0000, 0x0000, 0x0000, 0x0000, 0x0000, 0x0000, 0x0000, 0x0000, 0x0000, 0x0000,
    0x0000, 0x0000, 0x0000, 0x0000, 0x0000, 0x0000, 0x0000, 0x0000, 0x0000, 0x0000, 0x0000, 0xEF5D, 0xEF7D, 0x0000, 0x0000, 0x0000,
    0x0000, 0x0000, 0x0000, 0x0000, 0x0000, 0x0000, 0x0000, 0x0000, 0x0000, 0x0000, 0x0000, 0x0000, 0x0000, 0x0000, 0x0000, 0x0000,
    0x0000, 0x0000, 0x0000, 0xEF5D, 0xEF7D, 0x0000, 0x0000, 0x0000, 0x0000, 0x0000, 0x0000, 0x0000, 0x0000, 0x0000, 0x0000, 0x0000,
};

// '页' (U+9875) 24x21
static const uint16_t cn_char_009[] PROGMEM = {
    0x2965, 0xFFFF, 0xFFFF, 0xFFFF, 0xFFFF, 0xFFFF, 0xFFFF, 0xFFFF, 0xFFFF, 0xFFFF, 0xFFFF, 0xFFFF, 0xFFFF, 0xFFFF, 0xFFFF, 0xFFFF,
    0xFFFF, 0xFFFF, 0xFFFF, 0xFFFF, 0xFFFF, 0xFFFF, 0xFFFF, 0x4A49, 0x2104, 0xBDF7, 0xBDF7, 0xBDF7, 0xBDF7, 0xBDF7, 0xBDF7, 0xBDF7,
    0xBDF7, 0xBDF7, 0xCE59, 0xFFFF, 0xFFDF, 0xBDF7, 0xBDF7, 0xBDF7, 0xBDF7, 0xBDF7, 0xBDF7, 0xBDF7, 0xBDF7, 0xBDF7, 0xBDF7, 0x31A6,
    0x0000, 0x0000, 0x0000, 0x0000, 0x0000, 0x0000, 0x0000, 0x0000, 0x0000, 0x0000, 0x52AA, 0xFFFF, 0xB5B6, 0x0000, 0x0000, 0x0000,
    0x0000, 0x0000, 0x0000, 0x0000, 0x0000, 0x0000, 0x0000, 0x0000, 0x0000, 0x0000, 0x0000, 0x0000, 0x0000, 0x0000, 0x0000, 0x0000,
    0x0000, 0x0000, 0x8C51, 0xFFFF, 0x738E, 0x0000, 0x0000, 0x0000, 0x0000, 0x0000, 0x0000, 0x0000, 0x0000, 0x0000, 0x0000, 0x0000,
    0x0000, 0x0000, 0x0000, 0x0000, 0x0000, 0x0000, 0x0000, 0x0000, 0x0000, 0x0000, 0xC618, 0xFFFF, 0x2104, 0x0000, 0x0000, 0x0000,
    0x0000, 0x0000, 0x0000, 0x0000, 0x0000, 0x0000, 0x0000, 0x0000, 0x0000, 0x0000, 0x0000, 0x8C51, 0xFFFF, 0xFFFF, 0xFFFF, 0xFFFF,
    0xFFFF, 0xFFFF, 0xFFFF, 0xFFFF, 0xFFFF, 0xFFFF, 0xFFFF, 0xFFFF, 0xFFFF, 0xFFFF, 0xFFFF, 0xFFFF, 0xD69A, 0x0000, 0x0000, 0x0000,
    0x0000, 0x0000, 0x0000, 0x8C51, 0xFFFF, 0xD6BA, 0xBDF7, 0xBDF7, 0xBDF7, 0xBDF7, 0xBDF7, 0xBDF7, 0xBDF7, 0xBDF7, 0xBDF7, 0xBDF7,
    0xBDF7, 0xBDF7, 0xC618, 0xFFFF, 0xD69A, 0x0000, 0x0000, 0x0000, 0x0000, 0x0000, 0x0000, 0x8C51, 0xFFFF, 0x630C, 0x0000, 0x0000,
    0x0000, 0x0000, 0x0000, 0x0000, 0x0000, 0x0000, 0x0000, 0x0000, 0x0000, 0x0000, 0x10A2, 0xFFFF, 0xD69A, 0x0000, 0x0000, 0x0000,
    0x0000, 0x0000, 0x0000, 0x8C51, 0xFFFF, 0x630C, 0x0000, 0x0000, 0x0000, 0x0000, 0x0000, 0xD69A, 0xFFFF, 0x10A2, 0x0000, 0x0000,
    0x0000, 0x0000, 0x10A2, 0xFFFF, 0xD69A, 0x0000, 0x0000, 0x0000, 0x0000, 0x0000, 0x0000, 0x8C51, 0xFFFF, 0x630C, 0x0000, 0x0000,
    0x0000, 0x0000, 0x0000, 0xD69A, 0xFFFF, 0x10A2, 0x0000, 0x0000, 0x0000, 0x0000, 0x10A2, 0xFFFF, 0xD69A, 0x0000, 0x0000, 0x0000,
    0x0000, 0x0000, 0x0000, 0x8C51, 0xFFFF, 0x630C, 0x0000, 0x0000, 0x0000, 0x0000, 0x0000, 0xD69A, 0xFFFF, 0x1082, 0x0000, 0x0000,
    0x0000, 0x0000, 0x10A2, 0xFFFF, 0xD69A, 0x0000, 0x0000, 0x0000, 0x0000, 0x0000, 0x0000, 0x8C51, 0xFFFF, 0x630C, 0x0000, 0x0000,
    0x0000, 0x0000, 0x0000, 0xEF5D, 0xFFFF, 0x0000, 0x0000, 0x0000, 0x0000, 0x0000, 0x10A2, 0xFFFF, 0xD69A, 0x0000, 0x0000, 0x0000,
    0x0000, 0x0000, 0x0000, 0x8C51, 0xFFFF, 0x630C, 0x0000, 0x0000, 0x0000, 0x0000, 0x0861, 0xFFFF, 0xE73C, 0x0000, 0x0000, 0x0000,
    0x0000, 0x0000, 0x10A2, 0xFFFF, 0xD69A, 0x0000, 0x0000, 0x0000, 0x0000, 0x0000, 0x0000, 0x8C51, 0xFFFF, 0x630C, 0x0000, 0x0000,
    0x0000, 0x0000, 0x528A, 0xFFFF, 0xAD75, 0x0000, 0x0000, 0x0000, 0x0000, 0x0000, 0x10A2, 0xFFFF, 0xD69A, 0x0000, 0x0000, 0x0000,
    0x0000, 0x0000, 0x0000, 0x8C51, 0xFFFF, 0x630C, 0x0000, 0x0000, 0x0000, 0x0000, 0xC638, 0xFFFF, 0xCE59, 0x39E7, 0x0000, 0x0000,
    0x0000, 0x0000, 0x10A2, 0xFFFF, 0xD69A, 0x0000, 0x0000, 0x0000, 0x0000, 0x0000, 0x0000, 0x8C51, 0xFFFF, 0x630C, 0x0000, 0x0000,
    0x0000, 0x7BCF, 0xFFFF, 0xFFFF, 0xFFFF, 0xFFFF, 0xCE79, 0x5ACB, 0x0020, 0x0000, 0x10A2, 0xFFFF, 0xD69A, 0x0000, 0x0000, 0x0000,
    0x0000, 0x0000, 0x0000, 0x0000, 0x0000, 0x0000, 0x0000, 0x0841, 0x8C71, 0xFFFF, 0xFFFF, 0x4A69, 0x39E7, 0xB596, 0xFFFF, 0xFFFF,
    0xE71C, 0x6B6D, 0x0841, 0x0000, 0x0000, 0x0000, 0x0000, 0x0000, 0x0000, 0x0000, 0x0000, 0x0000, 0x0000, 0x0861, 0x6B4D, 0xDEFB,
    0xFFFF, 0xF7BE, 0x5ACB, 0x0000, 0x0000, 0x0000, 0x2945, 0xA514, 0xFFDF, 0xFFFF, 0xEF5D, 0x73AE, 0x0841, 0x0000, 0x0000, 0x0000,
    0x0000, 0x0000, 0x18C3, 0x5ACB, 0xAD55, 0xF79E, 0xFFFF, 0xFFFF, 0xBDD7, 0x2945, 0x0000, 0x0000, 0x0000, 0x0000, 0x0000, 0x0000,
    0x18E3, 0x9CD3, 0xFFDF, 0xFFFF, 0xEF5D, 0x6B6D, 0x0020, 0x0000, 0x4228, 0xDEFB, 0xFFFF, 0xFFFF, 0xFFFF, 0xF79E, 0x9CF3, 0x3186,
    0x0000, 0x0000, 0x0000, 0x0000, 0x0000, 0x0000, 0x0000, 0x0000, 0x0000, 0x0000, 0x2104, 0x9CF3, 0xFFFF, 0xFFFF, 0xDEDB, 0x0861,
    0x0000, 0xBDD7, 0xCE59, 0x8C71, 0x4A49, 0x0020, 0x0000, 0x0000, 0x0000, 0x0000, 0x0000, 0x0000, 0x0000, 0x0000, 0x0000, 0x0000,
    0x0000, 0x0000, 0x0000, 0x0000, 0x2965, 0xB5B6, 0x6B6D, 0x0000,
};

// '面' (U+9762) 24x21
static const uint16_t cn_char_010[] PROGMEM = {
    0x4A69, 0xFFFF, 0xFFFF, 0xFFFF, 0xFFFF, 0xFFFF, 0xFFFF, 0xFFFF, 0xFFFF, 0xFFFF, 0xFFFF, 0xFFFF, 0xFFFF, 0xFFFF, 0xFFFF, 0xFFFF,
    0xFFFF, 0xFFFF, 0xFFFF, 0xFFFF, 0xFFFF, 0xFFFF, 0xFFFF, 0x4208, 0x31A6, 0xBDF7, 0xBDF7, 0xBDF7, 0xBDF7, 0xBDF7, 0xBDF7, 0xBDF7,
    0xBDF7, 0xBDF7, 0xE71C, 0xFFFF, 0xDEFB, 0xBDF7, 0xBDF7, 0xBDF7, 0xBDF7, 0xBDF7, 0xBDF7, 0xBDF7, 0xBDF7, 0xBDF7, 0xBDF7, 0x2965,
    0x0000, 0x0000, 0x0000, 0x0000, 0x0000, 0x0000, 0x0000, 0x0000, 0x0000, 0x0000, 0xC618, 0xFFFF, 0x4228, 0x0000, 0x0000, 0x0000,
    0x0000, 0x0000, 0x0000, 0x0000, 0x0000, 0x0000, 0x0000, 0x0000, 0x0000, 0x0000, 0x0000, 0x0000, 0x0000, 0x0000, 0x0000, 0x0000,
    0x0000, 0x18C3, 0xFFFF, 0xDEFB, 0x0000, 0x0000, 0x0000, 0x0000, 0x0000, 0x0000, 0x0000, 0x0000, 0x0000, 0x0000, 0x0000, 0x0000,
    0x0000, 0x0000, 0x0000, 0x0000, 0x0000, 0x0000, 0x0000, 0x0000, 0x0000, 0x738E, 0xFFFF, 0x7BCF, 0x0000, 0x0000, 0x0000, 0x0000,
    0x0000, 0x0000, 0x0000, 0x0000, 0x0000, 0x0000, 0x0000, 0x0000, 0x0000, 0x0861, 0xFFFF, 0xFFFF, 0xFFFF, 0xFFFF, 0xFFFF, 0xFFFF,
    0xFFFF, 0xFFFF, 0xFFFF, 0xFFFF, 0xFFFF, 0xFFFF, 0xFFFF, 0xFFFF, 0xFFFF, 0xFFFF, 0xFFFF, 0xFFFF, 0xFFFF, 0xF79E, 0x0000, 0x0000,
    0x0000, 0x0861, 0xFFFF, 0xE71C, 0x8C71, 0x8C71, 0x8C71, 0xC618, 0xFFFF, 0xA534, 0x8C71, 0x8C71, 0x8C71, 0x8C71, 0xB596, 0xFFFF,
    0xB5B6, 0x8C71, 0x8C71, 0x8C71, 0xEF7D, 0xF79E, 0x0000, 0x0000, 0x0000, 0x0861, 0xFFFF, 0xC618, 0x0000, 0x0000, 0x0000, 0x7BCF,
    0xFFFF, 0x39C7, 0x0000, 0x0000, 0x0000, 0x0000, 0x52AA, 0xFFFF, 0x5AEB, 0x0000, 0x0000, 0x0000, 0xDEFB, 0xF79E, 0x0000, 0x0000,
    0x0000, 0x0861, 0xFFFF, 0xC618, 0x0000, 0x0000, 0x0000, 0x7BCF, 0xFFFF, 0x39C7, 0x0000, 0x0000, 0x0000, 0x0000, 0x52AA, 0xFFFF,
    0x5AEB, 0x0000, 0x0000, 0x0000, 0xDEFB, 0xF79E, 0x0000, 0x0000, 0x0000, 0x0861, 0xFFFF, 0xC618, 0x0000, 0x0000, 0x0000, 0x7BCF,
    0xFFFF, 0xFFFF, 0xFFFF, 0xFFFF, 0xFFFF, 0xFFFF, 0xFFFF, 0xFFFF, 0x5AEB, 0x0000, 0x0000, 0x0000, 0xDEFB, 0xF79E, 0x0000, 0x0000,
    0x0000, 0x0861, 0xFFFF, 0xC618, 0x0000, 0x0000, 0x0000, 0x7BCF, 0xFFFF, 0x9CF3, 0x8410, 0x8410, 0x8410, 0x8410, 0xAD55, 0xFFFF,
    0x5AEB, 0x0000, 0x0000, 0x0000, 0xDEFB, 0xF79E, 0x0000, 0x0000, 0x0000, 0x0861, 0xFFFF, 0xC618, 0x0000, 0x0000, 0x0000, 0x7BCF,
    0xFFFF, 0x39C7, 0x0000, 0x0000, 0x0000, 0x0000, 0x52AA, 0xFFFF, 0x5AEB, 0x0000, 0x0000, 0x0000, 0xDEFB, 0xF79E, 0x0000, 0x0000,
    0x0000, 0x0861, 0xFFFF, 0xC618, 0x0000, 0x0000, 0x0000, 0x7BCF, 0xFFFF, 0x39C7, 0x0000, 0x0000, 0x0000, 0x0000, 0x52AA, 0xFFFF,
    0x5AEB, 0x0000, 0x0000, 0x0000, 0xDEFB, 0xF79E, 0x0000, 0x0000, 0x0000, 0x0861, 0xFFFF, 0xC618, 0x0000, 0x0000, 0x0000, 0x7BCF,
    0xFFFF, 0x39C7, 0x0000, 0x0000, 0x0000, 0x0000, 0x52AA, 0xFFFF, 0x5AEB, 0x0000, 0x0000, 0x0000, 0xDEFB, 0xF79E, 0x0000, 0x0000,
    0x0000, 0x0861, 0xFFFF, 0xC618, 0x0000, 0x0000, 0x0000, 0x7BCF, 0xFFFF, 0xFFFF, 0xFFFF, 0xFFFF, 0xFFFF, 0xFFFF, 0xFFFF, 0xFFFF,
    0x5AEB, 0x0000, 0x0000, 0x0000, 0xDEFB, 0xF79E, 0x0000, 0x0000, 0x0000, 0x0861, 0xFFFF, 0xC618, 0x0000, 0x0000, 0x0000, 0x7BCF,
    0xFFFF, 0x9CF3, 0x8410, 0x8410, 0x8410, 0x8410, 0xAD55, 0xFFFF, 0x5AEB, 0x0000, 0x0000, 0x0000, 0xDEFB, 0xF79E, 0x0000, 0x0000,
    0x0000, 0x0861, 0xFFFF, 0xC618, 0x0000, 0x0000, 0x0000, 0x7BCF, 0xFFFF, 0x39C7, 0x0000, 0x0000, 0x0000, 0x0000, 0x52AA, 0xFFFF,
    0x5AEB, 0x0000, 0x0000, 0x0000, 0xDEFB, 0xF79E, 0x0000, 0x0000, 0x0000, 0x0861, 0xFFFF, 0xC618, 0x0000, 0x0000, 0x0000, 0x7BCF,
    0xFFFF, 0x39C7, 0x0000, 0x0000, 0x0000, 0x0000, 0x52AA, 0xFFFF, 0x5AEB, 0x0000, 0x0000, 0x0000, 0xDEFB, 0xF79E, 0x0000, 0x0000,
    0x0000, 0x0861, 0xFFFF, 0xFFFF, 0xFFFF, 0xFFFF, 0xFFFF, 0xFFFF, 0xFFFF, 0xFFFF, 0xFFFF, 0xFFFF, 0xFFFF, 0xFFFF, 0xFFFF, 0xFFFF,
    0xFFFF, 0xFFFF, 0xFFFF, 0xFFFF, 0xFFFF, 0xF79E, 0x0000, 0x0000, 0x0000, 0x0861, 0xFFFF, 0xE71C, 0x8C71, 0x8C71, 0x8C71, 0x8C71,
    0x8C71, 0x8C71, 0x8C71, 0x8C71, 0x8C71, 0x8C71, 0x8C71, 0x8C71, 0x8C71, 0x8C71, 0x8C71, 0x8C71, 0xEF7D, 0xF79E, 0x0000, 0x0000,
    0x0000, 0x0861, 0xFFFF, 0xC618, 0x0000, 0x0000, 0x0000, 0x0000, 0x0000, 0x0000, 0x0000, 0x0000, 0x0000, 0x0000, 0x0000, 0x0000,
    0x0000, 0x0000, 0x0000, 0x0000, 0xDEFB, 0xF79E, 0x0000, 0x0000,
};

// '返' (U+8FD4) 24x23
static const uint16_t cn_char_011[] PROGMEM = {
    0x0000, 0x0020, 0x8410, 0xA534, 0x0000, 0x0000, 0x0000, 0x0000, 0x0000, 0x0020, 0x0841, 0x1082, 0x18C3, 0x2945, 0x31A6, 0x4228,
    0x5ACB, 0x738E, 0x8C51, 0xA514, 0xC638, 0xE73C, 0x6B4D, 0x0000, 0x0000, 0x0861, 0xD69A, 0xFFFF, 0x9492, 0x0000, 0x0000, 0x0000,
    0x31A6, 0xFFFF, 0xFFFF, 0xFFFF, 0xFFFF, 0xFFFF, 0xFFFF, 0xFFFF, 0xFFFF, 0xFFFF, 0xFFFF, 0xFFFF, 0xFFFF, 0xF79E, 0xAD55, 0x0000,
    0x0000, 0x0000, 0x2104, 0xEF7D, 0xFFFF, 0x6B4D, 0x0000, 0x0000, 0x31A6, 0xFFFF, 0xDEDB, 0x9CD3, 0x8C71, 0x8410, 0x73AE, 0x6B4D,
    0x5ACB, 0x4A49, 0x31A6, 0x18E3, 0x0841, 0x0000, 0x0000, 0x0000, 0x0000, 0x0000, 0x0000, 0x4A69, 0xFFFF, 0xFFDF, 0x31A6, 0x0000,
    0x31A6, 0xFFFF, 0x94B2, 0x0000, 0x0000, 0x0000, 0x0000, 0x0000, 0x0000, 0x0000, 0x0000, 0x0000, 0x0000, 0x0000, 0x0000, 0x0000,
    0x0000, 0x0000, 0x0000, 0x0000, 0x8C51, 0x8C51, 0x0020, 0x0000, 0x31A6, 0xFFFF, 0x94B2, 0x0000, 0x0000, 0x0000, 0x0000, 0x0000,
    0x0000, 0x0000, 0x0000, 0x0000, 0x0000, 0x0000, 0x0000, 0x0000, 0x0000, 0x0000, 0x0000, 0x0000, 0x0000, 0x0000, 0x0000, 0x0000,
    0x31A6, 0xFFFF, 0x94B2, 0x0000, 0x0000, 0x0000, 0x0000, 0x0000, 0x0000, 0x0000, 0x0000, 0x0000, 0x0000, 0x0000, 0x0000, 0x0000,
    0x0000, 0x0000, 0x0000, 0x0000, 0x0000, 0x0000, 0x0000, 0x0000, 0x31A6, 0xFFFF, 0xFFFF, 0xFFFF, 0xFFFF, 0xFFFF, 0xFFFF, 0xFFFF,
    0xFFFF, 0xFFFF, 0xFFFF, 0xFFFF, 0xFFFF, 0xEF7D, 0x0000, 0x0000, 0x0000, 0x0000, 0x0000, 0x0000, 0x0000, 0x0000, 0x0000, 0x0000,
    0x31A6, 0xFFFF, 0xD6BA, 0xA534, 0xA534, 0xA534, 0xA534, 0xA534, 0xA534, 0xA534, 0xA534, 0xAD75, 0xFFFF, 0xE73C, 0x0000, 0x0000,
    0x8410, 0xFFFF, 0xFFFF, 0xFFFF, 0xFFFF, 0x18C3, 0x0000, 0x0000, 0x4228, 0xFFFF, 0x8430, 0x0000, 0x0000, 0x0000, 0x0000, 0x0000,
    0x0000, 0x0000, 0x0000, 0x6B6D, 0xFFFF, 0x94B2, 0x0000, 0x0000, 0x5AEB, 0xBDF7, 0xBDF7, 0xEF7D, 0xFFFF, 0x18C3, 0x0000, 0x0000,
    0x52AA, 0xFFFF, 0x738E, 0x52AA, 0xB5B6, 0x10A2, 0x0000, 0x0000, 0x0000, 0x0000, 0x0841, 0xE73C, 0xFFFF, 0x2965, 0x0000, 0x0000,
    0x0000, 0x0000, 0x0000, 0xBDD7, 0xFFFF, 0x18C3, 0x0000, 0x0000, 0x738E, 0xFFFF, 0x5AEB, 0x94B2, 0xFFFF, 0xE73C, 0x39E7, 0x0000,
    0x0000, 0x0000, 0x8410, 0xFFFF, 0xA534, 0x0000, 0x0000, 0x0000, 0x0000, 0x0000, 0x0000, 0xBDD7, 0xFFFF, 0x18C3, 0x0000, 0x0000,
    0xAD55, 0xFFFF, 0x3186, 0x0000, 0x6B4D, 0xFFDF, 0xFFDF, 0x73AE, 0x0000, 0x4228, 0xFFFF, 0xF79E, 0x18C3, 0x0000, 0x0000, 0x0000,
    0x0000, 0x0000, 0x0000, 0xBDD7, 0xFFFF, 0x18C3, 0x0000, 0x0000, 0xDEFB, 0xF7BE, 0x0000, 0x0000, 0x0000, 0x39E7, 0xEF5D, 0xFFFF,
    0xB5B6, 0xEF5D, 0xFFFF, 0x5ACB, 0x0000, 0x0000, 0x0000, 0x0000, 0x0000, 0x0000, 0x0000, 0xBDD7, 0xFFFF, 0x18C3, 0x0000, 0x39E7,
    0xFFFF, 0xBDD7, 0x0000, 0x0000, 0x0000, 0x0000, 0x18E3, 0xD69A, 0xFFFF, 0xFFFF, 0x9CF3, 0x0000, 0x0000, 0x0000, 0x0000, 0x0000,
    0x0000, 0x0000, 0x0000, 0xBDD7, 0xFFFF, 0x18C3, 0x0000, 0xAD55, 0xFFFF, 0x528A, 0x0000, 0x0000, 0x0000, 0x0000, 0x5ACB, 0xF79E,
    0xFFFF, 0xFFFF, 0xF7BE, 0x5AEB, 0x0000, 0x0000, 0x0000, 0x0000, 0x0000, 0x0000, 0x0000, 0xBDD7, 0xFFFF, 0x18C3, 0x4228, 0xFFFF,
    0xE71C, 0x0000, 0x0000, 0x0000, 0x2104, 0xB5B6, 0xFFFF, 0xFFDF, 0x73AE, 0x8430, 0xFFFF, 0xFFFF, 0x8C71, 0x0000, 0x0000, 0x0000,
    0x0000, 0x0000, 0x0000, 0xBDD7, 0xFFFF, 0x18C3, 0xC638, 0xFFFF, 0x528A, 0x0000, 0x2104, 0x9CD3, 0xFFDF, 0xFFFF, 0xD69A, 0x31A6,
    0x0000, 0x0000, 0x630C, 0xFFDF, 0xFFFF, 0xB5B6, 0x0861, 0x0000, 0x0000, 0x0000, 0x18C3, 0xE71C, 0xFFFF, 0x18C3, 0x3186, 0x9492,
    0x0000, 0x8C71, 0xFFFF, 0xFFFF, 0xEF5D, 0x6B6D, 0x0020, 0x0000, 0x0000, 0x0000, 0x0000, 0x4228, 0xF79E, 0xFFFF, 0xA534, 0x0000,
    0x0000, 0x2124, 0xDEFB, 0xFFFF, 0xFFFF, 0x8C71, 0x0000, 0x0000, 0x0000, 0x2965, 0xD6BA, 0x738E, 0x0861, 0x0000, 0x0000, 0x0000,
    0x0000, 0x0000, 0x0000, 0x0000, 0x2965, 0xC618, 0x18C3, 0x0000, 0x3186, 0xEF5D, 0xFFFF, 0x6B6D, 0x7BCF, 0xFFFF, 0xB596, 0x3186,
    0x0000, 0x0000, 0x0000, 0x0000, 0x0000, 0x0000, 0x0000, 0x0000, 0x0000, 0x0000, 0x0000, 0x0000, 0x0000, 0x0000, 0x0000, 0x0000,
    0x7BEF, 0xFFFF, 0x8430, 0x0000, 0x0000, 0x8C71, 0xFFFF, 0xFFFF, 0xEF5D, 0xCE59, 0xBDD7, 0xB5B6, 0xB5B6, 0xB596, 0xAD75, 0xAD75,
    0xAD75, 0xB596, 0xBDD7, 0xBDF7, 0xC618, 0xCE59, 0xCE79, 0x632C, 0x1082, 0x9CD3, 0x0000, 0x0000, 0x0000, 0x0000, 0x31A6, 0x9CD3,
    0xCE59, 0xE73C, 0xEF7D, 0xF79E, 0xF7BE, 0xFFDF, 0xFFFF, 0xFFFF, 0xFFFF, 0xFFFF, 0xFFFF, 0xFFFF, 0xFFFF, 0xFFFF, 0xFFFF, 0x2945,
    0x0000, 0x0000, 0x0000, 0x0000, 0x0000, 0x0000, 0x0000, 0x0000, 0x0000, 0x0000, 0x0000, 0x0000, 0x0000, 0x0000, 0x0000, 0x0000,
    0x0000, 0x0000, 0x0000, 0x0000, 0x0000, 0x0000, 0x0000, 0x0000,
};

// '回' (U+56DE) 24x21
static const uint16_t cn_char_012[] PROGMEM = {
    0x0000, 0x39C7, 0xFFFF, 0xFFFF, 0xFFFF, 0xFFFF, 0xFFFF, 0xFFFF, 0xFFFF, 0xFFFF, 0xFFFF, 0xFFFF, 0xFFFF, 0xFFFF, 0xFFFF, 0xFFFF,
    0xFFFF, 0xFFFF, 0xFFFF, 0xFFFF, 0xFFFF, 0xFFFF, 0x4228, 0x0000, 0x0000, 0x39C7, 0xFFFF, 0xEF7D, 0xBDF7, 0xBDF7, 0xBDF7, 0xBDF7,
    0xBDF7, 0xBDF7, 0xBDF7, 0xBDF7, 0xBDF7, 0xBDF7, 0xBDF7, 0xBDF7, 0xBDF7, 0xBDF7, 0xBDF7, 0xBDF7, 0xEF5D, 0xFFFF, 0x4228, 0x0000,
    0x0000, 0x39C7, 0xFFFF, 0xC618, 0x0000, 0x0000, 0x0000, 0x0000, 0x0000, 0x0000, 0x0000, 0x0000, 0x0000, 0x0000, 0x0000, 0x0000,
    0x0000, 0x0000, 0x0000, 0x0000, 0xB5B6, 0xFFFF, 0x4228, 0x0000, 0x0000, 0x39C7, 0xFFFF, 0xC618, 0x0000, 0x0000, 0x0000, 0x0000,
    0x0000, 0x0000, 0x0000, 0x0000, 0x0000, 0x0000, 0x0000, 0x0000, 0x0000, 0x0000, 0x0000, 0x0000, 0xB5B6, 0xFFFF, 0x4228, 0x0000,
    0x0000, 0x39C7, 0xFFFF, 0xC618, 0x0000, 0x0000, 0x0000, 0x0000, 0x0000, 0x0000, 0x0000, 0x0000, 0x0000, 0x0000, 0x0000, 0x0000,
    0x0000, 0x0000, 0x0000, 0x0000, 0xB5B6, 0xFFFF, 0x4228, 0x0000, 0x0000, 0x39C7, 0xFFFF, 0xC618, 0x0000, 0x0000, 0x0000, 0x0000,
    0x0000, 0x0000, 0x0000, 0x0000, 0x0000, 0x0000, 0x0000, 0x0000, 0x0000, 0x0000, 0x0000, 0x0000, 0xB5B6, 0xFFFF, 0x4228, 0x0000,
    0x0000, 0x39C7, 0xFFFF, 0xC618, 0x0000, 0x0000, 0x0000, 0xFFDF, 0xFFFF, 0xFFFF, 0xFFFF, 0xFFFF, 0xFFFF, 0xFFFF, 0xFFFF, 0xFFFF,
    0xFFFF, 0x0000, 0x0000, 0x0000, 0xB5B6, 0xFFFF, 0x4228, 0x0000, 0x0000, 0x39C7, 0xFFFF, 0xC618, 0x0000, 0x0000, 0x0000, 0xFFDF,
    0xF79E, 0xA534, 0xA534, 0xA534, 0xA534, 0xA534, 0xA534, 0xF79E, 0xFFFF, 0x0000, 0x0000, 0x0000, 0xB5B6, 0xFFFF, 0x4228, 0x0000,
    0x0000, 0x39C7, 0xFFFF, 0xC618, 0x0000, 0x0000, 0x0000, 0xFFDF, 0xDEFB, 0x0000, 0x0000, 0x0000, 0x0000, 0x0000, 0x0000, 0xD6BA,
    0xFFFF, 0x0000, 0x0000, 0x0000, 0xB5B6, 0xFFFF, 0x4228, 0x0000, 0x0000, 0x39C7, 0xFFFF, 0xC618, 0x0000, 0x0000, 0x0000, 0xFFDF,
    0xDEFB, 0x0000, 0x0000, 0x0000, 0x0000, 0x0000, 0x0000, 0xD6BA, 0xFFFF, 0x0000, 0x0000, 0x0000, 0xB5B6, 0xFFFF, 0x4228, 0x0000,
    0x0000, 0x39C7, 0xFFFF, 0xC618, 0x0000, 0x0000, 0x0000, 0xFFDF, 0xDEFB, 0x0000, 0x0000, 0x0000, 0x0000, 0x0000, 0x0000, 0xD6BA,
    0xFFFF, 0x0000, 0x0000, 0x0000, 0xB5B6, 0xFFFF, 0x4228, 0x0000, 0x0000, 0x39C7, 0xFFFF, 0xC618, 0x0000, 0x0000, 0x0000, 0xFFDF,
    0xDEFB, 0x0000, 0x0000, 0x0000, 0x0000, 0x0000, 0x0000, 0xD6BA, 0xFFFF, 0x0000, 0x0000, 0x0000, 0xB5B6, 0xFFFF, 0x4228, 0x0000,
    0x0000, 0x39C7, 0xFFFF, 0xC618, 0x0000, 0x0000, 0x0000, 0xFFDF, 0xDEFB, 0x0000, 0x0000, 0x0000, 0x0000, 0x0000, 0x0000, 0xD6BA,
    0xFFFF, 0x0000, 0x0000, 0x0000, 0xB5B6, 0xFFFF, 0x4228, 0x0000, 0x0000, 0x39C7, 0xFFFF, 0xC618, 0x0000, 0x0000, 0x0000, 0xFFDF,
    0xFFFF, 0xFFFF, 0xFFFF, 0xFFFF, 0xFFFF, 0xFFFF, 0xFFFF, 0xFFFF, 0xFFFF, 0x0000, 0x0000, 0x0000, 0xB5B6, 0xFFFF, 0x4228, 0x0000,
    0x0000, 0x39C7, 0xFFFF, 0xC618, 0x0000, 0x0000, 0x0000, 0xFFDF, 0xF79E, 0xA534, 0xA534, 0xA534, 0xA534, 0xA534, 0xA534, 0xF79E,
    0xFFFF, 0x0000, 0x0000, 0x0000, 0xB5B6, 0xFFFF, 0x4228, 0x0000, 0x0000, 0x39C7, 0xFFFF, 0xC618, 0x0000, 0x0000, 0x0000, 0xFFDF,
    0xDEFB, 0x0000, 0x0000, 0x0000, 0x0000, 0x0000, 0x0000, 0xD6BA, 0xFFFF, 0x0000, 0x0000, 0x0000, 0xB5B6, 0xFFFF, 0x4228, 0x0000,
    0x0000, 0x39C7, 0xFFFF, 0xC618, 0x0000, 0x0000, 0x0000, 0x0000, 0x0000, 0x0000, 0x0000, 0x0000, 0x0000, 0x0000, 0x0000, 0x0000,
    0x0000, 0x0000, 0x0000, 0x0000, 0xB5B6, 0xFFFF, 0x4228, 0x0000, 0x0000, 0x39C7, 0xFFFF, 0xC618, 0x0000, 0x0000, 0x0000, 0x0000,
    0x0000, 0x0000, 0x0000, 0x0000, 0x0000, 0x0000, 0x0000, 0x0000, 0x0000, 0x0000, 0x0000, 0x0000, 0xB5B6, 0xFFFF, 0x4228, 0x0000,
    0x0000, 0x39C7, 0xFFFF, 0xC618, 0x0000, 0x0000, 0x0000, 0x0000, 0x0000, 0x0000, 0x0000, 0x0000, 0x0000, 0x0000, 0x0000, 0x0000,
    0x0000, 0x0000, 0x0000, 0x0000, 0xB5B6, 0xFFFF, 0x4228, 0x0000, 0x0000, 0x39C7, 0xFFFF, 0xFFFF, 0xFFFF, 0xFFFF, 0xFFFF, 0xFFFF,
    0xFFFF, 0xFFFF, 0xFFFF, 0xFFFF, 0xFFFF, 0xFFFF, 0xFFFF, 0xFFFF, 0xFFFF, 0xFFFF, 0xFFFF, 0xFFFF, 0xFFFF, 0xFFFF, 0x4228, 0x0000,
    0x0000, 0x39C7, 0xFFFF, 0xEF7D, 0xB596, 0xB596, 0xB596, 0xB596, 0xB596, 0xB596, 0xB596, 0xB596, 0xB596, 0xB596, 0xB596, 0xB596,
    0xB596, 0xB596, 0xB596, 0xB596, 0xEF5D, 0xFFFF, 0x4228, 0x0000,
};

// '功' (U+529F) 24x22
static const uint16_t cn_char_013[] PROGMEM = {
    0x0000, 0x0000, 0x0000, 0x0000, 0x0000, 0x0000, 0x0000, 0x0000, 0x0000, 0x0000, 0x0000, 0x0000, 0x0000, 0xE73C, 0xFFFF, 0x0000,
    0x0000, 0x0000, 0x0000, 0x0000, 0x0000, 0x0000, 0x0000, 0x0000, 0x0000, 0x0000, 0x0000, 0x0000, 0x0000, 0x0000, 0x0000, 0x0000,
    0x0000, 0x0000, 0x0000, 0x0000, 0x0000, 0xEF5D, 0xFFDF, 0x0000, 0x0000, 0x0000, 0x0000, 0x0000, 0x0000, 0x0000, 0x0000, 0x0000,
    0x5AEB, 0xFFFF, 0xFFFF, 0xFFFF, 0xFFFF, 0xFFFF, 0xFFFF, 0xFFFF, 0xFFFF, 0xFFFF, 0x0841, 0x0000, 0x0000, 0xEF7D, 0xF79E, 0x0000,
    0x0000, 0x0000, 0x0000, 0x0000, 0x0000, 0x0000, 0x0000, 0x0000, 0x4A69, 0xD6BA, 0xD6BA, 0xD6BA, 0xF7BE, 0xFFFF, 0xDEDB, 0xD6BA,
    0xD6BA, 0xD6BA, 0x0020, 0x0000, 0x0000, 0xF7BE, 0xEF5D, 0x0000, 0x0000, 0x0000, 0x0000, 0x0000, 0x0000, 0x0000, 0x0000, 0x0000,
    0x0000, 0x0000, 0x0000, 0x0000, 0xCE79, 0xFFFF, 0x18C3, 0x0000, 0x0000, 0xA514, 0xFFFF, 0xFFFF, 0xFFFF, 0xFFFF, 0xFFFF, 0xFFFF,
    0xFFFF, 0xFFFF, 0xFFFF, 0xFFFF, 0xFFFF, 0xFFFF, 0x5AEB, 0x0000, 0x0000, 0x0000, 0x0000, 0x0000, 0xCE79, 0xFFFF, 0x18C3, 0x0000,
    0x0000, 0x8410, 0xD69A, 0xD69A, 0xD69A, 0xFFFF, 0xFFDF, 0xD69A, 0xD69A, 0xD69A, 0xD69A, 0xD69A, 0xEF5D, 0xFFFF, 0x5ACB, 0x0000,
    0x0000, 0x0000, 0x0000, 0x0000, 0xCE79, 0xFFFF, 0x18C3, 0x0000, 0x0000, 0x0000, 0x0000, 0x0000, 0x0841, 0xFFFF, 0xD6BA, 0x0000,
    0x0000, 0x0000, 0x0000, 0x0000, 0x94B2, 0xFFFF, 0x528A, 0x0000, 0x0000, 0x0000, 0x0000, 0x0000, 0xCE79, 0xFFFF, 0x18C3, 0x0000,
    0x0000, 0x0000, 0x0000, 0x0000, 0x10A2, 0xFFFF, 0xCE79, 0x0000, 0x0000, 0x0000, 0x0000, 0x0000, 0x9CD3, 0xFFFF, 0x4A49, 0x0000,
    0x0000, 0x0000, 0x0000, 0x0000, 0xCE79, 0xFFFF, 0x18C3, 0x0000, 0x0000, 0x0000, 0x0000, 0x0000, 0x2124, 0xFFFF, 0xBDF7, 0x0000,
    0x0000, 0x0000, 0x0000, 0x0000, 0xA514, 0xFFFF, 0x4208, 0x0000, 0x0000, 0x0000, 0x0000, 0x0000, 0xCE79, 0xFFFF, 0x18C3, 0x0000,
    0x0000, 0x0000, 0x0000, 0x0000, 0x39E7, 0xFFFF, 0xA534, 0x0000, 0x0000, 0x0000, 0x0000, 0x0000, 0xAD55, 0xFFFF, 0x39C7, 0x0000,
    0x0000, 0x0000, 0x0000, 0x0000, 0xCE79, 0xFFFF, 0x18C3, 0x0000, 0x0000, 0x0000, 0x0000, 0x0000, 0x630C, 0xFFFF, 0x8430, 0x0000,
    0x0000, 0x0000, 0x0000, 0x0000, 0xAD75, 0xFFFF, 0x3186, 0x0000, 0x0000, 0x0000, 0x0000, 0x0000, 0xCE79, 0xFFFF, 0x18C3, 0x0000,
    0x0000, 0x0000, 0x0000, 0x0000, 0x9CD3, 0xFFFF, 0x528A, 0x0000, 0x0000, 0x0000, 0x0000, 0x0000, 0xB5B6, 0xFFFF, 0x2945, 0x0000,
    0x0000, 0x0000, 0x0000, 0x0000, 0xCE79, 0xFFFF, 0x18C3, 0x0000, 0x0000, 0x0000, 0x0000, 0x0000, 0xE71C, 0xFFFF, 0x18C3, 0x0000,
    0x0000, 0x0000, 0x0000, 0x0000, 0xC618, 0xFFFF, 0x18E3, 0x0000, 0x0000, 0x0000, 0x0000, 0x0000, 0xCE79, 0xFFFF, 0x4A69, 0x738E,
    0xAD75, 0xE71C, 0x0000, 0x4208, 0xFFFF, 0xC618, 0x0000, 0x0000, 0x0000, 0x0000, 0x0000, 0x0000, 0xCE79, 0xFFFF, 0x10A2, 0x0000,
    0x0841, 0x39C7, 0x6B4D, 0x9CF3, 0xF79E, 0xFFFF, 0xFFFF, 0xFFFF, 0xFFFF, 0xFFDF, 0x1082, 0xBDF7, 0xFFFF, 0x5AEB, 0x0000, 0x0000,
    0x0000, 0x0000, 0x0000, 0x0000, 0xDEDB, 0xFFFF, 0x0841, 0x0000, 0x8C71, 0xFFFF, 0xFFFF, 0xFFFF, 0xFFFF, 0xE73C, 0xAD75, 0x73AE,
    0x39E7, 0x0841, 0x5ACB, 0xFFFF, 0xDEDB, 0x0000, 0x0000, 0x0000, 0x0000, 0x0000, 0x0000, 0x0000, 0xE71C, 0xFFFF, 0x0000, 0x0000,
    0x4A49, 0xDEDB, 0x9CF3, 0x630C, 0x2124, 0x0000, 0x0000, 0x0000, 0x0000, 0x2945, 0xF79E, 0xFFFF, 0x4208, 0x0000, 0x0000, 0x0000,
    0x0000, 0x0000, 0x0000, 0x0000, 0xEF7D, 0xF7BE, 0x0000, 0x0000, 0x0000, 0x0000, 0x0000, 0x0000, 0x0000, 0x0000, 0x0000, 0x0000,
    0x2945, 0xE73C, 0xFFFF, 0x8430, 0x0000, 0x0000, 0x0000, 0x0000, 0x0000, 0x0000, 0x0000, 0x1082, 0xFFFF, 0xE73C, 0x0000, 0x0000,
    0x0000, 0x0000, 0x0000, 0x0000, 0x0000, 0x0000, 0x0000, 0x52AA, 0xF79E, 0xFFFF, 0x9CD3, 0x0000, 0x0000, 0x0020, 0x10A2, 0x0841,
    0x0000, 0x0000, 0x1082, 0x9CD3, 0xFFFF, 0xB5B6, 0x0000, 0x0000, 0x0000, 0x0000, 0x0000, 0x0000, 0x0000, 0x0000, 0xAD55, 0xFFFF,
    0xFFFF, 0x7BCF, 0x0000, 0x0000, 0x0000, 0x2965, 0xFFFF, 0xFFFF, 0xFFFF, 0xFFFF, 0xFFFF, 0xFFFF, 0xFFFF, 0x52AA, 0x0000, 0x0000,
    0x0000, 0x0000, 0x0000, 0x0000, 0x0000, 0x0000, 0x39E7, 0xCE59, 0x39C7, 0x0000, 0x0000, 0x0000, 0x0000, 0x0020, 0xFFDF, 0xFFFF,
    0xFFFF, 0xFFFF, 0xFFFF, 0xEF7D, 0x73AE, 0x0000, 0x0000, 0x0000, 0x0000, 0x0000, 0x0000, 0x0000, 0x0000, 0x0000, 0x0000, 0x0000,
    0x0000, 0x0000, 0x0000, 0x0000, 0x0000, 0x0000, 0x0000, 0x0000, 0x0000, 0x0861, 0x1082, 0x0000, 0x0000, 0x0000, 0x0000, 0x0000,
};

// '能' (U+80FD) 24x23
static const uint16_t cn_char_014[] PROGMEM = {
    0x0000, 0x0000, 0x0000, 0x0000, 0x18E3, 0xDEDB, 0x8430, 0x0000, 0x0000, 0x0000, 0x0000, 0x0000, 0x0000, 0x6B6D, 0xFFFF, 0x6B4D,
    0x0000, 0x0000, 0x0000, 0x0000, 0x0000, 0x0000, 0x0000, 0x0000, 0x0000, 0x0000, 0x0000, 0x0000, 0xB5B6, 0xFFFF, 0x7BCF, 0x0000,
    0x0000, 0x0000, 0x0000, 0x0000, 0x0000, 0x6B6D, 0xFFFF, 0x6B4D, 0x0000, 0x0000, 0x0000, 0x0000, 0x4208, 0xCE59, 0x31A6, 0x0000,
    0x0000, 0x0000, 0x0000, 0x630C, 0xFFFF, 0xBDF7, 0x0000, 0x0841, 0x8C51, 0x8C51, 0x0000, 0x0000, 0x0000, 0x6B6D, 0xFFFF, 0x6B4D,
    0x0000, 0x0000, 0x2124, 0xB596, 0xFFFF, 0xFFDF, 0x7BCF, 0x0000, 0x0000, 0x0000, 0x2124, 0xF79E, 0xE73C, 0x18C3, 0x0000, 0x0020,
    0xD6BA, 0xFFFF, 0x39C7, 0x0000, 0x0000, 0x6B6D, 0xFFFF, 0x6B4D, 0x3186, 0xAD55, 0xFFFF, 0xFFFF, 0xAD75, 0x2124, 0x0000, 0x0000,
    0x0000, 0x18C3, 0xDEFB, 0xFFDF, 0x39C7, 0x0000, 0x0000, 0x0000, 0x4208, 0xFFFF, 0xDEDB, 0x0841, 0x0000, 0x6B6D, 0xFFFF, 0xE71C,
    0xFFFF, 0xFFFF, 0xBDF7, 0x39C7, 0x0000, 0x0000, 0x0000, 0x0000, 0x2965, 0xDEDB, 0xFFFF, 0x6B6D, 0x18C3, 0x2965, 0x39E7, 0x528A,
    0x632C, 0xE71C, 0xFFFF, 0x8410, 0x0000, 0x6B6D, 0xFFFF, 0xFFFF, 0xB5B6, 0x39C7, 0x0000, 0x0000, 0x0000, 0x738E, 0xA534, 0x2124,
    0x5ACB, 0xFFFF, 0xFFFF, 0xFFFF, 0xFFFF, 0xFFFF, 0xFFFF, 0xFFFF, 0xFFFF, 0xFFFF, 0xFFFF, 0xF7BE, 0x2104, 0x6B6D, 0xFFFF, 0x7BCF,
    0x0000, 0x0000, 0x0000, 0x0000, 0x0000, 0x8C71, 0xFFFF, 0x4A49, 0x0841, 0xCE59, 0xBDF7, 0xA534, 0x8C71, 0x7BCF, 0x632C, 0x4A69,
    0x39E7, 0x2945, 0x7BCF, 0xFFFF, 0xAD75, 0x6B4D, 0xFFFF, 0x6B4D, 0x0000, 0x0000, 0x0000, 0x0000, 0x0000, 0xAD75, 0xFFFF, 0x2945,
    0x0000, 0x0000, 0x0000, 0x0000, 0x0000, 0x0000, 0x0000, 0x0000, 0x0000, 0x0000, 0x0841, 0xBDF7, 0x39C7, 0x528A, 0xFFFF, 0xB596,
    0x0841, 0x0000, 0x0000, 0x0000, 0x3186, 0xF79E, 0xFFDF, 0x0020, 0x0000, 0x4228, 0xFFFF, 0xFFFF, 0xFFFF, 0xFFFF, 0xFFFF, 0xFFFF,
    0xFFFF, 0xFFFF, 0xFFFF, 0x4208, 0x0000, 0x0861, 0xE73C, 0xFFFF, 0xFFFF, 0xFFFF, 0xFFFF, 0xFFFF, 0xFFFF, 0xFFFF, 0x94B2, 0x0000,
    0x0000, 0x4228, 0xFFFF, 0xCE59, 0x8410, 0x8410, 0x8410, 0x8410, 0x8410, 0xCE59, 0xFFFF, 0x4208, 0x0000, 0x0000, 0x18C3, 0x7BEF,
    0x9CF3, 0xA514, 0xA514, 0x9CF3, 0x8C71, 0x52AA, 0x0000, 0x0000, 0x0000, 0x4228, 0xFFFF, 0x9492, 0x0000, 0x0000, 0x0000, 0x0000,
    0x0000, 0x94B2, 0xFFFF, 0x4208, 0x0000, 0x0000, 0x0000, 0x0000, 0x0000, 0x0000, 0x0000, 0x0000, 0x0000, 0x0000, 0x0000, 0x0000,
    0x0000, 0x4228, 0xFFFF, 0x9492, 0x0000, 0x0000, 0x0000, 0x0000, 0x0000, 0x94B2, 0xFFFF, 0x4208, 0x0000, 0x7BCF, 0xFFFF, 0x5AEB,
    0x0000, 0x0000, 0x0000, 0x0000, 0x18C3, 0x9492, 0xAD55, 0x0000, 0x0000, 0x4228, 0xFFFF, 0xFFFF, 0xFFFF, 0xFFFF, 0xFFFF, 0xFFFF,
    0xFFFF, 0xFFFF, 0xFFFF, 0x4208, 0x0000, 0x7BCF, 0xFFFF, 0x5AEB, 0x0000, 0x0000, 0x1082, 0x8C51, 0xF7BE, 0xFFFF, 0xD69A, 0x18E3,
    0x0000, 0x4228, 0xFFFF, 0xFFFF, 0xFFFF, 0xFFFF, 0xFFFF, 0xFFFF, 0xFFFF, 0xFFFF, 0xFFFF, 0x4208, 0x0000, 0x7BCF, 0xFFFF, 0x5AEB,
    0x2965, 0x9CD3, 0xF7BE, 0xFFFF, 0xDEFB, 0x5AEB, 0x0000, 0x0000, 0x0000, 0x4228, 0xFFFF, 0xBDF7, 0x6B4D, 0x6B4D, 0x6B4D, 0x6B4D,
    0x6B4D, 0xBDF7, 0xFFFF, 0x4208, 0x0000, 0x7BCF, 0xFFFF, 0xE71C, 0xFFFF, 0xFFFF, 0xDEDB, 0x6B4D, 0x0020, 0x0000, 0x0000, 0x0000,
    0x0000, 0x4228, 0xFFFF, 0x9492, 0x0000, 0x0000, 0x0000, 0x0000, 0x0000, 0x94B2, 0xFFFF, 0x4208, 0x0000, 0x7BCF, 0xFFFF, 0xFFFF,
    0xBDF7, 0x4A69, 0x0000, 0x0000, 0x0000, 0x0000, 0x0000, 0x0000, 0x0000, 0x4228, 0xFFFF, 0xFFFF, 0xFFFF, 0xFFFF, 0xFFFF, 0xFFFF,
    0xFFFF, 0xFFFF, 0xFFFF, 0x4208, 0x0000, 0x7BCF, 0xFFFF, 0x6B6D, 0x0000, 0x0000, 0x0000, 0x0000, 0x0000, 0x632C, 0xAD75, 0x2965,
    0x0000, 0x4228, 0xFFFF, 0xFFFF, 0xFFFF, 0xFFFF, 0xFFFF, 0xFFFF, 0xFFFF, 0xFFFF, 0xFFFF, 0x4208, 0x0000, 0x7BCF, 0xFFFF, 0x5AEB,
    0x0000, 0x0000, 0x0000, 0x0000, 0x0000, 0x8410, 0xFFFF, 0x5ACB, 0x0000, 0x4228, 0xFFFF, 0xBDF7, 0x6B4D, 0x6B4D, 0x6B4D, 0x6B4D,
    0x6B4D, 0xBDF7, 0xFFFF, 0x4208, 0x0000, 0x73AE, 0xFFFF, 0x630C, 0x0000, 0x0000, 0x0000, 0x0000, 0x0000, 0x9CF3, 0xFFFF, 0x39C7,
    0x0000, 0x4228, 0xFFFF, 0x9492, 0x0000, 0x0000, 0x10A2, 0x0020, 0x0020, 0xAD75, 0xFFFF, 0x3186, 0x0000, 0x632C, 0xFFFF, 0xA534,
    0x0020, 0x0000, 0x0000, 0x0000, 0x18E3, 0xE73C, 0xFFFF, 0x1082, 0x0000, 0x4228, 0xFFFF, 0x9492, 0x0000, 0x0000, 0xF79E, 0xFFFF,
    0xFFFF, 0xFFFF, 0xE73C, 0x0841, 0x0000, 0x18E3, 0xF7BE, 0xFFFF, 0xFFFF, 0xFFFF, 0xFFFF, 0xFFFF, 0xFFFF, 0xFFFF, 0xAD75, 0x0000,
    0x0000, 0x4228, 0xFFFF, 0x9492, 0x0000, 0x0000, 0x8430, 0xA534, 0xA534, 0x8C71, 0x2124, 0x0000, 0x0000, 0x0000, 0x2945, 0x8430,
    0x9CF3, 0xA514, 0xA514, 0xA514, 0x94B2, 0x632C, 0x0841, 0x0000,
};

// '1' (U+0031) 14x18
static const uint16_t cn_char_015[] PROGMEM = {
    0x0000, 0x0000, 0x0000, 0x0000, 0x0000, 0x0000, 0x0020, 0x8C51, 0xF79E, 0x0000, 0x0000, 0x0000, 0x0000, 0x0000, 0x0000, 0x0000,
    0x0000, 0x0000, 0x0000, 0x4228, 0xD6BA, 0xFFFF, 0xF7BE, 0x0000, 0x0000, 0x0000, 0x0000, 0x0000, 0x0000, 0x0000, 0x0841, 0x5ACB,
    0xCE59, 0xFFFF, 0xFFFF, 0xFFFF, 0xF7BE, 0x0000, 0x0000, 0x0000, 0x0000, 0x0000, 0x0000, 0x0000, 0x8430, 0xFFFF, 0xFFFF, 0xE73C,
    0x9492, 0xFFFF, 0xF7BE, 0x0000, 0x0000, 0x0000, 0x0000, 0x0000, 0x0000, 0x0000, 0x8430, 0xE73C, 0x7BEF, 0x0861, 0x528A, 0xFFFF,
    0xF7BE, 0x0000, 0x0000, 0x0000, 0x0000, 0x0000, 0x0000, 0x0000, 0x10A2, 0x0000, 0x0000, 0x0000, 0x528A, 0xFFFF, 0xF7BE, 0x0000,
    0x0000, 0x0000, 0x0000, 0x0000, 0x0000, 0x0000, 0x0000, 0x0000, 0x0000, 0x0000, 0x528A, 0xFFFF, 0xF7BE, 0x0000, 0x0000, 0x0000,
    0x0000, 0x0000, 0x0000, 0x0000, 0x0000, 0x0000, 0x0000, 0x0000, 0x528A, 0xFFFF, 0xF7BE, 0x0000, 0x0000, 0x0000, 0x0000, 0x0000,
    0x0000, 0x0000, 0x0000, 0x0000, 0x0000, 0x0000, 0x528A, 0xFFFF, 0xF7BE, 0x0000, 0x0000, 0x0000, 0x0000, 0x0000, 0x0000, 0x0000,
    0x0000, 0x0000, 0x0000, 0x0000, 0x528A, 0xFFFF, 0xF7BE, 0x0000, 0x0000, 0x0000, 0x0000, 0x0000, 0x0000, 0x0000, 0x0000, 0x0000,
    0x0000, 0x0000, 0x528A, 0xFFFF, 0xF7BE, 0x0000, 0x0000, 0x0000, 0x0000, 0x0000, 0x0000, 0x0000, 0x0000, 0x0000, 0x0000, 0x0000,
    0x528A, 0xFFFF, 0xF7BE, 0x0000, 0x0000, 0x0000, 0x0000, 0x0000, 0x0000, 0x0000, 0x0000, 0x0000, 0x0000, 0x0000, 0x528A, 0xFFFF,
    0xF7BE, 0x0000, 0x0000, 0x0000, 0x0000, 0x0000, 0x0000, 0x0000, 0x0000, 0x0000, 0x0000, 0x0000, 0x528A, 0xFFFF, 0xF7BE, 0x0000,
    0x0000, 0x0000, 0x0000, 0x0000, 0x0000, 0x0000, 0x0000, 0x0000, 0x0000, 0x0000, 0x528A, 0xFFFF, 0xF7BE, 0x0000, 0x0000, 0x0000,
    0x0000, 0x0000, 0x0000, 0x0000, 0x0000, 0x0000, 0x0000, 0x0000, 0x528A, 0xFFFF, 0xF7BE, 0x0000, 0x0000, 0x0000, 0x0000, 0x0000,
    0x0000, 0x0000, 0x0000, 0x0000, 0x0000, 0x0000, 0x528A, 0xFFFF, 0xF7BE, 0x0000, 0x0000, 0x0000, 0x0000, 0x0000, 0x0000, 0x0000,
    0x0000, 0x0000, 0x0000, 0x0000, 0x528A, 0xFFFF, 0xF7BE, 0x0000, 0x0000, 0x0000, 0x0000, 0x0000,
};

// '2' (U+0032) 14x18
static const uint16_t cn_char_016[] PROGMEM = {
    0x0000, 0x0000, 0x0000, 0x2124, 0x9CD3, 0xDEFB, 0xF7BE, 0xF79E, 0xCE59, 0x73AE, 0x0841, 0x0000, 0x0000, 0x0000, 0x0000, 0x0000,
    0x632C, 0xFFDF, 0xFFFF, 0xFFFF, 0xF7BE, 0xFFFF, 0xFFFF, 0xFFFF, 0xD6BA, 0x18C3, 0x0000, 0x0000, 0x0000, 0x0000, 0xDEFB, 0xEF5D,
    0x6B6D, 0x10A2, 0x0000, 0x0861, 0x6B4D, 0xF79E, 0xFFFF, 0xB5B6, 0x0000, 0x0000, 0x0000, 0x0000, 0x9CF3, 0x1082, 0x0000, 0x0000,
    0x0000, 0x0000, 0x0000, 0x632C, 0xFFFF, 0xFFFF, 0x18C3, 0x0000, 0x0000, 0x0000, 0x0000, 0x0000, 0x0000, 0x0000, 0x0000, 0x0000,
    0x0000, 0x10A2, 0xFFFF, 0xFFFF, 0x39E7, 0x0000, 0x0000, 0x0000, 0x0000, 0x0000, 0x0000, 0x0000, 0x0000, 0x0000, 0x0000, 0x10A2,
    0xFFFF, 0xFFFF, 0x2945, 0x0000, 0x0000, 0x0000, 0x0000, 0x0000, 0x0000, 0x0000, 0x0000, 0x0000, 0x0000, 0x528A, 0xFFFF, 0xFFDF,
    0x0841, 0x0000, 0x0000, 0x0000, 0x0000, 0x0000, 0x0000, 0x0000, 0x0000, 0x0000, 0x0841, 0xD69A, 0xFFFF, 0x9CF3, 0x0000, 0x0000,
    0x0000, 0x0000, 0x0000, 0x0000, 0x0000, 0x0000, 0x0000, 0x0841, 0xB5B6, 0xFFFF, 0xEF7D, 0x18E3, 0x0000, 0x0000, 0x0000, 0x0000,
    0x0000, 0x0000, 0x0000, 0x0000, 0x2945, 0xD69A, 0xFFFF, 0xEF7D, 0x31A6, 0x0000, 0x0000, 0x0000, 0x0000, 0x0000, 0x0000, 0x0000,
    0x0000, 0x6B4D, 0xF7BE, 0xFFFF, 0xCE79, 0x2124, 0x0000, 0x0000, 0x0000, 0x0000, 0x0000, 0x0000, 0x0000, 0x0841, 0xAD55, 0xFFFF,
    0xFFFF, 0x8430, 0x0020, 0x0000, 0x0000, 0x0000, 0x0000, 0x0000, 0x0000, 0x0000, 0x0841, 0xC618, 0xFFFF, 0xE71C, 0x39C7, 0x0000,
    0x0000, 0x0000, 0x0000, 0x0000, 0x0000, 0x0000, 0x0000, 0x0000, 0x9CD3, 0xFFFF, 0xD69A, 0x10A2, 0x0000, 0x0000, 0x0000, 0x0000,
    0x0000, 0x0000, 0x0000, 0x0000, 0x0000, 0x2124, 0xFFFF, 0xFFFF, 0x2104, 0x0000, 0x0000, 0x0000, 0x0000, 0x0000, 0x0000, 0x0000,
    0x0000, 0x0000, 0x0000, 0x738E, 0xFFFF, 0xD6BA, 0x0861, 0x0861, 0x0861, 0x0861, 0x0861, 0x0861, 0x0861, 0x0861, 0x0841, 0x0000,
    0x0000, 0x9492, 0xFFFF, 0xFFFF, 0xFFFF, 0xFFFF, 0xFFFF, 0xFFFF, 0xFFFF, 0xFFFF, 0xFFFF, 0xFFFF, 0xD69A, 0x0000, 0x0000, 0x9CD3,
    0xFFFF, 0xFFFF, 0xFFFF, 0xFFFF, 0xFFFF, 0xFFFF, 0xFFFF, 0xFFFF, 0xFFFF, 0xFFFF, 0xD69A, 0x0000,
};

// '这' (U+8FD9) 24x23
static const uint16_t cn_char_017[] PROGMEM = {
    0x0000, 0x0000, 0x0000, 0x0000, 0x0000, 0x0000, 0x0000, 0x0000, 0x0000, 0x0000, 0x0000, 0x0000, 0x0000, 0x8410, 0xBDD7, 0x0000,
    0x0000, 0x0000, 0x0000, 0x0000, 0x0000, 0x0000, 0x0000, 0x0000, 0x0000, 0x0020, 0x8410, 0xA534, 0x0000, 0x0000, 0x0000, 0x0000,
    0x0000, 0x0000, 0x0000, 0x0000, 0x0000, 0xBDD7, 0xFFFF, 0x5AEB, 0x0000, 0x0000, 0x0000, 0x0000, 0x0000, 0x0000, 0x0000, 0x0000,
    0x0000, 0x0861, 0xD69A, 0xFFFF, 0x9492, 0x0000, 0x0000, 0x0000, 0x0000, 0x0000, 0x0000, 0x0000, 0x0000, 0x31A6, 0xFFFF, 0xDEFB,
    0x0020, 0x0000, 0x0000, 0x0000, 0x0000, 0x0000, 0x0000, 0x0000, 0x0000, 0x0000, 0x2104, 0xEF7D, 0xFFFF, 0x6B4D, 0x0000, 0x0000,
    0x0000, 0x0000, 0x0000, 0x0000, 0x0000, 0x0000, 0xAD55, 0x8410, 0x0841, 0x0000, 0x0000, 0x0000, 0x0000, 0x0000, 0x0000, 0x0000,
    0x0000, 0x0000, 0x0000, 0x4A69, 0xFFFF, 0xFFDF, 0x31A6, 0xCE59, 0xFFFF, 0xFFFF, 0xFFFF, 0xFFFF, 0xFFFF, 0xFFFF, 0xFFFF, 0xFFFF,
    0xFFFF, 0xFFFF, 0xFFFF, 0xFFFF, 0xFFFF, 0xFFFF, 0xFFFF, 0x1082, 0x0000, 0x0000, 0x0000, 0x0000, 0x8C51, 0x8C51, 0x0020, 0x8410,
    0xA534, 0xA534, 0xA534, 0xA534, 0xA534, 0xA534, 0xA534, 0xA534, 0xA534, 0xA534, 0xA534, 0xA534, 0xA534, 0xA534, 0xA534, 0x0841,
    0x0000, 0x0000, 0x0000, 0x0000, 0x0000, 0x0000, 0x0000, 0x0000, 0x0000, 0x0000, 0x0000, 0x0000, 0x0000, 0x0000, 0x0000, 0x0000,
    0x0000, 0x0000, 0x0861, 0x18C3, 0x0000, 0x0000, 0x0000, 0x0000, 0x0000, 0x0000, 0x0000, 0x0000, 0x0000, 0x0000, 0x0000, 0x0000,
    0x0000, 0x0000, 0x0000, 0x0000, 0x0000, 0x0000, 0x0000, 0x0000, 0x0000, 0x0000, 0x8410, 0xFFDF, 0x6B4D, 0x0000, 0x0000, 0x0000,
    0x0000, 0x0000, 0x0000, 0x0000, 0x0000, 0x0000, 0x0000, 0x0000, 0x0020, 0xA514, 0x4208, 0x0000, 0x0000, 0x0000, 0x0000, 0x0000,
    0x0000, 0x1082, 0xF79E, 0xFFFF, 0x2945, 0x0000, 0x0000, 0x0000, 0x8410, 0xFFFF, 0xFFFF, 0xFFFF, 0xFFFF, 0x18C3, 0x0000, 0x0000,
    0x3186, 0xF79E, 0xFFFF, 0x73AE, 0x0000, 0x0000, 0x0000, 0x0000, 0x0000, 0x8410, 0xFFFF, 0x9CF3, 0x0000, 0x0000, 0x0000, 0x0000,
    0x5AEB, 0xBDF7, 0xBDF7, 0xEF7D, 0xFFFF, 0x18C3, 0x0000, 0x0000, 0x0000, 0x2945, 0xDEFB, 0xFFFF, 0xA534, 0x0841, 0x0000, 0x0000,
    0x2965, 0xF7BE, 0xFFDF, 0x18E3, 0x0000, 0x0000, 0x0000, 0x0000, 0x0000, 0x0000, 0x0000, 0xBDD7, 0xFFFF, 0x18C3, 0x0000, 0x0000,
    0x0000, 0x0000, 0x1082, 0xC618, 0xFFFF, 0xCE79, 0x18E3, 0x0841, 0xD6BA, 0xFFFF, 0x6B6D, 0x0000, 0x0000, 0x0000, 0x0000, 0x0000,
    0x0000, 0x0000, 0x0000, 0xBDD7, 0xFFFF, 0x18C3, 0x0000, 0x0000, 0x0000, 0x0000, 0x0000, 0x0020, 0xA534, 0xFFFF, 0xEF5D, 0xB5B6,
    0xFFFF, 0xAD75, 0x0000, 0x0000, 0x0000, 0x0000, 0x0000, 0x0000, 0x0000, 0x0000, 0x0000, 0xBDD7, 0xFFFF, 0x18C3, 0x0000, 0x0000,
    0x0000, 0x0000, 0x0000, 0x0000, 0x0000, 0x8410, 0xFFFF, 0xFFFF, 0xEF7D, 0x1082, 0x0000, 0x0000, 0x0000, 0x0000, 0x0000, 0x0000,
    0x0000, 0x0000, 0x0000, 0xBDD7, 0xFFFF, 0x18C3, 0x0000, 0x0000, 0x0000, 0x0000, 0x0000, 0x0000, 0x0000, 0x8C71, 0xFFFF, 0xFFFF,
    0xFFFF, 0x94B2, 0x0020, 0x0000, 0x0000, 0x0000, 0x0000, 0x0000, 0x0000, 0x0000, 0x0000, 0xBDD7, 0xFFFF, 0x18C3, 0x0000, 0x0000,
    0x0000, 0x0000, 0x0000, 0x18E3, 0xBDF7, 0xFFFF, 0xEF5D, 0x738E, 0xF79E, 0xFFFF, 0xBDF7, 0x1082, 0x0000, 0x0000, 0x0000, 0x0000,
    0x0000, 0x0000, 0x0000, 0xBDD7, 0xFFFF, 0x18C3, 0x0000, 0x0000, 0x0000, 0x0020, 0x6B4D, 0xF79E, 0xFFFF, 0xD69A, 0x2104, 0x0000,
    0x3186, 0xE73C, 0xFFFF, 0xDEDB, 0x2124, 0x0000, 0x0000, 0x0000, 0x0000, 0x0000, 0x0000, 0xBDD7, 0xFFFF, 0x18C3, 0x0000, 0x0020,
    0x5ACB, 0xDEDB, 0xFFFF, 0xFFFF, 0x8C71, 0x0020, 0x0000, 0x0000, 0x0000, 0x18E3, 0xD6BA, 0xFFFF, 0xEF7D, 0x4228, 0x0000, 0x0000,
    0x0000, 0x0000, 0x18C3, 0xDEFB, 0xFFFF, 0x2104, 0x0861, 0xDEFB, 0xFFFF, 0xFFFF, 0xC618, 0x3186, 0x0000, 0x0000, 0x0000, 0x0000,
    0x0000, 0x0000, 0x1082, 0xC618, 0xFFFF, 0xF7BE, 0x10A2, 0x0000, 0x0000, 0x2124, 0xDEFB, 0xFFFF, 0xFFFF, 0xB5B6, 0x0020, 0x73AE,
    0xBDD7, 0x4228, 0x0000, 0x0000, 0x0000, 0x0000, 0x0000, 0x0000, 0x0000, 0x0000, 0x0000, 0x0841, 0xAD55, 0x52AA, 0x0000, 0x0000,
    0x3186, 0xEF5D, 0xFFFF, 0x6B6D, 0x73AE, 0xFFFF, 0xCE59, 0x4208, 0x0000, 0x0000, 0x0000, 0x0000, 0x0000, 0x0000, 0x0000, 0x0000,
    0x0000, 0x0000, 0x0000, 0x0000, 0x0000, 0x0000, 0x0000, 0x0000, 0x7BEF, 0xFFFF, 0x8430, 0x0000, 0x0000, 0x8410, 0xFFFF, 0xFFFF,
    0xF79E, 0xD69A, 0xC618, 0xBDF7, 0xB5B6, 0xAD75, 0xAD55, 0xA514, 0xA514, 0xAD55, 0xB596, 0xBDD7, 0xC618, 0xCE59, 0xD69A, 0x632C,
    0x1082, 0x9CD3, 0x0000, 0x0000, 0x0000, 0x0000, 0x2945, 0x8C51, 0xC618, 0xDEFB, 0xEF5D, 0xEF7D, 0xF79E, 0xF7BE, 0xFFFF, 0xFFFF,
    0xFFFF, 0xFFFF, 0xFFFF, 0xFFFF, 0xFFFF, 0xFFFF, 0xFFFF, 0x2124,
};

// '是' (U+662F) 24x21
static const uint16_t cn_char_018[] PROGMEM = {
    0x0000, 0x0000, 0x0000, 0x0000, 0xEF7D, 0xFFFF, 0xFFFF, 0xFFFF, 0xFFFF, 0xFFFF, 0xFFFF, 0xFFFF, 0xFFFF, 0xFFFF, 0xFFFF, 0xFFFF,
    0xFFFF, 0xFFFF, 0xFFFF, 0xFFFF, 0x0020, 0x0000, 0x0000, 0x0000, 0x0000, 0x0000, 0x0000, 0x0000, 0xEF7D, 0xF79E, 0x9CD3, 0x9CD3,
    0x9CD3, 0x9CD3, 0x9CD3, 0x9CD3, 0x9CD3, 0x9CD3, 0x9CD3, 0x9CD3, 0x9CD3, 0x9CD3, 0xE73C, 0xFFFF, 0x0020, 0x0000, 0x0000, 0x0000,
    0x0000, 0x0000, 0x0000, 0x0000, 0xEF7D, 0xDEFB, 0x0000, 0x0000, 0x0000, 0x0000, 0x0000, 0x0000, 0x0000, 0x0000, 0x0000, 0x0000,
    0x0000, 0x0000, 0xC638, 0xFFFF, 0x0020, 0x0000, 0x0000, 0x0000, 0x0000, 0x0000, 0x0000, 0x0000, 0xEF7D, 0xFFFF, 0xFFFF, 0xFFFF,
    0xFFFF, 0xFFFF, 0xFFFF, 0xFFFF, 0xFFFF, 0xFFFF, 0xFFFF, 0xFFFF, 0xFFFF, 0xFFFF, 0xFFFF, 0xFFFF, 0x0020, 0x0000, 0x0000, 0x0000,
    0x0000, 0x0000, 0x0000, 0x0000, 0xEF7D, 0xEF7D, 0x8C71, 0x8C71, 0x8C71, 0x8C71, 0x8C71, 0x8C71, 0x8C71, 0x8C71, 0x8C71, 0x8C71,
    0x8C71, 0x8C71, 0xE73C, 0xFFFF, 0x0020, 0x0000, 0x0000, 0x0000, 0x0000, 0x0000, 0x0000, 0x0000, 0xEF7D, 0xDEFB, 0x0000, 0x0000,
    0x0000, 0x0000, 0x0000, 0x0000, 0x0000, 0x0000, 0x0000, 0x0000, 0x0000, 0x0000, 0xC638, 0xFFFF, 0x0020, 0x0000, 0x0000, 0x0000,
    0x0000, 0x0000, 0x0000, 0x0000, 0xEF7D, 0xDEFB, 0x0000, 0x0000, 0x0000, 0x0000, 0x0000, 0x0000, 0x0000, 0x0000, 0x0000, 0x0000,
    0x0000, 0x0000, 0xC638, 0xFFFF, 0x0020, 0x0000, 0x0000, 0x0000, 0x0000, 0x0000, 0x0000, 0x0000, 0xEF7D, 0xFFFF, 0xFFFF, 0xFFFF,
    0xFFFF, 0xFFFF, 0xFFFF, 0xFFFF, 0xFFFF, 0xFFFF, 0xFFFF, 0xFFFF, 0xFFFF, 0xFFFF, 0xFFFF, 0xFFFF, 0x0020, 0x0000, 0x0000, 0x0000,
    0x0000, 0x0000, 0x0000, 0x0000, 0xEF7D, 0xF79E, 0x9CD3, 0x9CD3, 0x9CD3, 0x9CD3, 0x9CD3, 0x9CD3, 0x9CD3, 0x9CD3, 0x9CD3, 0x9CD3,
    0x9CD3, 0x9CD3, 0xE73C, 0xFFFF, 0x0020, 0x0000, 0x0000, 0x0000, 0x0000, 0x0000, 0x0000, 0x0000, 0x0000, 0x0000, 0x0000, 0x0000,
    0x0000, 0x0000, 0x0000, 0x0000, 0x0000, 0x0000, 0x0000, 0x0000, 0x0000, 0x0000, 0x0000, 0x0000, 0x0000, 0x0000, 0x0000, 0x0000,
    0x31A6, 0xFFFF, 0xFFFF, 0xFFFF, 0xFFFF, 0xFFFF, 0xFFFF, 0xFFFF, 0xFFFF, 0xFFFF, 0xFFFF, 0xFFFF, 0xFFFF, 0xFFFF, 0xFFFF, 0xFFFF,
    0xFFFF, 0xFFFF, 0xFFFF, 0xFFFF, 0xFFFF, 0xFFFF, 0xFFFF, 0x5ACB, 0x2104, 0xA534, 0xA534, 0xA534, 0xA534, 0xA534, 0xA534, 0xA534,
    0xA534, 0xA534, 0xA534, 0xD69A, 0xFFFF, 0xC638, 0xA534, 0xA534, 0xA534, 0xA534, 0xA534, 0xA534, 0xA534, 0xA534, 0xA534, 0x39C7,
    0x0000, 0x0000, 0x0000, 0x0000, 0x0000, 0xD69A, 0x94B2, 0x0000, 0x0000, 0x0000, 0x0000, 0x8430, 0xFFFF, 0x5AEB, 0x0000, 0x0000,
    0x0000, 0x0000, 0x0000, 0x0000, 0x0000, 0x0000, 0x0000, 0x0000, 0x0000, 0x0000, 0x0000, 0x0000, 0x4208, 0xFFFF, 0xAD55, 0x0000,
    0x0000, 0x0000, 0x0000, 0x8430, 0xFFFF, 0x5AEB, 0x0000, 0x0000, 0x0000, 0x0000, 0x0000, 0x0000, 0x0000, 0x0000, 0x0000, 0x0000,
    0x0000, 0x0000, 0x0000, 0x0000, 0x9CF3, 0xFFFF, 0x4A69, 0x0000, 0x0000, 0x0000, 0x0000, 0x8430, 0xFFFF, 0xFFFF, 0xFFFF, 0xFFFF,
    0xFFFF, 0xFFFF, 0xFFFF, 0xFFFF, 0xFFFF, 0xB5B6, 0x0000, 0x0000, 0x0000, 0x0000, 0x0000, 0x2124, 0xFFFF, 0xFFFF, 0xBDF7, 0x0020,
    0x0000, 0x0000, 0x0000, 0x8430, 0xFFFF, 0xBDF7, 0x9CD3, 0x9CD3, 0x9CD3, 0x9CD3, 0x9CD3, 0x9CD3, 0x9CD3, 0x6B4D, 0x0000, 0x0000,
    0x0000, 0x0000, 0x0000, 0xB596, 0xFFFF, 0xC618, 0xFFFF, 0xC638, 0x2104, 0x0000, 0x0000, 0x8430, 0xFFFF, 0x5AEB, 0x0000, 0x0000,
    0x0000, 0x0000, 0x0000, 0x0000, 0x0000, 0x0000, 0x0000, 0x0000, 0x0000, 0x0000, 0x7BCF, 0xFFFF, 0xB596, 0x0000, 0xA534, 0xFFFF,
    0xFFDF, 0xAD55, 0x5AEB, 0x9CF3, 0xFFFF, 0x5AEB, 0x0000, 0x0000, 0x0000, 0x0000, 0x0000, 0x0000, 0x0000, 0x0020, 0x0861, 0x1082,
    0x0000, 0x632C, 0xFFFF, 0xDEFB, 0x1082, 0x0000, 0x0000, 0x630C, 0xEF5D, 0xFFFF, 0xFFFF, 0xFFFF, 0xFFFF, 0xFFFF, 0xFFDF, 0xFFDF,
    0xFFDF, 0xFFDF, 0xFFDF, 0xFFFF, 0xFFFF, 0xFFFF, 0xFFFF, 0x94B2, 0x7BCF, 0xFFFF, 0xE73C, 0x2124, 0x0000, 0x0000, 0x0000, 0x0000,
    0x0000, 0x4208, 0x8410, 0x9CD3, 0xB596, 0xBDD7, 0xBDF7, 0xBDF7, 0xC618, 0xC618, 0xC638, 0xC638, 0xC638, 0xC638, 0xC638, 0x31A6,
    0x3186, 0xC618, 0x18E3, 0x0000, 0x0000, 0x0000, 0x0000, 0x0000, 0x0000, 0x0000, 0x0000, 0x0000, 0x0000, 0x0000, 0x0000, 0x0000,
    0x0000, 0x0000, 0x0000, 0x0000, 0x0000, 0x0000, 0x0000, 0x0000,
};

// '，' (U+FF0C) 24x7
static const uint16_t cn_char_019[] PROGMEM = {
    0x0000, 0x0000, 0x0000, 0x0000, 0x0861, 0xFFFF, 0xFFFF, 0x18C3, 0x0000, 0x0000, 0x0000, 0x0000, 0x0000, 0x0000, 0x0000, 0x0000,
    0x0000, 0x0000, 0x0000, 0x0000, 0x0000, 0x0000, 0x0000, 0x0000, 0x0000, 0x0000, 0x0000, 0x0000, 0x4A49, 0xFFFF, 0xC638, 0x0000,
    0x0000, 0x0000, 0x0000, 0x0000, 0x0000, 0x0000, 0x0000, 0x0000, 0x0000, 0x0000, 0x0000, 0x0000, 0x0000, 0x0000, 0x0000, 0x0000,
    0x0000, 0x0000, 0x0000, 0x0000, 0x8410, 0xFFFF, 0x73AE, 0x0000, 0x0000, 0x0000, 0x0000, 0x0000, 0x0000, 0x0000, 0x0000, 0x0000,
    0x0000, 0x0000, 0x0000, 0x0000, 0x0000, 0x0000, 0x0000, 0x0000, 0x0000, 0x0000, 0x0000, 0x0000, 0xBDF7, 0xFFFF, 0x2104, 0x0000,
    0x0000, 0x0000, 0x0000, 0x0000, 0x0000, 0x0000, 0x0000, 0x0000, 0x0000, 0x0000, 0x0000, 0x0000, 0x0000, 0x0000, 0x0000, 0x0000,
    0x0000, 0x0000, 0x0000, 0x0020, 0xF7BE, 0xD69A, 0x0000, 0x0000, 0x0000, 0x0000, 0x0000, 0x0000, 0x0000, 0x0000, 0x0000, 0x0000,
    0x0000, 0x0000, 0x0000, 0x0000, 0x0000, 0x0000, 0x0000, 0x0000, 0x0000, 0x0000, 0x0000, 0x31A6, 0xFFFF, 0x8410, 0x0000, 0x0000,
    0x0000, 0x0000, 0x0000, 0x0000, 0x0000, 0x0000, 0x0000, 0x0000, 0x0000, 0x0000, 0x0000, 0x0000, 0x0000, 0x0000, 0x0000, 0x0000,
    0x0000, 0x0000, 0x0000, 0x10A2, 0x4208, 0x1082, 0x0000, 0x0000, 0x0000, 0x0000, 0x0000, 0x0000, 0x0000, 0x0000, 0x0000, 0x0000,
    0x0000, 0x0000, 0x0000, 0x0000, 0x0000, 0x0000, 0x0000, 0x0000,
};

// '你' (U+4F60) 24x22
static const uint16_t cn_char_020[] PROGMEM = {
    0x0000, 0x0000, 0x0000, 0x0000, 0x0000, 0x3186, 0xDEDB, 0x7BCF, 0x0000, 0x0000, 0x0000, 0x52AA, 0xC618, 0x4228, 0x0000, 0x0000,
    0x0000, 0x0000, 0x0000, 0x0000, 0x0000, 0x0000, 0x0000, 0x0000, 0x0000, 0x0000, 0x0000, 0x0000, 0x0000, 0x8C71, 0xFFFF, 0x8430,
    0x0000, 0x0000, 0x0000, 0xBDF7, 0xFFFF, 0x31A6, 0x0000, 0x0000, 0x0000, 0x0000, 0x0000, 0x0000, 0x0000, 0x0000, 0x0000, 0x0000,
    0x0000, 0x0000, 0x0000, 0x0000, 0x0000, 0xE73C, 0xFFFF, 0x2104, 0x0000, 0x0000, 0x3186, 0xFFFF, 0xA514, 0x0000, 0x0000, 0x0000,
    0x0000, 0x0000, 0x0000, 0x0000, 0x0000, 0x0000, 0x0000, 0x0000, 0x0000, 0x0000, 0x0000, 0x0000, 0x52AA, 0xFFFF, 0xB5B6, 0x0000,
    0x0000, 0x0000, 0xAD75, 0xFFFF, 0xFFFF, 0xFFFF, 0xFFFF, 0xFFFF, 0xFFFF, 0xFFFF, 0xFFFF, 0xFFFF, 0xFFFF, 0xFFFF, 0xFFFF, 0x39E7,
    0x0000, 0x0000, 0x0000, 0x0000, 0xCE59, 0xFFFF, 0x4208, 0x0000, 0x0000, 0x31A6, 0xFFFF, 0xDEFB, 0xCE59, 0xCE59, 0xCE59, 0xCE59,
    0xCE59, 0xCE59, 0xCE59, 0xCE59, 0xCE59, 0xF79E, 0xFFFF, 0x39C7, 0x0000, 0x0000, 0x0000, 0x4208, 0xFFFF, 0xCE79, 0x0000, 0x0000,
    0x0000, 0xCE59, 0xFFDF, 0x18E3, 0x0000, 0x0000, 0x0000, 0x0000, 0x0000, 0x0000, 0x0000, 0x0000, 0x0841, 0xEF7D, 0xF79E, 0x0861,
    0x0000, 0x0000, 0x0000, 0xCE59, 0xFFFF, 0xAD75, 0x0000, 0x0000, 0x738E, 0xFFFF, 0x9492, 0x0000, 0x0000, 0x0000, 0x52AA, 0xFFFF,
    0x8410, 0x0000, 0x0000, 0x0000, 0x632C, 0xFFFF, 0x9492, 0x0000, 0x0000, 0x0000, 0x630C, 0xFFFF, 0xFFFF, 0xAD75, 0x0000, 0x2104,
    0xFFDF, 0xEF7D, 0x10A2, 0x0000, 0x0000, 0x0000, 0x52AA, 0xFFFF, 0x8410, 0x0000, 0x0000, 0x0000, 0xCE79, 0xFFFF, 0x2945, 0x0000,
    0x0000, 0x1082, 0xE73C, 0xFFFF, 0xFFFF, 0xAD75, 0x0000, 0x0000, 0x8430, 0x632C, 0x0000, 0x0000, 0x0000, 0x0000, 0x52AA, 0xFFFF,
    0x8410, 0x0000, 0x0000, 0x0841, 0x9CF3, 0xAD75, 0x0000, 0x0000, 0x0000, 0xAD55, 0xFFFF, 0xBDF7, 0xFFFF, 0xAD75, 0x0000, 0x0000,
    0x0000, 0x0000, 0x0000, 0x0000, 0x0000, 0x0000, 0x52AA, 0xFFFF, 0x8410, 0x0000, 0x0000, 0x0000, 0x0000, 0x0000, 0x0000, 0x0000,
    0x630C, 0xFFFF, 0xE71C, 0x31A6, 0xFFFF, 0xAD75, 0x0000, 0x0000, 0x0000, 0x0000, 0x7BEF, 0xBDF7, 0x31A6, 0x0000, 0x52AA, 0xFFFF,
    0x8410, 0x0000, 0x2965, 0xBDD7, 0x632C, 0x0000, 0x0000, 0x0000, 0x7BCF, 0xFFFF, 0x4208, 0x2945, 0xFFFF, 0xAD75, 0x0000, 0x0000,
    0x0000, 0x0020, 0xEF5D, 0xFFDF, 0x18C3, 0x0000, 0x52AA, 0xFFFF, 0x8410, 0x0000, 0x2104, 0xFFDF, 0xE71C, 0x0020, 0x0000, 0x0000,
    0x18C3, 0x7BCF, 0x0000, 0x2945, 0xFFFF, 0xAD75, 0x0000, 0x0000, 0x0000, 0x630C, 0xFFFF, 0x9CF3, 0x0000, 0x0000, 0x52AA, 0xFFFF,
    0x8410, 0x0000, 0x0000, 0xA514, 0xFFFF, 0x6B6D, 0x0000, 0x0000, 0x0000, 0x0000, 0x0000, 0x2945, 0xFFFF, 0xAD75, 0x0000, 0x0000,
    0x0000, 0xD69A, 0xFFFF, 0x2945, 0x0000, 0x0000, 0x52AA, 0xFFFF, 0x8410, 0x0000, 0x0000, 0x2124, 0xFFFF, 0xE73C, 0x0841, 0x0000,
    0x0000, 0x0000, 0x0000, 0x2945, 0xFFFF, 0xAD75, 0x0000, 0x0000, 0x52AA, 0xFFFF, 0xB596, 0x0000, 0x0000, 0x0000, 0x52AA, 0xFFFF,
    0x8410, 0x0000, 0x0000, 0x0000, 0xA534, 0xFFFF, 0x6B6D, 0x0000, 0x0000, 0x0000, 0x0000, 0x2945, 0xFFFF, 0xAD75, 0x0000, 0x0000,
    0xD6BA, 0xFFFF, 0x31A6, 0x0000, 0x0000, 0x0000, 0x52AA, 0xFFFF, 0x8410, 0x0000, 0x0000, 0x0000, 0x3186, 0xFFFF, 0xE71C, 0x0020,
    0x0000, 0x0000, 0x0000, 0x2945, 0xFFFF, 0xAD75, 0x0000, 0x5AEB, 0xFFFF, 0xBDD7, 0x0000, 0x0000, 0x0000, 0x0000, 0x52AA, 0xFFFF,
    0x8410, 0x0000, 0x0000, 0x0000, 0x0000, 0xBDF7, 0xFFFF, 0x632C, 0x0000, 0x0000, 0x0000, 0x2945, 0xFFFF, 0xAD75, 0x0000, 0x4A49,
    0xCE59, 0x39E7, 0x0000, 0x0000, 0x0000, 0x0000, 0x52AA, 0xFFFF, 0x8410, 0x0000, 0x0000, 0x0000, 0x0000, 0x4A49, 0xBDF7, 0x39E7,
    0x0000, 0x0000, 0x0000, 0x2945, 0xFFFF, 0xAD75, 0x0000, 0x0000, 0x0000, 0x0000, 0x0000, 0x0000, 0x0000, 0x0000, 0x5ACB, 0xFFFF,
    0x7BEF, 0x0000, 0x0000, 0x0000, 0x0000, 0x0000, 0x0000, 0x0000, 0x0000, 0x0000, 0x0000, 0x2945, 0xFFFF, 0xAD75, 0x0000, 0x0000,
    0x0000, 0x0000, 0x0000, 0x0000, 0x0000, 0x0861, 0xB596, 0xFFFF, 0x632C, 0x0000, 0x0000, 0x0000, 0x0000, 0x0000, 0x0000, 0x0000,
    0x0000, 0x0000, 0x0000, 0x2945, 0xFFFF, 0xAD75, 0x0000, 0x0000, 0x0000, 0x0000, 0xBDD7, 0xFFFF, 0xFFFF, 0xFFFF, 0xFFFF, 0xFFDF,
    0x18E3, 0x0000, 0x0000, 0x0000, 0x0000, 0x0000, 0x0000, 0x0000, 0x0000, 0x0000, 0x0000, 0x2945, 0xFFFF, 0xAD75, 0x0000, 0x0000,
    0x0000, 0x0000, 0x73AE, 0xDEFB, 0xDEFB, 0xDEDB, 0xBDD7, 0x4228, 0x0000, 0x0000, 0x0000, 0x0000, 0x0000, 0x0000, 0x0000, 0x0000,
};

// '可' (U+53EF) 24x21
static const uint16_t cn_char_021[] PROGMEM = {
    0x8C71, 0xFFFF, 0xFFFF, 0xFFFF, 0xFFFF, 0xFFFF, 0xFFFF, 0xFFFF, 0xFFFF, 0xFFFF, 0xFFFF, 0xFFFF, 0xFFFF, 0xFFFF, 0xFFFF, 0xFFFF,
    0xFFFF, 0xFFFF, 0xFFFF, 0xFFFF, 0xFFFF, 0xFFFF, 0xFFFF, 0x9CF3, 0x6B6D, 0xCE59, 0xCE59, 0xCE59, 0xCE59, 0xCE59, 0xCE59, 0xCE59,
    0xCE59, 0xCE59, 0xCE59, 0xCE59, 0xCE59, 0xCE59, 0xCE59, 0xCE59, 0xCE59, 0xD6BA, 0xFFFF, 0xF79E, 0xCE59, 0xCE59, 0xCE59, 0x7BCF,
    0x0000, 0x0000, 0x0000, 0x0000, 0x0000, 0x0000, 0x0000, 0x0000, 0x0000, 0x0000, 0x0000, 0x0000, 0x0000, 0x0000, 0x0000, 0x0000,
    0x0000, 0x4208, 0xFFFF, 0xBDD7, 0x0000, 0x0000, 0x0000, 0x0000, 0x0000, 0x0000, 0x0000, 0x0000, 0x0000, 0x0000, 0x0000, 0x0000,
    0x0000, 0x0000, 0x0000, 0x0000, 0x0000, 0x0000, 0x0000, 0x0000, 0x0000, 0x4208, 0xFFFF, 0xBDD7, 0x0000, 0x0000, 0x0000, 0x0000,
    0x0000, 0x0000, 0x0000, 0x0000, 0x0000, 0x0000, 0x0000, 0x0000, 0x0000, 0x0000, 0x0000, 0x0000, 0x0000, 0x0000, 0x0000, 0x0000,
    0x0000, 0x4208, 0xFFFF, 0xBDD7, 0x0000, 0x0000, 0x0000, 0x0000, 0x0000, 0x0000, 0x0000, 0xF7BE, 0xFFFF, 0xFFFF, 0xFFFF, 0xFFFF,
    0xFFFF, 0xFFFF, 0xFFFF, 0xFFFF, 0xFFFF, 0x632C, 0x0000, 0x0000, 0x0000, 0x4208, 0xFFFF, 0xBDD7, 0x0000, 0x0000, 0x0000, 0x0000,
    0x0000, 0x0000, 0x0000, 0xF7BE, 0xFFDF, 0xAD75, 0xAD75, 0xAD75, 0xAD75, 0xAD75, 0xAD75, 0xD69A, 0xFFFF, 0x632C, 0x0000, 0x0000,
    0x0000, 0x4208, 0xFFFF, 0xBDD7, 0x0000, 0x0000, 0x0000, 0x0000, 0x0000, 0x0000, 0x0000, 0xF7BE, 0xEF5D, 0x0000, 0x0000, 0x0000,
    0x0000, 0x0000, 0x0000, 0x7BCF, 0xFFFF, 0x632C, 0x0000, 0x0000, 0x0000, 0x4208, 0xFFFF, 0xBDD7, 0x0000, 0x0000, 0x0000, 0x0000,
    0x0000, 0x0000, 0x0000, 0xF7BE, 0xEF5D, 0x0000, 0x0000, 0x0000, 0x0000, 0x0000, 0x0000, 0x7BCF, 0xFFFF, 0x632C, 0x0000, 0x0000,
    0x0000, 0x4208, 0xFFFF, 0xBDD7, 0x0000, 0x0000, 0x0000, 0x0000, 0x0000, 0x0000, 0x0000, 0xF7BE, 0xEF5D, 0x0000, 0x0000, 0x0000,
    0x0000, 0x0000, 0x0000, 0x7BCF, 0xFFFF, 0x632C, 0x0000, 0x0000, 0x0000, 0x4208, 0xFFFF, 0xBDD7, 0x0000, 0x0000, 0x0000, 0x0000,
    0x0000, 0x0000, 0x0000, 0xF7BE, 0xEF5D, 0x0000, 0x0000, 0x0000, 0x0000, 0x0000, 0x0000, 0x7BCF, 0xFFFF, 0x632C, 0x0000, 0x0000,
    0x0000, 0x4208, 0xFFFF, 0xBDD7, 0x0000, 0x0000, 0x0000, 0x0000, 0x0000, 0x0000, 0x0000, 0xF7BE, 0xEF5D, 0x0000, 0x0000, 0x0000,
    0x0000, 0x0000, 0x0000, 0x7BCF, 0xFFFF, 0x632C, 0x0000, 0x0000, 0x0000, 0x4208, 0xFFFF, 0xBDD7, 0x0000, 0x0000, 0x0000, 0x0000,
    0x0000, 0x0000, 0x0000, 0xF7BE, 0xEF5D, 0x0000, 0x0000, 0x0000, 0x0000, 0x0000, 0x0000, 0x7BCF, 0xFFFF, 0x632C, 0x0000, 0x0000,
    0x0000, 0x4208, 0xFFFF, 0xBDD7, 0x0000, 0x0000, 0x0000, 0x0000, 0x0000, 0x0000, 0x0000, 0xF7BE, 0xFFFF, 0xFFFF, 0xFFFF, 0xFFFF,
    0xFFFF, 0xFFFF, 0xFFFF, 0xFFFF, 0xFFFF, 0x632C, 0x0000, 0x0000, 0x0000, 0x4208, 0xFFFF, 0xBDD7, 0x0000, 0x0000, 0x0000, 0x0000,
    0x0000, 0x0000, 0x0000, 0xF7BE, 0xFFDF, 0xAD75, 0xAD75, 0xAD75, 0xAD75, 0xAD75, 0xAD75, 0xAD75, 0xAD75, 0x4208, 0x0000, 0x0000,
    0x0000, 0x4208, 0xFFFF, 0xBDD7, 0x0000, 0x0000, 0x0000, 0x0000, 0x0000, 0x0000, 0x0000, 0xF7BE, 0xEF5D, 0x0000, 0x0000, 0x0000,
    0x0000, 0x0000, 0x0000, 0x0000, 0x0000, 0x0000, 0x0000, 0x0000, 0x0000, 0x4208, 0xFFFF, 0xBDD7, 0x0000, 0x0000, 0x0000, 0x0000,
    0x0000, 0x0000, 0x0000, 0x0000, 0x0000, 0x0000, 0x0000, 0x0000, 0x0000, 0x0000, 0x0000, 0x0000, 0x0000, 0x0000, 0x0000, 0x0000,
    0x0000, 0x4208, 0xFFFF, 0xBDD7, 0x0000, 0x0000, 0x0000, 0x0000, 0x0000, 0x0000, 0x0000, 0x0000, 0x0000, 0x0000, 0x0000, 0x0000,
    0x0000, 0x0000, 0x0000, 0x0000, 0x0000, 0x0000, 0x0000, 0x0000, 0x0000, 0x4A69, 0xFFFF, 0xB5B6, 0x0000, 0x0000, 0x0000, 0x0000,
    0x0000, 0x0000, 0x0000, 0x0000, 0x0000, 0x0000, 0x0000, 0x0000, 0x0000, 0x0000, 0x0000, 0x0000, 0x18C3, 0x0861, 0x0000, 0x0000,
    0x0861, 0xB5B6, 0xFFFF, 0x9CF3, 0x0000, 0x0000, 0x0000, 0x0000, 0x0000, 0x0000, 0x0000, 0x0000, 0x0000, 0x0000, 0x0000, 0x0000,
    0x0000, 0x0000, 0x0000, 0x0000, 0xE73C, 0xFFFF, 0xFFFF, 0xFFDF, 0xFFFF, 0xFFFF, 0xFFFF, 0x52AA, 0x0000, 0x0000, 0x0000, 0x0000,
    0x0000, 0x0000, 0x0000, 0x0000, 0x0000, 0x0000, 0x0000, 0x0000, 0x0000, 0x0000, 0x0000, 0x0000, 0xBDD7, 0xFFFF, 0xFFFF, 0xFFFF,
    0xFFFF, 0xDEFB, 0x73AE, 0x0000, 0x0000, 0x0000, 0x0000, 0x0000,
};

// '以' (U+4EE5) 24x22
static const uint16_t cn_char_022[] PROGMEM = {
    0x0000, 0x0000, 0x0000, 0x0000, 0x0000, 0x0000, 0x0000, 0x0000, 0x4208, 0xCE59, 0x2945, 0x0000, 0x0000, 0x0000, 0x0000, 0x0000,
    0x0000, 0x0000, 0x0000, 0x0000, 0x0000, 0x0000, 0x0000, 0x0000, 0x0000, 0x0000, 0xC618, 0xFFFF, 0x2965, 0x0000, 0x0000, 0x0000,
    0x73AE, 0xFFFF, 0xC618, 0x0000, 0x0000, 0x0000, 0x0000, 0x0000, 0x0000, 0x0000, 0xEF7D, 0xFFFF, 0x0000, 0x0000, 0x0000, 0x0000,
    0x0000, 0x0000, 0xC618, 0xFFFF, 0x2965, 0x0000, 0x0000, 0x0000, 0x0020, 0xDEDB, 0xFFFF, 0x5AEB, 0x0000, 0x0000, 0x0000, 0x0000,
    0x0000, 0x0000, 0xEF7D, 0xFFFF, 0x0000, 0x0000, 0x0000, 0x0000, 0x0000, 0x0000, 0xC618, 0xFFFF, 0x2965, 0x0000, 0x0000, 0x0000,
    0x0000, 0x528A, 0xFFFF, 0xE73C, 0x0841, 0x0000, 0x0000, 0x0000, 0x0000, 0x0000, 0xEF7D, 0xFFFF, 0x0000, 0x0000, 0x0000, 0x0000,
    0x0000, 0x0000, 0xC618, 0xFFFF, 0x2965, 0x0000, 0x0000, 0x0000, 0x0000, 0x0000, 0xCE59, 0xFFFF, 0x8410, 0x0000, 0x0000, 0x0000,
    0x0000, 0x0000, 0xEF7D, 0xFFFF, 0x0000, 0x0000, 0x0000, 0x0000, 0x0000, 0x0000, 0xC618, 0xFFFF, 0x2965, 0x0000, 0x0000, 0x0000,
    0x0000, 0x0000, 0x4208, 0xFFFF, 0xF7BE, 0x18E3, 0x0000, 0x0000, 0x0000, 0x0000, 0xF79E, 0xFFDF, 0x0000, 0x0000, 0x0000, 0x0000,
    0x0000, 0x0000, 0xC618, 0xFFFF, 0x2965, 0x0000, 0x0000, 0x0000, 0x0000, 0x0000, 0x0000, 0xAD75, 0x738E, 0x0020, 0x0000, 0x0000,
    0x0000, 0x0000, 0xFFDF, 0xF79E, 0x0000, 0x0000, 0x0000, 0x0000, 0x0000, 0x0000, 0xC618, 0xFFFF, 0x2965, 0x0000, 0x0000, 0x0000,
    0x0000, 0x0000, 0x0000, 0x0000, 0x0000, 0x0000, 0x0000, 0x0000, 0x0000, 0x0020, 0xFFFF, 0xE73C, 0x0000, 0x0000, 0x0000, 0x0000,
    0x0000, 0x0000, 0xC618, 0xFFFF, 0x2965, 0x0000, 0x0000, 0x0000, 0x0000, 0x0000, 0x0000, 0x0000, 0x0000, 0x0000, 0x0000, 0x0000,
    0x0000, 0x18E3, 0xFFFF, 0xCE79, 0x0000, 0x0000, 0x0000, 0x0000, 0x0000, 0x0000, 0xC618, 0xFFFF, 0x2965, 0x0000, 0x0000, 0x0000,
    0x0000, 0x0000, 0x0000, 0x0000, 0x0000, 0x0000, 0x0000, 0x0000, 0x0000, 0x4208, 0xFFFF, 0xAD75, 0x0000, 0x0000, 0x0000, 0x0000,
    0x0000, 0x0000, 0xC618, 0xFFFF, 0x2965, 0x0000, 0x0000, 0x0000, 0x0000, 0x0000, 0x0000, 0x0000, 0x0000, 0x0000, 0x0000, 0x0000,
    0x0000, 0x6B4D, 0xFFFF, 0x8430, 0x0000, 0x0000, 0x0000, 0x0000, 0x0000, 0x0000, 0xC618, 0xFFFF, 0x2965, 0x0000, 0x0000, 0x0000,
    0x0000, 0x0000, 0x0000, 0x0000, 0x0000, 0x0000, 0x0000, 0x0000, 0x0000, 0xB596, 0xFFFF, 0x4A69, 0x0000, 0x0000, 0x0000, 0x0000,
    0x0000, 0x0000, 0xC618, 0xFFFF, 0x2965, 0x0000, 0x0000, 0x0000, 0x0000, 0x0000, 0x0000, 0x0000, 0x0000, 0x0000, 0x0000, 0x0000,
    0x0020, 0xF7BE, 0xFFDF, 0x1082, 0x0000, 0x0000, 0x0000, 0x0000, 0x0000, 0x0000, 0xC618, 0xFFFF, 0x2965, 0x0000, 0x0000, 0x0000,
    0x0000, 0x4A69, 0xAD55, 0x0000, 0x0000, 0x0000, 0x0000, 0x0000, 0x6B4D, 0xFFFF, 0xAD75, 0x0000, 0x0000, 0x0000, 0x0000, 0x0000,
    0x0000, 0x0000, 0xC618, 0xFFFF, 0x2965, 0x0000, 0x0000, 0x39E7, 0xC638, 0xFFFF, 0xEF5D, 0x0000, 0x0000, 0x0000, 0x0000, 0x0841,
    0xE71C, 0xFFFF, 0x8C51, 0x0000, 0x0000, 0x0000, 0x0000, 0x0000, 0x0000, 0x0000, 0xC618, 0xFFFF, 0x2965, 0x3186, 0xB5B6, 0xFFFF,
    0xFFFF, 0xF79E, 0x8410, 0x0000, 0x0000, 0x0000, 0x0000, 0xA514, 0xFFFF, 0xFFFF, 0xFFFF, 0x8410, 0x0000, 0x0000, 0x0000, 0x0000,
    0x0000, 0x0000, 0xCE59, 0xFFFF, 0xC638, 0xFFFF, 0xFFFF, 0xFFDF, 0x9492, 0x10A2, 0x0000, 0x0000, 0x0000, 0x0000, 0x7BEF, 0xFFFF,
    0xF79E, 0x6B6D, 0xFFDF, 0xFFFF, 0x94B2, 0x0000, 0x0000, 0x0000, 0x0000, 0x2104, 0xFFDF, 0xFFFF, 0xFFFF, 0xFFFF, 0xA534, 0x2104,
    0x0000, 0x0000, 0x0000, 0x0000, 0x0020, 0x9CD3, 0xFFFF, 0xFFDF, 0x4228, 0x0000, 0x4A49, 0xFFDF, 0xFFFF, 0xAD55, 0x0020, 0x0000,
    0x0000, 0x9CD3, 0xFFFF, 0xFFFF, 0xBDD7, 0x3186, 0x0000, 0x0000, 0x0000, 0x0000, 0x0000, 0x31A6, 0xCE79, 0xFFFF, 0xEF7D, 0x4208,
    0x0000, 0x0000, 0x0000, 0x4A69, 0xFFDF, 0xFFFF, 0xB5B6, 0x0841, 0x0000, 0x0861, 0xC618, 0x52AA, 0x0000, 0x0000, 0x0000, 0x0000,
    0x0000, 0x18E3, 0x9CD3, 0xFFFF, 0xFFFF, 0xCE59, 0x2124, 0x0000, 0x0000, 0x0000, 0x0000, 0x0000, 0x4A69, 0xFFDF, 0xFFFF, 0x8C51,
    0x0000, 0x0000, 0x0000, 0x0000, 0x0000, 0x0000, 0x0000, 0x0000, 0x8C71, 0xFFDF, 0xFFFF, 0xEF7D, 0x6B6D, 0x0000, 0x0000, 0x0000,
    0x0000, 0x0000, 0x0000, 0x0000, 0x0000, 0x528A, 0xAD75, 0x0841, 0x0000, 0x0000, 0x0000, 0x0000, 0x0000, 0x0000, 0x0000, 0x0000,
    0x39E7, 0xD6BA, 0x738E, 0x0861, 0x0000, 0x0000, 0x0000, 0x0000, 0x0000, 0x0000, 0x0000, 0x0000, 0x0000, 0x0000, 0x0000, 0x0000,
};

// '选' (U+9009) 24x22
static const uint16_t cn_char_023[] PROGMEM = {
    0x0000, 0x0020, 0x8410, 0x9492, 0x0000, 0x0000, 0x0000, 0x0000, 0x0000, 0x0000, 0x0000, 0x0000, 0x0000, 0x0000, 0xAD55, 0xFFFF,
    0x2965, 0x0000, 0x0000, 0x0000, 0x0000, 0x0000, 0x0000, 0x0000, 0x0000, 0x1082, 0xE73C, 0xFFFF, 0x4A49, 0x0000, 0x0000, 0x0000,
    0x0000, 0x2945, 0xE73C, 0x8430, 0x0000, 0x0000, 0xAD55, 0xFFFF, 0x2965, 0x0000, 0x0000, 0x0000, 0x0000, 0x0000, 0x0000, 0x0000,
    0x0000, 0x0000, 0x4A69, 0xFFFF, 0xE73C, 0x1082, 0x0000, 0x0000, 0x0000, 0x8410, 0xFFFF, 0x7BCF, 0x0000, 0x0000, 0xAD55, 0xFFFF,
    0x2965, 0x0000, 0x0000, 0x0000, 0x0000, 0x0000, 0x0000, 0x0000, 0x0000, 0x0000, 0x0000, 0xAD75, 0xFFFF, 0xA514, 0x0000, 0x0000,
    0x0000, 0xDEDB, 0xFFFF, 0x2124, 0x0000, 0x0000, 0xAD55, 0xFFFF, 0x2965, 0x0000, 0x0000, 0x0000, 0x0000, 0x0000, 0x0000, 0x0000,
    0x0000, 0x0000, 0x0000, 0x18E3, 0xF7BE, 0xFFFF, 0x4208, 0x0000, 0x4208, 0xFFFF, 0xFFFF, 0xFFFF, 0xFFFF, 0xFFFF, 0xFFFF, 0xFFFF,
    0xFFFF, 0xFFFF, 0xFFFF, 0xFFFF, 0xFFFF, 0xFFFF, 0x4A69, 0x0000, 0x0000, 0x0000, 0x0000, 0x0000, 0x73AE, 0x8C51, 0x0020, 0x0000,
    0xCE59, 0xFFFF, 0xBDD7, 0xA514, 0xA514, 0xA514, 0xDEFB, 0xFFFF, 0xB596, 0xA514, 0xA514, 0xA514, 0xA514, 0xA514, 0x2965, 0x0000,
    0x0000, 0x0000, 0x0000, 0x0000, 0x0000, 0x0000, 0x0000, 0x5ACB, 0xFFFF, 0xDEFB, 0x0020, 0x0000, 0x0000, 0x0000, 0xAD55, 0xFFFF,
    0x2965, 0x0000, 0x0000, 0x0000, 0x0000, 0x0000, 0x0000, 0x0000, 0x0000, 0x0000, 0x0000, 0x0000, 0x0000, 0x0000, 0x0000, 0x39C7,
    0xBDF7, 0x4228, 0x0000, 0x0000, 0x0000, 0x0000, 0xAD55, 0xFFFF, 0x2965, 0x0000, 0x0000, 0x0000, 0x0000, 0x0000, 0x0000, 0x0000,
    0x8410, 0xFFFF, 0xFFFF, 0xFFFF, 0xFFFF, 0x18C3, 0x0000, 0x0000, 0x0000, 0x0000, 0x0000, 0x0000, 0x0000, 0x0000, 0xAD55, 0xFFFF,
    0x2965, 0x0000, 0x0000, 0x0000, 0x0000, 0x0000, 0x0000, 0x0000, 0x5AEB, 0xBDF7, 0xBDF7, 0xEF7D, 0xFFFF, 0x18C3, 0x6B4D, 0xFFFF,
    0xFFFF, 0xFFFF, 0xFFFF, 0xFFFF, 0xFFFF, 0xFFFF, 0xFFFF, 0xFFFF, 0xFFFF, 0xFFFF, 0xFFFF, 0xFFFF, 0xFFFF, 0xFFFF, 0xFFFF, 0x6B6D,
    0x0000, 0x0000, 0x0000, 0xBDD7, 0xFFFF, 0x18C3, 0x4208, 0xA514, 0xA514, 0xA514, 0xA514, 0xF79E, 0xFFDF, 0xA514, 0xA514, 0xA514,
    0xFFDF, 0xF7BE, 0xA514, 0xA514, 0xA514, 0xA514, 0xA514, 0x4208, 0x0000, 0x0000, 0x0000, 0xBDD7, 0xFFFF, 0x18C3, 0x0000, 0x0000,
    0x0000, 0x0000, 0x0000, 0xE73C, 0xEF5D, 0x0000, 0x0000, 0x0000, 0xEF7D, 0xE73C, 0x0000, 0x0000, 0x0000, 0x0000, 0x0000, 0x0000,
    0x0000, 0x0000, 0x0000, 0xBDD7, 0xFFFF, 0x18C3, 0x0000, 0x0000, 0x0000, 0x0000, 0x0000, 0xF79E, 0xDEFB, 0x0000, 0x0000, 0x0000,
    0xEF7D, 0xE73C, 0x0000, 0x0000, 0x0000, 0x0000, 0x0000, 0x0000, 0x0000, 0x0000, 0x0000, 0xBDD7, 0xFFFF, 0x18C3, 0x0000, 0x0000,
    0x0000, 0x0000, 0x2124, 0xFFFF, 0xC618, 0x0000, 0x0000, 0x0000, 0xEF7D, 0xE73C, 0x0000, 0x0000, 0x0000, 0x0000, 0x0000, 0x0000,
    0x0000, 0x0000, 0x0000, 0xBDD7, 0xFFFF, 0x18C3, 0x0000, 0x0000, 0x0000, 0x0000, 0x9492, 0xFFFF, 0x8410, 0x0000, 0x0000, 0x0000,
    0xEF7D, 0xE73C, 0x0000, 0x0000, 0x0000, 0x73AE, 0x9CF3, 0x18E3, 0x0000, 0x0000, 0x0000, 0xBDD7, 0xFFFF, 0x18C3, 0x0000, 0x0000,
    0x0000, 0x528A, 0xFFFF, 0xF7BE, 0x18E3, 0x0000, 0x0000, 0x0000, 0xEF7D, 0xE73C, 0x0000, 0x0000, 0x0000, 0x94B2, 0xFFFF, 0x31A6,
    0x0000, 0x0000, 0x0000, 0xBDD7, 0xFFFF, 0x18C3, 0x0000, 0x0841, 0x8410, 0xFFFF, 0xFFFF, 0x632C, 0x0000, 0x0000, 0x0000, 0x0000,
    0xE71C, 0xF79E, 0x0000, 0x0000, 0x0000, 0xCE59, 0xFFFF, 0x0861, 0x0000, 0x0000, 0x18C3, 0xDEFB, 0xFFFF, 0x2104, 0x0841, 0xE71C,
    0xFFFF, 0xFFDF, 0x6B6D, 0x0000, 0x0000, 0x0000, 0x0000, 0x0000, 0xB596, 0xFFFF, 0xBDF7, 0x9CD3, 0xBDD7, 0xFFFF, 0xC638, 0x0000,
    0x0000, 0x2124, 0xDEFB, 0xFFFF, 0xFFFF, 0xB5B6, 0x0020, 0x6B4D, 0xBDD7, 0x2965, 0x0000, 0x0000, 0x0000, 0x0000, 0x0000, 0x0000,
    0x2124, 0xC638, 0xFFDF, 0xFFFF, 0xFFDF, 0xC638, 0x2945, 0x0000, 0x3186, 0xEF5D, 0xFFFF, 0x6B6D, 0x73AE, 0xFFFF, 0xD69A, 0x528A,
    0x0841, 0x0000, 0x0000, 0x0000, 0x0000, 0x0000, 0x0000, 0x0000, 0x0000, 0x0000, 0x0000, 0x0000, 0x0000, 0x0000, 0x0000, 0x0000,
    0x7BEF, 0xFFFF, 0x8430, 0x0000, 0x0000, 0x7BCF, 0xFFDF, 0xFFFF, 0xFFDF, 0xE71C, 0xD69A, 0xD69A, 0xCE79, 0xCE59, 0xCE59, 0xCE59,
    0xCE79, 0xD69A, 0xD6BA, 0xDEFB, 0xE71C, 0xE73C, 0xEF5D, 0x6B6D, 0x1082, 0x9CD3, 0x0000, 0x0000, 0x0000, 0x0000, 0x2124, 0x8410,
    0xBDF7, 0xDEFB, 0xEF7D, 0xF79E, 0xF7BE, 0xFFDF, 0xFFFF, 0xFFFF, 0xFFDF, 0xFFDF, 0xF7BE, 0xF79E, 0xEF7D, 0xEF7D, 0xEF5D, 0x18E3,
};

// '择' (U+62E9) 24x22
static const uint16_t cn_char_024[] PROGMEM = {
    0x0000, 0x0000, 0x0000, 0x5AEB, 0xFFFF, 0x632C, 0x0000, 0x0000, 0x0000, 0x0000, 0x0000, 0x0000, 0x0000, 0x0000, 0x0000, 0x0000,
    0x0000, 0x0000, 0x0000, 0x0000, 0x0000, 0x0000, 0x0000, 0x0000, 0x0000, 0x0000, 0x0000, 0x5AEB, 0xFFFF, 0x632C, 0x0000, 0x0000,
    0x4A49, 0xFFFF, 0xFFFF, 0xFFFF, 0xFFFF, 0xFFFF, 0xFFFF, 0xFFFF, 0xFFFF, 0xFFFF, 0xFFFF, 0xFFFF, 0xFFFF, 0xFFFF, 0x18E3, 0x0000,
    0x0000, 0x0000, 0x0000, 0x5AEB, 0xFFFF, 0x632C, 0x0000, 0x0000, 0x2965, 0xA514, 0xEF7D, 0xFFDF, 0xA514, 0xA514, 0xA514, 0xA514,
    0xA514, 0xA514, 0xA514, 0xAD75, 0xFFFF, 0xFFDF, 0x1082, 0x0000, 0x0000, 0x0000, 0x0000, 0x5AEB, 0xFFFF, 0x632C, 0x0000, 0x0000,
    0x0000, 0x0000, 0x738E, 0xFFFF, 0x738E, 0x0000, 0x0000, 0x0000, 0x0000, 0x0000, 0x0000, 0xAD55, 0xFFFF, 0x7BCF, 0x0000, 0x0000,
    0x73AE, 0xFFFF, 0xFFFF, 0xFFFF, 0xFFFF, 0xFFFF, 0xFFFF, 0xFFFF, 0x632C, 0x0000, 0x0000, 0xC618, 0xFFFF, 0x5ACB, 0x0000, 0x0000,
    0x0000, 0x0841, 0xA534, 0xFFFF, 0xAD55, 0x0000, 0x0000, 0x0000, 0x4A49, 0xA534, 0xA534, 0xC638, 0xFFFF, 0xC638, 0xA534, 0xA534,
    0x4208, 0x0000, 0x0000, 0x10A2, 0xD69A, 0xFFFF, 0x8C51, 0x0841, 0x31A6, 0xD69A, 0xFFFF, 0xA514, 0x0020, 0x0000, 0x0000, 0x0000,
    0x0000, 0x0000, 0x0000, 0x5AEB, 0xFFFF, 0x632C, 0x0000, 0x0000, 0x0000, 0x0000, 0x0000, 0x0000, 0x1082, 0xBDD7, 0xFFFF, 0xE73C,
    0xFFFF, 0xFFDF, 0x738E, 0x0000, 0x0000, 0x0000, 0x0000, 0x0000, 0x0000, 0x0000, 0x0000, 0x5AEB, 0xFFFF, 0x632C, 0x0000, 0x0000,
    0x0000, 0x0020, 0x2124, 0x52AA, 0x8C71, 0xCE59, 0xFFFF, 0xFFFF, 0xFFFF, 0xEF7D, 0x9CF3, 0x5ACB, 0x18C3, 0x0000, 0x0000, 0x0000,
    0x0000, 0x0000, 0x0000, 0x5AEB, 0xFFFF, 0x632C, 0x0000, 0x0000, 0xC618, 0xFFDF, 0xFFFF, 0xFFFF, 0xFFFF, 0xE73C, 0x9CD3, 0x4A49,
    0x73AE, 0xD69A, 0xFFFF, 0xFFFF, 0xFFFF, 0xF79E, 0xCE59, 0x5ACB, 0x0000, 0x0000, 0x0000, 0x5AEB, 0xFFFF, 0x632C, 0x0000, 0x0000,
    0x8410, 0xDEDB, 0xA534, 0x6B4D, 0x2965, 0x0000, 0x0000, 0x0000, 0x0000, 0x0000, 0x18E3, 0x5AEB, 0x9CD3, 0xCE59, 0xE73C, 0x10A2,
    0x0000, 0x0000, 0x0000, 0x5AEB, 0xFFFF, 0x94B2, 0x9492, 0xC638, 0x0000, 0x0000, 0x0000, 0x0000, 0x0000, 0x0000, 0x3186, 0xFFFF,
    0x9CD3, 0x0000, 0x0000, 0x0000, 0x0000, 0x0000, 0x0000, 0x0000, 0x0020, 0x39C7, 0x7BEF, 0xCE79, 0xFFFF, 0xFFFF, 0xFFFF, 0xDEFB,
    0x0000, 0x0000, 0x0000, 0x0000, 0x0000, 0x0000, 0x3186, 0xFFFF, 0x9CD3, 0x0000, 0x0000, 0x0000, 0x0000, 0x0000, 0x0000, 0x0000,
    0x9CF3, 0xFFFF, 0xFFFF, 0xFFFF, 0xFFFF, 0xA534, 0x3186, 0x0000, 0x0861, 0xFFFF, 0xFFFF, 0xFFFF, 0xFFFF, 0xFFFF, 0xFFFF, 0xFFFF,
    0xFFFF, 0xFFFF, 0xFFFF, 0xFFFF, 0xFFFF, 0xFFFF, 0x9CD3, 0x0000, 0x7BCF, 0xB596, 0x5AEB, 0x6B6D, 0xFFFF, 0x632C, 0x0000, 0x0000,
    0x0841, 0xB596, 0xB596, 0xB596, 0xB596, 0xB596, 0xBDF7, 0xFFFF, 0xDEFB, 0xB596, 0xB596, 0xB596, 0xB596, 0xB596, 0x6B4D, 0x0000,
    0x0000, 0x0000, 0x0000, 0x5AEB, 0xFFFF, 0x632C, 0x0000, 0x0000, 0x0000, 0x0000, 0x0000, 0x0000, 0x0000, 0x0000, 0x3186, 0xFFFF,
    0x9CD3, 0x0000, 0x0000, 0x0000, 0x0000, 0x0000, 0x0000, 0x0000, 0x0000, 0x0000, 0x0000, 0x5AEB, 0xFFFF, 0x632C, 0x0000, 0x0000,
    0x0000, 0x0000, 0x0000, 0x0000, 0x0000, 0x0000, 0x3186, 0xFFFF, 0x9CD3, 0x0000, 0x0000, 0x0000, 0x0000, 0x0000, 0x0000, 0x0000,
    0x0000, 0x0000, 0x0000, 0x5AEB, 0xFFFF, 0x632C, 0x0000, 0x7BCF, 0xFFFF, 0xFFFF, 0xFFFF, 0xFFFF, 0xFFFF, 0xFFFF, 0xFFFF, 0xFFFF,
    0xFFFF, 0xFFFF, 0xFFFF, 0xFFFF, 0xFFFF, 0xFFFF, 0xFFFF, 0xB5B6, 0x0000, 0x0000, 0x0000, 0x5AEB, 0xFFFF, 0x632C, 0x0000, 0x528A,
    0xB596, 0xB596, 0xB596, 0xB596, 0xB596, 0xB596, 0xBDF7, 0xFFFF, 0xDEFB, 0xB596, 0xB596, 0xB596, 0xB596, 0xB596, 0xB596, 0x7BCF,
    0x0000, 0x0000, 0x0000, 0x5AEB, 0xFFFF, 0x632C, 0x0000, 0x0000, 0x0000, 0x0000, 0x0000, 0x0000, 0x0000, 0x0000, 0x3186, 0xFFFF,
    0x9CD3, 0x0000, 0x0000, 0x0000, 0x0000, 0x0000, 0x0000, 0x0000, 0x1082, 0x1082, 0x0020, 0x9492, 0xFFFF, 0x5ACB, 0x0000, 0x0000,
    0x0000, 0x0000, 0x0000, 0x0000, 0x0000, 0x0000, 0x3186, 0xFFFF, 0x9CD3, 0x0000, 0x0000, 0x0000, 0x0000, 0x0000, 0x0000, 0x0000,
    0x630C, 0xFFFF, 0xFFFF, 0xFFFF, 0xFFFF, 0x2124, 0x0000, 0x0000, 0x0000, 0x0000, 0x0000, 0x0000, 0x0000, 0x0000, 0x3186, 0xFFFF,
    0x9CD3, 0x0000, 0x0000, 0x0000, 0x0000, 0x0000, 0x0000, 0x0000, 0x2945, 0xBDF7, 0xC618, 0xB596, 0x528A, 0x0000, 0x0000, 0x0000,
    0x0000, 0x0000, 0x0000, 0x0000, 0x0000, 0x0000, 0x3186, 0xFFFF, 0x9CD3, 0x0000, 0x0000, 0x0000, 0x0000, 0x0000, 0x0000, 0x0000,
};

// '并' (U+5E76) 24x22
static const uint16_t cn_char_025[] PROGMEM = {
    0x0000, 0x0000, 0x0000, 0x0000, 0x0000, 0x18C3, 0xBDF7, 0x52AA, 0x0000, 0x0000, 0x0000, 0x0000, 0x0000, 0x0000, 0x0000, 0x0000,
    0x3186, 0xC638, 0x3186, 0x0000, 0x0000, 0x0000, 0x0000, 0x0000, 0x0000, 0x0000, 0x0000, 0x0000, 0x0000, 0x39C7, 0xF79E, 0xFFFF,
    0x5AEB, 0x0000, 0x0000, 0x0000, 0x0000, 0x0000, 0x0000, 0x0841, 0xD6BA, 0xFFFF, 0xAD75, 0x0000, 0x0000, 0x0000, 0x0000, 0x0000,
    0x0000, 0x0000, 0x0000, 0x0000, 0x0000, 0x0000, 0x39E7, 0xF7BE, 0xFFFF, 0x528A, 0x0000, 0x0000, 0x0000, 0x0000, 0x0000, 0xA514,
    0xFFFF, 0xC618, 0x0841, 0x0000, 0x0000, 0x0000, 0x0000, 0x0000, 0x0000, 0x0000, 0x0000, 0x0000, 0x0000, 0x0000, 0x0000, 0x528A,
    0xDEDB, 0x4208, 0x0000, 0x0000, 0x0000, 0x0000, 0x6B4D, 0xFFFF, 0xCE59, 0x0861, 0x0000, 0x0000, 0x0000, 0x0000, 0x0000, 0x0000,
    0x0000, 0x8430, 0xFFFF, 0xFFFF, 0xFFFF, 0xFFFF, 0xFFFF, 0xFFFF, 0xFFFF, 0xFFFF, 0xFFFF, 0xFFFF, 0xFFFF, 0xFFFF, 0xFFFF, 0xFFFF,
    0xFFFF, 0xFFFF, 0xFFFF, 0xFFFF, 0xFFFF, 0xFFFF, 0x8C51, 0x0000, 0x0000, 0x6B6D, 0xD6BA, 0xD6BA, 0xD6BA, 0xD6BA, 0xE71C, 0xFFFF,
    0xEF7D, 0xD6BA, 0xD6BA, 0xD6BA, 0xD6BA, 0xD6BA, 0xD6BA, 0xE71C, 0xFFFF, 0xEF7D, 0xD6BA, 0xD6BA, 0xD6BA, 0xD6BA, 0x738E, 0x0000,
    0x0000, 0x0000, 0x0000, 0x0000, 0x0000, 0x0000, 0x528A, 0xFFFF, 0x9CD3, 0x0000, 0x0000, 0x0000, 0x0000, 0x0000, 0x0000, 0x5AEB,
    0xFFFF, 0x9492, 0x0000, 0x0000, 0x0000, 0x0000, 0x0000, 0x0000, 0x0000, 0x0000, 0x0000, 0x0000, 0x0000, 0x0000, 0x528A, 0xFFFF,
    0x9CD3, 0x0000, 0x0000, 0x0000, 0x0000, 0x0000, 0x0000, 0x5AEB, 0xFFFF, 0x9492, 0x0000, 0x0000, 0x0000, 0x0000, 0x0000, 0x0000,
    0x0000, 0x0000, 0x0000, 0x0000, 0x0000, 0x0000, 0x528A, 0xFFFF, 0x9CD3, 0x0000, 0x0000, 0x0000, 0x0000, 0x0000, 0x0000, 0x5AEB,
    0xFFFF, 0x9492, 0x0000, 0x0000, 0x0000, 0x0000, 0x0000, 0x0000, 0x0000, 0x0000, 0x0000, 0x0000, 0x0000, 0x0000, 0x528A, 0xFFFF,
    0x9CD3, 0x0000, 0x0000, 0x0000, 0x0000, 0x0000, 0x0000, 0x5AEB, 0xFFFF, 0x9492, 0x0000, 0x0000, 0x0000, 0x0000, 0x0000, 0x0000,
    0x0000, 0x0000, 0x0000, 0x0000, 0x0000, 0x0000, 0x528A, 0xFFFF, 0x9CD3, 0x0000, 0x0000, 0x0000, 0x0000, 0x0000, 0x0000, 0x5AEB,
    0xFFFF, 0x9492, 0x0000, 0x0000, 0x0000, 0x0000, 0x0000, 0x0000, 0x8C51, 0xFFFF, 0xFFFF, 0xFFFF, 0xFFFF, 0xFFFF, 0xFFFF, 0xFFFF,
    0xFFFF, 0xFFFF, 0xFFFF, 0xFFFF, 0xFFFF, 0xFFFF, 0xFFFF, 0xFFFF, 0xFFFF, 0xFFFF, 0xFFFF, 0xFFFF, 0xFFFF, 0xFFFF, 0xFFFF, 0x8C51,
    0x738E, 0xD6BA, 0xD6BA, 0xD6BA, 0xD6BA, 0xD6BA, 0xEF5D, 0xFFFF, 0xEF5D, 0xD6BA, 0xD6BA, 0xD6BA, 0xD6BA, 0xD6BA, 0xD6BA, 0xE71C,
    0xFFFF, 0xEF7D, 0xD6BA, 0xD6BA, 0xD6BA, 0xD6BA, 0xD6BA, 0x738E, 0x0000, 0x0000, 0x0000, 0x0000, 0x0000, 0x0000, 0x8430, 0xFFFF,
    0x6B6D, 0x0000, 0x0000, 0x0000, 0x0000, 0x0000, 0x0000, 0x5AEB, 0xFFFF, 0x9492, 0x0000, 0x0000, 0x0000, 0x0000, 0x0000, 0x0000,
    0x0000, 0x0000, 0x0000, 0x0000, 0x0000, 0x0000, 0xAD75, 0xFFFF, 0x4A49, 0x0000, 0x0000, 0x0000, 0x0000, 0x0000, 0x0000, 0x5AEB,
    0xFFFF, 0x9492, 0x0000, 0x0000, 0x0000, 0x0000, 0x0000, 0x0000, 0x0000, 0x0000, 0x0000, 0x0000, 0x0000, 0x0841, 0xF79E, 0xFFFF,
    0x1082, 0x0000, 0x0000, 0x0000, 0x0000, 0x0000, 0x0000, 0x5AEB, 0xFFFF, 0x9492, 0x0000, 0x0000, 0x0000, 0x0000, 0x0000, 0x0000,
    0x0000, 0x0000, 0x0000, 0x0000, 0x0000, 0x6B6D, 0xFFFF, 0xB5B6, 0x0000, 0x0000, 0x0000, 0x0000, 0x0000, 0x0000, 0x0000, 0x5AEB,
    0xFFFF, 0x9492, 0x0000, 0x0000, 0x0000, 0x0000, 0x0000, 0x0000, 0x0000, 0x0000, 0x0000, 0x0000, 0x2104, 0xEF7D, 0xFFFF, 0x39E7,
    0x0000, 0x0000, 0x0000, 0x0000, 0x0000, 0x0000, 0x0000, 0x5AEB, 0xFFFF, 0x9492, 0x0000, 0x0000, 0x0000, 0x0000, 0x0000, 0x0000,
    0x0000, 0x0000, 0x0000, 0x1082, 0xD69A, 0xFFFF, 0xA514, 0x0000, 0x0000, 0x0000, 0x0000, 0x0000, 0x0000, 0x0000, 0x0000, 0x5AEB,
    0xFFFF, 0x9492, 0x0000, 0x0000, 0x0000, 0x0000, 0x0000, 0x0000, 0x0000, 0x0000, 0x2124, 0xD6BA, 0xFFFF, 0xCE59, 0x0861, 0x0000,
    0x0000, 0x0000, 0x0000, 0x0000, 0x0000, 0x0000, 0x0000, 0x5AEB, 0xFFFF, 0x9492, 0x0000, 0x0000, 0x0000, 0x0000, 0x0000, 0x0000,
    0x0000, 0x31A6, 0xF79E, 0xFFFF, 0xC618, 0x1082, 0x0000, 0x0000, 0x0000, 0x0000, 0x0000, 0x0000, 0x0000, 0x0000, 0x0000, 0x5AEB,
    0xFFFF, 0x9492, 0x0000, 0x0000, 0x0000, 0x0000, 0x0000, 0x0000, 0x0000, 0x0000, 0xA514, 0x8C51, 0x0020, 0x0000, 0x0000, 0x0000,
    0x0000, 0x0000, 0x0000, 0x0000, 0x0000, 0x0000, 0x0000, 0x5AEB, 0xFFFF, 0x9492, 0x0000, 0x0000, 0x0000, 0x0000, 0x0000, 0x0000,
};

// '点' (U+70B9) 24x23
static const uint16_t cn_char_026[] PROGMEM = {
    0x0000, 0x0000, 0x0000, 0x0000, 0x0000, 0x0000, 0x0000, 0x0000, 0x0000, 0x0000, 0x4228, 0xFFFF, 0xB5B6, 0x0000, 0x0000, 0x0000,
    0x0000, 0x0000, 0x0000, 0x0000, 0x0000, 0x0000, 0x0000, 0x0000, 0x0000, 0x0000, 0x0000, 0x0000, 0x0000, 0x0000, 0x0000, 0x0000,
    0x0000, 0x0000, 0x4228, 0xFFFF, 0xB5B6, 0x0000, 0x0000, 0x0000, 0x0000, 0x0000, 0x0000, 0x0000, 0x0000, 0x0000, 0x0000, 0x0000,
    0x0000, 0x0000, 0x0000, 0x0000, 0x0000, 0x0000, 0x0000, 0x0000, 0x0000, 0x0000, 0x4228, 0xFFFF, 0xB5B6, 0x0000, 0x0000, 0x0000,
    0x0000, 0x0000, 0x0000, 0x0000, 0x0000, 0x0000, 0x0000, 0x0000, 0x0000, 0x0000, 0x0000, 0x0000, 0x0000, 0x0000, 0x0000, 0x0000,
    0x0000, 0x0000, 0x4228, 0xFFFF, 0xFFFF, 0xFFFF, 0xFFFF, 0xFFFF, 0xFFFF, 0xFFFF, 0xFFFF, 0xFFFF, 0xFFFF, 0xFFFF, 0xFFFF, 0x3186,
    0x0000, 0x0000, 0x0000, 0x0000, 0x0000, 0x0000, 0x0000, 0x0000, 0x0000, 0x0000, 0x4228, 0xFFFF, 0xEF5D, 0xB596, 0xB596, 0xB596,
    0xB596, 0xB596, 0xB596, 0xB596, 0xB596, 0xB596, 0xB596, 0x2104, 0x0000, 0x0000, 0x0000, 0x0000, 0x0000, 0x0000, 0x0000, 0x0000,
    0x0000, 0x0000, 0x4228, 0xFFFF, 0xB5B6, 0x0000, 0x0000, 0x0000, 0x0000, 0x0000, 0x0000, 0x0000, 0x0000, 0x0000, 0x0000, 0x0000,
    0x0000, 0x0000, 0x0000, 0x0000, 0x0000, 0x0000, 0x0000, 0x0000, 0x0000, 0x0000, 0x4228, 0xFFFF, 0xB5B6, 0x0000, 0x0000, 0x0000,
    0x0000, 0x0000, 0x0000, 0x0000, 0x0000, 0x0000, 0x0000, 0x0000, 0x0000, 0x0000, 0x0000, 0x0000, 0x0000, 0x0000, 0x0000, 0x0000,
    0x0000, 0x0000, 0x4228, 0xFFFF, 0xB5B6, 0x0000, 0x0000, 0x0000, 0x0000, 0x0000, 0x0000, 0x0000, 0x0000, 0x0000, 0x0000, 0x0000,
    0x0000, 0x0000, 0x0000, 0xA514, 0xFFFF, 0xFFFF, 0xFFFF, 0xFFFF, 0xFFFF, 0xFFFF, 0xFFFF, 0xFFFF, 0xFFFF, 0xFFFF, 0xFFFF, 0xFFFF,
    0xFFFF, 0xFFFF, 0xFFFF, 0xFFFF, 0xFFFF, 0x0000, 0x0000, 0x0000, 0x0000, 0x0000, 0x0000, 0xA514, 0xFFFF, 0xC638, 0xB596, 0xB596,
    0xB596, 0xB596, 0xB596, 0xB596, 0xB596, 0xB596, 0xB596, 0xB596, 0xB596, 0xB596, 0xB596, 0xFFDF, 0xFFFF, 0x0000, 0x0000, 0x0000,
    0x0000, 0x0000, 0x0000, 0xA514, 0xFFFF, 0x4A69, 0x0000, 0x0000, 0x0000, 0x0000, 0x0000, 0x0000, 0x0000, 0x0000, 0x0000, 0x0000,
    0x0000, 0x0000, 0x0000, 0xEF7D, 0xFFFF, 0x0000, 0x0000, 0x0000, 0x0000, 0x0000, 0x0000, 0xA514, 0xFFFF, 0x4A69, 0x0000, 0x0000,
    0x0000, 0x0000, 0x0000, 0x0000, 0x0000, 0x0000, 0x0000, 0x0000, 0x0000, 0x0000, 0x0000, 0xEF7D, 0xFFFF, 0x0000, 0x0000, 0x0000,
    0x0000, 0x0000, 0x0000, 0xA514, 0xFFFF, 0x4A69, 0x0000, 0x0000, 0x0000, 0x0000, 0x0000, 0x0000, 0x0000, 0x0000, 0x0000, 0x0000,
    0x0000, 0x0000, 0x0000, 0xEF7D, 0xFFFF, 0x0000, 0x0000, 0x0000, 0x0000, 0x0000, 0x0000, 0xA514, 0xFFFF, 0x4A69, 0x0000, 0x0000,
    0x0000, 0x0000, 0x0000, 0x0000, 0x0000, 0x0000, 0x0000, 0x0000, 0x0000, 0x0000, 0x0000, 0xEF7D, 0xFFFF, 0x0000, 0x0000, 0x0000,
    0x0000, 0x0000, 0x0000, 0xA514, 0xFFFF, 0xFFFF, 0xFFFF, 0xFFFF, 0xFFFF, 0xFFFF, 0xFFFF, 0xFFFF, 0xFFFF, 0xFFFF, 0xFFFF, 0xFFFF,
    0xFFFF, 0xFFFF, 0xFFFF, 0xFFFF, 0xFFFF, 0x0000, 0x0000, 0x0000, 0x0000, 0x0000, 0x0000, 0xA514, 0xFFFF, 0xC638, 0xB596, 0xB596,
    0xB596, 0xB596, 0xB596, 0xB596, 0xB596, 0xB596, 0xB596, 0xB596, 0xB596, 0xB596, 0xB596, 0xFFDF, 0xFFFF, 0x0000, 0x0000, 0x0000,
    0x0000, 0x0000, 0x0000, 0xA514, 0xFFFF, 0x4A69, 0x0000, 0x0000, 0x0000, 0x0000, 0x0000, 0x0000, 0x0000, 0x0000, 0x0000, 0x0000,
    0x0000, 0x0000, 0x0000, 0xEF7D, 0xFFFF, 0x0000, 0x0000, 0x0000, 0x0000, 0x0000, 0x0841, 0xC618, 0x6B6D, 0x0000, 0x0000, 0x0000,
    0x0000, 0x0000, 0x0000, 0x0000, 0x0000, 0x0000, 0x0000, 0x0000, 0x0000, 0x0000, 0x0000, 0x0000, 0x0000, 0x0000, 0x0000, 0x0000,
    0x0000, 0x0000, 0xA514, 0xFFFF, 0xBDF7, 0x0000, 0x0000, 0x4A49, 0xCE79, 0x5ACB, 0x0000, 0x0000, 0x0000, 0x8C51, 0xCE59, 0x0020,
    0x0000, 0x0000, 0x0861, 0x8C71, 0xC618, 0x1082, 0x0000, 0x0000, 0x0000, 0x738E, 0xFFFF, 0xEF5D, 0x18C3, 0x0000, 0x0000, 0x31A6,
    0xFFFF, 0xEF5D, 0x0861, 0x0000, 0x0000, 0xAD55, 0xFFFF, 0x5AEB, 0x0000, 0x0000, 0x0000, 0xA534, 0xFFFF, 0xD69A, 0x10A2, 0x0000,
    0x4A69, 0xFFFF, 0xFFFF, 0x4228, 0x0000, 0x0000, 0x0000, 0x0000, 0xB5B6, 0xFFFF, 0x7BEF, 0x0000, 0x0000, 0x3186, 0xFFFF, 0xD6BA,
    0x0000, 0x0000, 0x0000, 0x0020, 0xB5B6, 0xFFFF, 0xCE59, 0x0861, 0x0861, 0xA534, 0x6B6D, 0x0000, 0x0000, 0x0000, 0x0000, 0x0000,
    0x31A6, 0xD6BA, 0x6B6D, 0x0000, 0x0000, 0x0000, 0xC618, 0xFFFF, 0x528A, 0x0000, 0x0000, 0x0000, 0x0861, 0xC638, 0x8410, 0x0861,
    0x0000, 0x0000, 0x0000, 0x0000, 0x0000, 0x0000, 0x0000, 0x0000, 0x0000, 0x0000, 0x0000, 0x0000, 0x0000, 0x0000, 0x5ACB, 0xBDF7,
    0x4208, 0x0000, 0x0000, 0x0000, 0x0000, 0x0000, 0x0000, 0x0000,
};

// '击' (U+51FB) 24x22
static const uint16_t cn_char_027[] PROGMEM = {
    0x0000, 0x0000, 0x0000, 0x0000, 0x0000, 0x0000, 0x0000, 0x0000, 0x0000, 0x0000, 0x0841, 0xFFFF, 0xFFFF, 0x0841, 0x0000, 0x0000,
    0x0000, 0x0000, 0x0000, 0x0000, 0x0000, 0x0000, 0x0000, 0x0000, 0x0000, 0x0000, 0x0000, 0x0000, 0x0000, 0x0000, 0x0000, 0x0000,
    0x0000, 0x0000, 0x0841, 0xFFFF, 0xFFFF, 0x0841, 0x0000, 0x0000, 0x0000, 0x0000, 0x0000, 0x0000, 0x0000, 0x0000, 0x0000, 0x0000,
    0x0000, 0x0000, 0x0000, 0x0000, 0x0000, 0x0000, 0x0000, 0x0000, 0x0000, 0x0000, 0x0841, 0xFFFF, 0xFFFF, 0x0841, 0x0000, 0x0000,
    0x0000, 0x0000, 0x0000, 0x0000, 0x0000, 0x0000, 0x0000, 0x0000, 0x0000, 0x0000, 0xCE79, 0xFFFF, 0xFFFF, 0xFFFF, 0xFFFF, 0xFFFF,
    0xFFFF, 0xFFFF, 0xFFFF, 0xFFFF, 0xFFFF, 0xFFFF, 0xFFFF, 0xFFFF, 0xFFFF, 0xFFFF, 0xFFFF, 0xFFFF, 0xFFFF, 0xE71C, 0x0000, 0x0000,
    0x0000, 0x0000, 0x9CF3, 0xCE59, 0xCE59, 0xCE59, 0xCE59, 0xCE59, 0xCE59, 0xCE59, 0xCE59, 0xFFFF, 0xFFFF, 0xCE59, 0xCE59, 0xCE59,
    0xCE59, 0xCE59, 0xCE59, 0xCE59, 0xCE59, 0xAD75, 0x0000, 0x0000, 0x0000, 0x0000, 0x0000, 0x0000, 0x0000, 0x0000, 0x0000, 0x0000,
    0x0000, 0x0000, 0x0841, 0xFFFF, 0xFFFF, 0x0841, 0x0000, 0x0000, 0x0000, 0x0000, 0x0000, 0x0000, 0x0000, 0x0000, 0x0000, 0x0000,
    0x0000, 0x0000, 0x0000, 0x0000, 0x0000, 0x0000, 0x0000, 0x0000, 0x0000, 0x0000, 0x0841, 0xFFFF, 0xFFFF, 0x0841, 0x0000, 0x0000,
    0x0000, 0x0000, 0x0000, 0x0000, 0x0000, 0x0000, 0x0000, 0x0000, 0x0000, 0x0000, 0x0000, 0x0000, 0x0000, 0x0000, 0x0000, 0x0000,
    0x0000, 0x0000, 0x0841, 0xFFFF, 0xFFFF, 0x0841, 0x0000, 0x0000, 0x0000, 0x0000, 0x0000, 0x0000, 0x0000, 0x0000, 0x0000, 0x0000,
    0x0000, 0x0000, 0x0000, 0x0000, 0x0000, 0x0000, 0x0000, 0x0000, 0x0000, 0x0000, 0x0841, 0xFFFF, 0xFFFF, 0x0841, 0x0000, 0x0000,
    0x0000, 0x0000, 0x0000, 0x0000, 0x0000, 0x0000, 0x0000, 0x0000, 0x7BEF, 0xFFFF, 0xFFFF, 0xFFFF, 0xFFFF, 0xFFFF, 0xFFFF, 0xFFFF,
    0xFFFF, 0xFFFF, 0xFFFF, 0xFFFF, 0xFFFF, 0xFFFF, 0xFFFF, 0xFFFF, 0xFFFF, 0xFFFF, 0xFFFF, 0xFFFF, 0xFFFF, 0xFFFF, 0xFFFF, 0x7BCF,
    0x630C, 0xCE59, 0xCE59, 0xCE59, 0xCE59, 0xCE59, 0xCE59, 0xCE59, 0xCE59, 0xCE59, 0xCE59, 0xFFFF, 0xFFFF, 0xCE59, 0xCE59, 0xCE59,
    0xCE59, 0xCE59, 0xCE59, 0xCE59, 0xCE59, 0xCE59, 0xCE59, 0x5AEB, 0x0000, 0x0000, 0x0000, 0x0000, 0x0000, 0x0000, 0x0000, 0x0000,
    0x0000, 0x0000, 0x0841, 0xFFFF, 0xFFFF, 0x0841, 0x0000, 0x0000, 0x0000, 0x0000, 0x0000, 0x0000, 0x0000, 0x0000, 0x0000, 0x0000,
    0x0000, 0x0000, 0x0000, 0x0000, 0x0000, 0x0000, 0x0000, 0x0000, 0x0000, 0x0000, 0x0841, 0xFFFF, 0xFFFF, 0x0841, 0x0000, 0x0000,
    0x0000, 0x0000, 0x0000, 0x0000, 0x0000, 0x0000, 0x0000, 0x0000, 0x0000, 0x0000, 0x39E7, 0xFFFF, 0xCE59, 0x0000, 0x0000, 0x0000,
    0x0000, 0x0000, 0x0841, 0xFFFF, 0xFFFF, 0x0841, 0x0000, 0x0000, 0x0000, 0x0000, 0x0000, 0xB596, 0xFFFF, 0x52AA, 0x0000, 0x0000,
    0x0000, 0x0000, 0x39E7, 0xFFFF, 0xCE59, 0x0000, 0x0000, 0x0000, 0x0000, 0x0000, 0x0841, 0xFFFF, 0xFFFF, 0x0841, 0x0000, 0x0000,
    0x0000, 0x0000, 0x0000, 0xB596, 0xFFFF, 0x52AA, 0x0000, 0x0000, 0x0000, 0x0000, 0x39E7, 0xFFFF, 0xCE59, 0x0000, 0x0000, 0x0000,
    0x0000, 0x0000, 0x0841, 0xFFFF, 0xFFFF, 0x0841, 0x0000, 0x0000, 0x0000, 0x0000, 0x0000, 0xB596, 0xFFFF, 0x52AA, 0x0000, 0x0000,
    0x0000, 0x0000, 0x39E7, 0xFFFF, 0xCE59, 0x0000, 0x0000, 0x0000, 0x0000, 0x0000, 0x0841, 0xFFFF, 0xFFFF, 0x0841, 0x0000, 0x0000,
    0x0000, 0x0000, 0x0000, 0xB596, 0xFFFF, 0x52AA, 0x0000, 0x0000, 0x0000, 0x0000, 0x39E7, 0xFFFF, 0xCE59, 0x0000, 0x0000, 0x0000,
    0x0000, 0x0000, 0x0841, 0xFFFF, 0xFFFF, 0x0841, 0x0000, 0x0000, 0x0000, 0x0000, 0x0000, 0xB596, 0xFFFF, 0x52AA, 0x0000, 0x0000,
    0x0000, 0x0000, 0x39E7, 0xFFFF, 0xCE59, 0x0000, 0x0000, 0x0000, 0x0000, 0x0000, 0x0841, 0xFFFF, 0xFFFF, 0x0841, 0x0000, 0x0000,
    0x0000, 0x0000, 0x0000, 0xB596, 0xFFFF, 0x52AA, 0x0000, 0x0000, 0x0000, 0x0000, 0x39E7, 0xFFFF, 0xFFFF, 0xFFFF, 0xFFFF, 0xFFFF,
    0xFFFF, 0xFFFF, 0xFFFF, 0xFFFF, 0xFFFF, 0xFFFF, 0xFFFF, 0xFFFF, 0xFFFF, 0xFFFF, 0xFFFF, 0xFFFF, 0xFFFF, 0x52AA, 0x0000, 0x0000,
    0x0000, 0x0000, 0x2965, 0xCE59, 0xCE59, 0xCE59, 0xCE59, 0xCE59, 0xCE59, 0xCE59, 0xCE59, 0xCE59, 0xCE59, 0xCE59, 0xCE59, 0xCE59,
    0xCE59, 0xCE59, 0xCE59, 0xEF7D, 0xFFFF, 0x52AA, 0x0000, 0x0000, 0x0000, 0x0000, 0x0000, 0x0000, 0x0000, 0x0000, 0x0000, 0x0000,
    0x0000, 0x0000, 0x0000, 0x0000, 0x0000, 0x0000, 0x0000, 0x0000, 0x0000, 0x0000, 0x0000, 0xB596, 0xFFFF, 0x52AA, 0x0000, 0x0000,
};

struct CnCharInfo {
    uint16_t unicode;
    uint8_t  width;
    uint8_t  height;
    const uint16_t *bitmap;
};

static const CnCharInfo cnFontTable[CN_CHAR_COUNT] = {
    {0x4F73, 32, 30, cn_char_000},  // '佳'
    {0x5FEB, 32, 30, cn_char_001},  // '快'
    {0x5B66, 32, 30, cn_char_002},  // '学'
    {0x4E60, 32, 29, cn_char_003},  // '习'
    {0x743C, 32, 32, cn_char_004},  // '琼'
    {0x522B, 32, 30, cn_char_005},  // '别'
    {0x4E86, 32, 29, cn_char_006},  // '了'
    {0x83DC, 24, 23, cn_char_007},  // '菜'
    {0x5355, 24, 22, cn_char_008},  // '单'
    {0x9875, 24, 21, cn_char_009},  // '页'
    {0x9762, 24, 21, cn_char_010},  // '面'
    {0x8FD4, 24, 23, cn_char_011},  // '返'
    {0x56DE, 24, 21, cn_char_012},  // '回'
    {0x529F, 24, 22, cn_char_013},  // '功'
    {0x80FD, 24, 23, cn_char_014},  // '能'
    {0x0031, 14, 18, cn_char_015},  // '1'
    {0x0032, 14, 18, cn_char_016},  // '2'
    {0x8FD9, 24, 23, cn_char_017},  // '这'
    {0x662F, 24, 21, cn_char_018},  // '是'
    {0xFF0C, 24, 7, cn_char_019},  // '，'
    {0x4F60, 24, 22, cn_char_020},  // '你'
    {0x53EF, 24, 21, cn_char_021},  // '可'
    {0x4EE5, 24, 22, cn_char_022},  // '以'
    {0x9009, 24, 22, cn_char_023},  // '选'
    {0x62E9, 24, 22, cn_char_024},  // '择'
    {0x5E76, 24, 22, cn_char_025},  // '并'
    {0x70B9, 24, 23, cn_char_026},  // '点'
    {0x51FB, 24, 22, cn_char_027},  // '击'
};

static const CnCharInfo* cnFindChar(uint16_t unicode) {
    for (int i = 0; i < CN_CHAR_COUNT; i++) {
        if (cnFontTable[i].unicode == unicode) return &cnFontTable[i];
    }
    return nullptr;
}

static void cnDrawChar(TFT_eSPI *tft, int16_t x, int16_t y, uint16_t unicode) {
    const CnCharInfo *ch = cnFindChar(unicode);
    if (ch) tft->pushImage(x, y, ch->width, ch->height, ch->bitmap);
}

static void cnDrawString(TFT_eSPI *tft, int16_t x, int16_t y, const char *str) {
    int16_t cx = x;
    while (*str) {
        uint16_t u = 0;
        uint8_t c = (uint8_t)*str;
        if (c < 0x80) { u = c; str += 1; }
        else if ((c & 0xE0) == 0xC0) { u = ((c & 0x1F) << 6) | (str[1] & 0x3F); str += 2; }
        else if ((c & 0xF0) == 0xE0) { u = ((c & 0x0F) << 12) | ((str[1] & 0x3F) << 6) | (str[2] & 0x3F); str += 3; }
        else { str += 1; continue; }
        const CnCharInfo *ch = cnFindChar(u);
        if (ch) { tft->pushImage(cx, y, ch->width, ch->height, ch->bitmap); cx += ch->width; }
    }
}
