#pragma once
#include "lvgl.h"

static const uint8_t photo_data[] = {
    0xF6,0xBD,0xF6,0xBD,0xD6,0xBD,0xD6,0xBD,0xD6,0xBD,0xD6,0xBD,0xD6,0xBD,0x95,0xB5,0x54,0xB5,0x54,0xB5,0xD7,0xBD,0x38,0xC6,0x38,0xC6,0xF7,0xC5,0xD7,0xBD,0xD7,0xBD,
    0xD6,0xBD,0xD6,0xBD,0xD6,0xBD,0xF6,0xBD,0xF6,0xBD,0xF6,0xBD,0xD6,0xBD,0xD6,0xBD,0xD6,0xBD,0xD6,0xBD,0xD6,0xBD,0xD6,0xBD,0xD6,0xBD,0xD6,0xBD,0xD6,0xBD,0xD6,0xBD,
    0xD6,0xBD,0xD6,0xBD,0xD6,0xBD,0xD6,0xBD,0xD6,0xBD,0xD6,0xBD,0xD6,0xBD,0xD6,0xBD,0xD6,0xBD,0xD6,0xBD,0xD6,0xBD,0xD6,0xBD,0xD6,0xBD,0xD6,0xBD,0xF6,0xBD,0xF6,0xBD,
    0xD6,0xBD,0xD6,0xBD,0xD6,0xBD,0xD6,0xBD,0xD6,0xBD,0xD6,0xBD,0x75,0xB5,0x54,0xB5,0x54,0xB5,0x17,0xC6,0x38,0xC6,0x18,0xC6,0xD7,0xBD,0xD7,0xBD,0xD6,0xBD,0xD6,0xBD,
    0xD6,0xBD,0xD6,0xBD,0xF6,0xBD,0xF6,0xBD,0xD6,0xBD,0xD6,0xBD,0xD6,0xBD,0xD6,0xBD,0xD6,0xBD,0xD6,0xBD,0xD6,0xBD,0xD6,0xBD,0xD6,0xBD,0xD6,0xBD,0xD6,0xBD,0xD6,0xBD,
    0xD6,0xBD,0xD6,0xBD,0xD6,0xBD,0xD6,0xBD,0xD6,0xBD,0xD6,0xBD,0xD6,0xBD,0xD6,0xBD,0xD6,0xBD,0xD6,0xBD,0xD6,0xBD,0xD6,0xBD,0xD6,0xBD,0xD6,0xBD,0xD6,0xBD,0xD6,0xBD,
    0xD6,0xBD,0xD6,0xBD,0xD6,0xBD,0xD6,0xBD,0x95,0xBD,0x54,0xB5,0x54,0xB5,0xD6,0xBD,0x38,0xC6,0x18,0xC6,0xF7,0xC5,0xD6,0xBD,0xD6,0xBD,0xD6,0xBD,0xD6,0xBD,0xD6,0xBD,
    0xD6,0xBD,0xD6,0xBD,0xD6,0xBD,0xD6,0xBD,0xD6,0xBD,0xD6,0xBD,0xD6,0xBD,0xD6,0xBD,0xD6,0xBD,0xD6,0xBD,0xD6,0xBD,0xD6,0xBD,0xD6,0xBD,0xD6,0xBD,0xD6,0xBD,0xD6,0xBD,
    0xD6,0xBD,0xD6,0xBD,0xB6,0xBD,0xB6,0xBD,0xD6,0xBD,0xD6,0xBD,0xD6,0xBD,0xF7,0xC5,0xF7,0xC5,0xF7,0xC5,0xD6,0xBD,0xD6,0xBD,0xD6,0xBD,0xD6,0xBD,0xD6,0xBD,0xD6,0xBD,
    0xD6,0xBD,0xD6,0xBD,0x95,0xB5,0x54,0xB5,0x74,0xB5,0xF7,0xBD,0x17,0xC6,0xF7,0xC5,0xD6,0xBD,0xD6,0xBD,0xD6,0xBD,0xD6,0xBD,0xD6,0xBD,0xD6,0xBD,0xD6,0xBD,0xD6,0xBD,
    0xD6,0xBD,0xD6,0xBD,0xD6,0xBD,0xD6,0xBD,0xD6,0xBD,0xD6,0xBD,0xD6,0xBD,0x75,0xB5,0x54,0xB5,0x54,0xB5,0xF7,0xBD,0x38,0xC6,0x38,0xC6,0xF7,0xC5,0xD7,0xBD,0xD7,0xBD,
    0xD6,0xBD,0xD6,0xBD,0xD6,0xBD,0xF6,0xBD,0xF6,0xBD,0xF6,0xBD,0xD6,0xBD,0xD6,0xBD,0xD6,0xBD,0xD6,0xBD,0xD6,0xBD,0xD6,0xBD,0xD6,0xBD,0xD6,0xBD,0xD6,0xBD,0xD6,0xBD,
    0xD6,0xBD,0xD6,0xBD,0xD6,0xBD,0xD6,0xBD,0xD6,0xBD,0xD6,0xBD,0xD6,0xBD,0xD6,0xBD,0xD6,0xBD,0xD6,0xBD,0xD6,0xBD,0xD6,0xBD,0xD6,0xBD,0xD6,0xBD,0xF6,0xBD,0xF6,0xBD,
    0xD6,0xBD,0xD6,0xBD,0xD6,0xBD,0xD6,0xBD,0xD6,0xBD,0xD6,0xBD,0x75,0xB5,0x54,0xB5,0x54,0xB5,0x17,0xC6,0x38,0xC6,0x18,0xC6,0xD7,0xBD,0xD7,0xBD,0xD6,0xBD,0xD6,0xBD,
    0xD6,0xBD,0xD6,0xBD,0xF7,0xBD,0xF7,0xBD,0xD6,0xBD,0xD6,0xBD,0xD6,0xBD,0xD6,0xBD,0xD6,0xBD,0xD6,0xBD,0xD6,0xBD,0xD6,0xBD,0xD6,0xBD,0xD6,0xBD,0xD6,0xBD,0xD6,0xBD,
    0xD6,0xBD,0xD6,0xBD,0xD6,0xBD,0xD6,0xBD,0xD6,0xBD,0xD6,0xBD,0xD6,0xBD,0xD6,0xBD,0xD6,0xBD,0xD6,0xBD,0xD6,0xBD,0xD6,0xBD,0xF6,0xBD,0xF6,0xBD,0xF6,0xBD,0xD6,0xBD,
    0xD6,0xBD,0xD6,0xBD,0xD6,0xBD,0xD6,0xBD,0x95,0xBD,0x54,0xB5,0x54,0xB5,0xD6,0xBD,0x38,0xC6,0x38,0xC6,0xF7,0xC5,0xD7,0xBD,0xD7,0xBD,0xD6,0xBD,0xD6,0xBD,0xD6,0xBD,
    0xF6,0xBD,0xF6,0xBD,0xD6,0xBD,0xD6,0xBD,0xD6,0xBD,0xD6,0xBD,0xD6,0xBD,0xD6,0xBD,0xD6,0xBD,0xD6,0xBD,0xD6,0xBD,0xD6,0xBD,0xD6,0xBD,0xD6,0xBD,0xD6,0xBD,0xD6,0xBD,
    0xD6,0xBD,0xD6,0xBD,0xD6,0xBD,0xD6,0xBD,0xD6,0xBD,0xD6,0xBD,0xD6,0xBD,0xD6,0xBD,0xD6,0xBD,0xD6,0xBD,0xF6,0xBD,0xF6,0xBD,0xF6,0xBD,0xD6,0xBD,0xD6,0xBD,0xD6,0xBD,
    0xD6,0xBD,0xD6,0xBD,0x75,0xB5,0x54,0xB5,0x54,0xB5,0x17,0xC6,0x38,0xC6,0x18,0xC6,0xD7,0xBD,0xD7,0xBD,0xD6,0xBD,0xD6,0xBD,0xD6,0xBD,0xD6,0xBD,0xF6,0xBD,0xF6,0xBD,
    0xB6,0xBD,0xD6,0xBD,0xD6,0xBD,0xD6,0xBD,0xD6,0xBD,0xD6,0xBD,0xD6,0xBD,0x75,0xB5,0x54,0xB5,0x74,0xB5,0xF7,0xC5,0x17,0xC6,0x17,0xC6,0xF7,0xC5,0xF7,0xC5,0xF7,0xC5,
    0xD6,0xBD,0xD6,0xBD,0xD6,0xBD,0xB6,0xBD,0xB6,0xBD,0xB6,0xBD,0xD6,0xBD,0xD6,0xBD,0xD6,0xBD,0xD6,0xBD,0xD6,0xBD,0xD6,0xBD,0xD6,0xBD,0xD6,0xBD,0xD6,0xBD,0xD6,0xBD,
    0xD6,0xBD,0xD6,0xBD,0xD6,0xBD,0xD6,0xBD,0xD6,0xBD,0xB5,0xBD,0xB5,0xBD,0xD6,0xBD,0xF6,0xBD,0xF6,0xBD,0xD6,0xBD,0xD6,0xBD,0xD6,0xBD,0xD6,0xBD,0xD6,0xBD,0xD6,0xBD,
    0xD6,0xBD,0xD6,0xBD,0xD6,0xBD,0xD6,0xBD,0xD6,0xBD,0xD6,0xBD,0x75,0xB5,0x54,0xB5,0x54,0xB5,0x17,0xC6,0x38,0xC6,0x17,0xC6,0xF7,0xBD,0xF7,0xBD,0xD6,0xBD,0xD6,0xBD,
    0xD6,0xBD,0xD6,0xBD,0xD6,0xBD,0xD6,0xBD,0xD6,0xBD,0xD6,0xBD,0xD6,0xBD,0xD6,0xBD,0xD6,0xBD,0xD6,0xBD,0xD6,0xBD,0xD6,0xBD,0xD6,0xBD,0xD6,0xBD,0xD6,0xBD,0xD6,0xBD,
    0xD6,0xBD,0xD6,0xBD,0xD6,0xBD,0xD6,0xBD,0xD6,0xBD,0xD6,0xBD,0xD6,0xBD,0xD6,0xBD,0xD6,0xBD,0xD6,0xBD,0xD6,0xBD,0xD6,0xBD,0xD6,0xBD,0xF6,0xBD,0xF6,0xBD,0xD6,0xBD,
    0xD6,0xBD,0xD6,0xBD,0xD6,0xBD,0xD6,0xBD,0x95,0xBD,0x54,0xB5,0x54,0xB5,0xD6,0xBD,0x38,0xC6,0x38,0xC6,0xF7,0xC5,0xD7,0xBD,0xD7,0xBD,0xD6,0xBD,0xD6,0xBD,0xD6,0xBD,
    0xF6,0xBD,0xF7,0xBD,0xD6,0xBD,0xD6,0xBD,0xD6,0xBD,0xD6,0xBD,0xD6,0xBD,0xD6,0xBD,0xD6,0xBD,0xD6,0xBD,0xD6,0xBD,0xD6,0xBD,0xD6,0xBD,0xD6,0xBD,0xD6,0xBD,0xD6,0xBD,
    0xD6,0xBD,0xD6,0xBD,0xD6,0xBD,0xD6,0xBD,0xD6,0xBD,0xD6,0xBD,0xD6,0xBD,0xD6,0xBD,0xD6,0xBD,0xD6,0xBD,0xF6,0xBD,0xF6,0xBD,0xF6,0xBD,0xD6,0xBD,0xD6,0xBD,0xD6,0xBD,
    0xD6,0xBD,0xD6,0xBD,0x75,0xB5,0x54,0xB5,0x54,0xB5,0x17,0xC6,0x38,0xC6,0x18,0xC6,0xD7,0xBD,0xD7,0xBD,0xD6,0xBD,0xD6,0xBD,0xD6,0xBD,0xD6,0xBD,0xF6,0xBD,0xF6,0xBD,
    0xB6,0xBD,0xD6,0xBD,0xD6,0xBD,0xD6,0xBD,0xD6,0xBD,0xD6,0xBD,0xD6,0xBD,0x75,0xB5,0x54,0xB5,0x74,0xB5,0xF7,0xC5,0x17,0xC6,0x17,0xC6,0xF7,0xC5,0xF7,0xC5,0xF7,0xC5,
    0xD6,0xBD,0xD6,0xBD,0xD6,0xBD,0xB5,0xBD,0xB5,0xBD,0xB6,0xBD,0xD6,0xBD,0xD6,0xBD,0xD6,0xBD,0xD6,0xBD,0xD6,0xBD,0xD6,0xBD,0xD6,0xBD,0xD6,0xBD,0xD6,0xBD,0xD6,0xBD,
    0xD6,0xBD,0xD6,0xBD,0xD6,0xBD,0xD6,0xBD,0xB6,0xBD,0xB5,0xBD,0xB5,0xBD,0xD6,0xBD,0xF7,0xBD,0xF6,0xBD,0xD6,0xBD,0xD6,0xBD,0xD6,0xBD,0xD6,0xBD,0xB6,0xBD,0xB6,0xBD,
    0xD6,0xBD,0xD6,0xBD,0xD6,0xBD,0xD6,0xBD,0xD6,0xBD,0xD6,0xBD,0x75,0xB5,0x54,0xB5,0x54,0xB5,0xF7,0xC5,0x17,0xC6,0x17,0xC6,0xF7,0xC5,0xF7,0xC5,0xF7,0xBD,0xD6,0xBD,
    0xD6,0xBD,0xD6,0xBD,0xB5,0xBD,0xB5,0xBD,0xB6,0xBD,0xD6,0xBD,0xD6,0xBD,0xD6,0xBD,0xD6,0xBD,0xD6,0xBD,0xD6,0xBD,0xD6,0xBD,0xD6,0xBD,0xD6,0xBD,0xD6,0xBD,0xD6,0xBD,
    0xD6,0xBD,0xD6,0xBD,0xD6,0xBD,0xB5,0xBD,0xB5,0xBD,0xB5,0xBD,0xD6,0xBD,0xF6,0xBD,0xF6,0xBD,0xD6,0xBD,0xD6,0xBD,0xD6,0xBD,0xB6,0xBD,0xD6,0xBD,0xD6,0xBD,0xD6,0xBD,
    0xD6,0xBD,0xD6,0xBD,0xD6,0xBD,0xD6,0xBD,0x95,0xBD,0x54,0xB5,0x54,0xB5,0xD6,0xBD,0x38,0xC6,0x17,0xC6,0xF7,0xC5,0xF7,0xC5,0xF7,0xC5,0xD6,0xBD,0xD6,0xBD,0xD6,0xBD,
    0xB6,0xBD,0xD6,0xBD,0xD6,0xBD,0xD6,0xBD,0xD6,0xBD,0xD6,0xBD,0xD6,0xBD,0xD6,0xBD,0xD6,0xBD,0xD6,0xBD,0xD6,0xBD,0xD6,0xBD,0xD6,0xBD,0xD6,0xBD,0xD6,0xBD,0xD6,0xBD,
    0xD6,0xBD,0xD6,0xBD,0xB5,0xBD,0xB5,0xBD,0xD6,0xBD,0xD6,0xBD,0xD6,0xBD,0xD6,0xBD,0xD6,0xBD,0xD6,0xBD,0xD6,0xBD,0xD6,0xBD,0xD6,0xBD,0xD6,0xBD,0xD6,0xBD,0xD6,0xBD,
    0xD6,0xBD,0xD6,0xBD,0x75,0xB5,0x54,0xB5,0x54,0xB5,0xF7,0xC5,0x38,0xC6,0x17,0xC6,0xF7,0xBD,0xD7,0xBD,0xD6,0xBD,0xD6,0xBD,0xD6,0xBD,0xD6,0xBD,0xD6,0xBD,0xD6,0xBD,
    0xB6,0xBD,0xD6,0xBD,0xD6,0xBD,0xD6,0xBD,0xD6,0xBD,0xD6,0xBD,0xD6,0xBD,0x75,0xB5,0x54,0xB5,0x74,0xB5,0x17,0xC6,0x38,0xC6,0x17,0xC6,0xF7,0xBD,0xF7,0xBD,0xF7,0xBD,
    0xD6,0xBD,0xD6,0xBD,0xD6,0xBD,0xB6,0xBD,0xB6,0xBD,0xB6,0xBD,0xD6,0xBD,0xD6,0xBD,0xD6,0xBD,0xD6,0xBD,0xD6,0xBD,0xD6,0xBD,0xD6,0xBD,0xD6,0xBD,0xD6,0xBD,0xD6,0xBD,
    0xD6,0xBD,0xD6,0xBD,0xD6,0xBD,0xD6,0xBD,0xB6,0xBD,0xB5,0xBD,0xB5,0xBD,0xD6,0xBD,0xF7,0xBD,0xF6,0xBD,0xD6,0xBD,0xD6,0xBD,0xD6,0xBD,0xD6,0xBD,0xB6,0xBD,0xB6,0xBD,
    0xD6,0xBD,0xD6,0xBD,0xD6,0xBD,0xD6,0xBD,0xD6,0xBD,0xD6,0xBD,0x75,0xB5,0x54,0xB5,0x54,0xB5,0xF7,0xC5,0x17,0xC6,0x17,0xC6,0xF7,0xC5,0xF7,0xC5,0xF7,0xBD,0xD6,0xBD,
    0xD6,0xBD,0xD6,0xBD,0xB5,0xBD,0xB5,0xBD,0xB6,0xBD,0xD6,0xBD,0xD6,0xBD,0xD6,0xBD,0xD6,0xBD,0xD6,0xBD,0xD6,0xBD,0xD6,0xBD,0xD6,0xBD,0xD6,0xBD,0xD6,0xBD,0xD6,0xBD,
    0xD6,0xBD,0xD6,0xBD,0xD6,0xBD,0xB5,0xBD,0xB5,0xBD,0xB5,0xBD,0xD6,0xBD,0xF6,0xBD,0xF6,0xBD,0xD6,0xBD,0xD6,0xBD,0xD6,0xBD,0xB6,0xBD,0xB6,0xBD,0xB6,0xBD,0xD6,0xBD,
    0xD6,0xBD,0xD6,0xBD,0xD6,0xBD,0xD6,0xBD,0x95,0xBD,0x54,0xB5,0x54,0xB5,0xD6,0xBD,0x37,0xC6,0x17,0xC6,0xF7,0xC5,0xF7,0xC5,0xF7,0xC5,0xD6,0xBD,0xD6,0xBD,0xD6,0xBD,
    0xB5,0xBD,0xB5,0xBD,0xB6,0xBD,0xD6,0xBD,0xD6,0xBD,0xD6,0xBD,0xD6,0xBD,0xD6,0xBD,0xD6,0xBD,0xD6,0xBD,0xD6,0xBD,0xD6,0xBD,0xD6,0xBD,0xD6,0xBD,0xD6,0xBD,0xD6,0xBD,
    0xD6,0xBD,0xB5,0xBD,0xB5,0xBD,0xB5,0xBD,0xD6,0xBD,0xF6,0xBD,0xF6,0xBD,0xD6,0xBD,0xD6,0xBD,0xD6,0xBD,0xB6,0xBD,0xB6,0xBD,0xD6,0xBD,0xD6,0xBD,0xD6,0xBD,0xD6,0xBD,
    0xD6,0xBD,0xD6,0xBD,0x95,0xBD,0x54,0xB5,0x54,0xB5,0xF7,0xC5,0x17,0xC6,0x17,0xC6,0xF7,0xC5,0xF7,0xC5,0xF7,0xBD,0xD6,0xBD,0xD6,0xBD,0xD6,0xBD,0xB5,0xBD,0xB5,0xBD,
    0xB6,0xBD,0xD6,0xBD,0xD6,0xBD,0xD6,0xBD,0xD6,0xBD,0xD6,0xBD,0xF6,0xBD,0x75,0xB5,0x54,0xB5,0x74,0xB5,0x17,0xC6,0x38,0xC6,0x18,0xC6,0xD6,0xBD,0xD6,0xBD,0xD6,0xBD,
    0xD6,0xBD,0xD6,0xBD,0xD6,0xBD,0xF6,0xBD,0xF6,0xBD,0xF6,0xBD,0xD7,0xBD,0xD7,0xBD,0xD7,0xBD,0xD6,0xBD,0xD6,0xBD,0xD6,0xBD,0xD6,0xBD,0xD6,0xBD,0xD6,0xBD,0xD6,0xBD,
    0xD6,0xBD,0xD6,0xBD,0xD6,0xBD,0xD6,0xBD,0xD6,0xBD,0xD6,0xBD,0xD6,0xBD,0xD6,0xBD,0xD6,0xBD,0xD6,0xBD,0xD6,0xBD,0xB5,0xBD,0xB5,0xBD,0xB6,0xBD,0xB6,0xBD,0xB6,0xBD,
    0xD6,0xBD,0xD6,0xBD,0xD6,0xBD,0xD6,0xBD,0xD6,0xBD,0xF6,0xBD,0x95,0xB5,0x54,0xB5,0x54,0xB5,0x17,0xC6,0x38,0xC6,0x17,0xC6,0xF7,0xBD,0xF6,0xBD,0xD6,0xBD,0xD6,0xBD,
    0xD6,0xBD,0xD6,0xBD,0xD6,0xBD,0xD6,0xBD,0xD6,0xBD,0xD6,0xBD,0xD6,0xBD,0xD6,0xBD,0xD6,0xBD,0xD6,0xBD,0xD6,0xBD,0xD6,0xBD,0xD6,0xBD,0xD6,0xBD,0xD6,0xBD,0xD6,0xBD,
    0xD6,0xBD,0xD6,0xBD,0xD6,0xBD,0xB6,0xBD,0xB5,0xBD,0xB5,0xBD,0xD6,0xBD,0xD6,0xBD,0xD6,0xBD,0xD6,0xBD,0xD6,0xBD,0xD6,0xBD,0xB6,0xBD,0xB6,0xBD,0xB6,0xBD,0xD6,0xBD,
    0xD6,0xBD,0xD6,0xBD,0xD6,0xBD,0xD6,0xBD,0x95,0xBD,0x54,0xB5,0x54,0xB5,0xD6,0xBD,0x37,0xC6,0x17,0xC6,0xF7,0xC5,0xF7,0xC5,0xF7,0xC5,0xD6,0xBD,0xD6,0xBD,0xD6,0xBD,
    0xB6,0xBD,0xB6,0xBD,0xB6,0xBD,0xD6,0xBD,0xD6,0xBD,0xD6,0xBD,0xD6,0xBD,0xD6,0xBD,0xD6,0xBD,0xD6,0xBD,0xD6,0xBD,0xD6,0xBD,0xD6,0xBD,0xD6,0xBD,0xD6,0xBD,0xD6,0xBD,
    0xD6,0xBD,0xB5,0xBD,0xB5,0xBD,0xB5,0xBD,0xD6,0xBD,0xF6,0xBD,0xF6,0xBD,0xD6,0xBD,0xD6,0xBD,0xD6,0xBD,0xB6,0xBD,0xB6,0xBD,0xB6,0xBD,0xD6,0xBD,0xD6,0xBD,0xD6,0xBD,
    0xD6,0xBD,0xD6,0xBD,0x95,0xBD,0x54,0xB5,0x54,0xB5,0xF7,0xC5,0x17,0xC6,0x17,0xC6,0xF7,0xC5,0xF7,0xC5,0xF7,0xBD,0xD6,0xBD,0xD6,0xBD,0xD6,0xBD,0xB5,0xBD,0xB5,0xBD,
    0xB6,0xBD,0xD6,0xBD,0xD6,0xBD,0xD6,0xBD,0xD6,0xBD,0xD6,0xBD,0xF6,0xBD,0x75,0xB5,0x54,0xB5,0x74,0xB5,0x17,0xC6,0x38,0xC6,0x18,0xC6,0xD6,0xBD,0xD6,0xBD,0xD6,0xBD,
    0xD6,0xBD,0xD6,0xBD,0xD6,0xBD,0xF6,0xBD,0xF6,0xBD,0xF6,0xBD,0xD7,0xBD,0xD7,0xBD,0xD7,0xBD,0xD6,0xBD,0xD6,0xBD,0xD6,0xBD,0xD6,0xBD,0xD6,0xBD,0xD6,0xBD,0xD6,0xBD,
    0xD6,0xBD,0xD6,0xBD,0xD6,0xBD,0xD6,0xBD,0xD6,0xBD,0xD6,0xBD,0xD6,0xBD,0xD6,0xBD,0xD6,0xBD,0xD6,0xBD,0xB5,0xBD,0xB5,0xBD,0xB5,0xBD,0xB5,0xBD,0xB6,0xBD,0xB6,0xBD,
    0xD6,0xBD,0xD6,0xBD,0xD6,0xBD,0xD6,0xBD,0xD6,0xBD,0xF6,0xBD,0x95,0xB5,0x54,0xB5,0x54,0xB5,0x17,0xC6,0x38,0xC6,0x18,0xC6,0xD6,0xBD,0xD6,0xBD,0xD6,0xBD,0xD6,0xBD,
    0xD6,0xBD,0xD6,0xBD,0xF7,0xBD,0xF7,0xBD,0xF6,0xBD,0xD7,0xBD,0xD7,0xBD,0xD6,0xBD,0xD6,0xBD,0xD6,0xBD,0xD6,0xBD,0xD6,0xBD,0xD6,0xBD,0xD6,0xBD,0xD6,0xBD,0xD6,0xBD,
    0xD6,0xBD,0xD6,0xBD,0xD6,0xBD,0xD6,0xBD,0xD6,0xBD,0xD6,0xBD,0xD6,0xBD,0xD6,0xBD,0xD6,0xBD,0xB5,0xBD,0xB5,0xBD,0xB5,0xBD,0xB6,0xBD,0xB6,0xBD,0xB6,0xBD,0xD6,0xBD,
    0xD6,0xBD,0xD6,0xBD,0xD6,0xBD,0xF6,0xBD,0xB5,0xBD,0x54,0xB5,0x54,0xB5,0xD6,0xBD,0x38,0xC6,0x38,0xC6,0xF7,0xC5,0xD6,0xBD,0xD6,0xBD,0xD6,0xBD,0xD6,0xBD,0xD6,0xBD,
    0xF6,0xBD,0xF6,0xBD,0xF6,0xBD,0xD7,0xBD,0xD7,0xBD,0xD7,0xBD,0xD6,0xBD,0xD6,0xBD,0xD6,0xBD,0xD6,0xBD,0xD6,0xBD,0xD6,0xBD,0xD6,0xBD,0xD6,0xBD,0xD6,0xBD,0xD6,0xBD,
    0xD6,0xBD,0xD6,0xBD,0xD6,0xBD,0xD6,0xBD,0xD6,0xBD,0xD6,0xBD,0xD6,0xBD,0xB5,0xBD,0xB5,0xBD,0xB5,0xBD,0xB6,0xBD,0xB6,0xBD,0xB6,0xBD,0xD6,0xBD,0xD6,0xBD,0xD6,0xBD,
    0xD6,0xBD,0xF6,0xBD,0x95,0xBD,0x54,0xB5,0x54,0xB5,0xD6,0xBD,0x38,0xC6,0x17,0xC6,0xF7,0xBD,0xF7,0xBD,0xD6,0xBD,0xD6,0xBD,0xD6,0xBD,0xD6,0xBD,0xD6,0xBD,0xD6,0xBD,
    0xD6,0xBD,0xD6,0xBD,0xD6,0xBD,0xD6,0xBD,0xD6,0xBD,0xD6,0xBD,0xD6,0xBD,0x74,0xB5,0x54,0xAD,0x54,0xB5,0xF7,0xC5,0x18,0xC6,0x17,0xC6,0xD6,0xBD,0xD6,0xBD,0xD6,0xBD,
    0xD6,0xBD,0xD6,0xBD,0xD6,0xBD,0xF6,0xBD,0xF6,0xBD,0xF6,0xBD,0xD6,0xBD,0xD7,0xBD,0xD6,0xBD,0xD6,0xBD,0xD6,0xBD,0xD6,0xBD,0xD6,0xBD,0xD6,0xBD,0xD6,0xBD,0xD6,0xBD,
    0xD6,0xBD,0xD6,0xBD,0xD6,0xBD,0xD6,0xBD,0xD6,0xBD,0xD6,0xBD,0xD6,0xBD,0xD6,0xBD,0xD6,0xBD,0xD6,0xBD,0xB6,0xBD,0xB5,0xBD,0xB5,0xBD,0xB5,0xBD,0xB6,0xBD,0xB6,0xBD,
    0xD6,0xBD,0xD6,0xBD,0xD6,0xBD,0xD6,0xBD,0xD6,0xBD,0xF6,0xBD,0x95,0xB5,0x54,0xB5,0x54,0xB5,0x17,0xC6,0x38,0xC6,0x18,0xC6,0xD6,0xBD,0xD6,0xBD,0xD6,0xBD,0xD6,0xBD,
    0xD6,0xBD,0xD6,0xBD,0xF6,0xBD,0xF6,0xBD,0xF6,0xBD,0xD7,0xBD,0xD7,0xBD,0xD6,0xBD,0xD6,0xBD,0xD6,0xBD,0xD6,0xBD,0xD6,0xBD,0xD6,0xBD,0xD6,0xBD,0xD6,0xBD,0xD6,0xBD,
    0xD6,0xBD,0xD6,0xBD,0xD6,0xBD,0xD6,0xBD,0xD6,0xBD,0xD6,0xBD,0xD6,0xBD,0xD6,0xBD,0xD6,0xBD,0xB5,0xBD,0xB5,0xBD,0xB5,0xBD,0xB6,0xBD,0xB6,0xBD,0xB6,0xBD,0xD6,0xBD,
    0xD6,0xBD,0xD6,0xBD,0xD6,0xBD,0xF6,0xBD,0xB5,0xBD,0x54,0xB5,0x54,0xB5,0xD7,0xBD,0x38,0xC6,0x38,0xC6,0xF7,0xC5,0xD6,0xBD,0xD6,0xBD,0xD6,0xBD,0xD6,0xBD,0xD6,0xBD,
    0xF6,0xBD,0xF6,0xBD,0xF6,0xBD,0xD7,0xBD,0xD7,0xBD,0xD7,0xBD,0xD6,0xBD,0xD6,0xBD,0xD6,0xBD,0xD6,0xBD,0xD6,0xBD,0xD6,0xBD,0xD6,0xBD,0xD6,0xBD,0xD6,0xBD,0xD6,0xBD,
    0xD6,0xBD,0xD6,0xBD,0xD6,0xBD,0xD6,0xBD,0xD6,0xBD,0xD6,0xBD,0xD6,0xBD,0xB5,0xBD,0xB5,0xBD,0xB5,0xBD,0xB6,0xBD,0xB6,0xBD,0xB6,0xBD,0xD6,0xBD,0xD6,0xBD,0xD6,0xBD,
    0xD6,0xBD,0xF6,0xBD,0xB5,0xBD,0x54,0xB5,0x54,0xB5,0xD6,0xBD,0x38,0xCE,0x38,0xC6,0xF7,0xBD,0xD6,0xBD,0xD6,0xBD,0xD6,0xBD,0xD6,0xBD,0xD6,0xBD,0xF7,0xBD,0xF7,0xBD,
    0xD6,0xBD,0xD6,0xBD,0xD6,0xBD,0xD6,0xBD,0xD6,0xBD,0xD6,0xBD,0xD6,0xBD,0x54,0xAD,0x33,0xAD,0x33,0xAD,0xF6,0xBD,0x17,0xC6,0xF7,0xC5,0xD6,0xBD,0xD6,0xBD,0xD6,0xBD,
    0xD6,0xBD,0xD6,0xBD,0xD6,0xBD,0xD7,0xBD,0xD7,0xBD,0xD6,0xBD,0xD6,0xBD,0xD6,0xBD,0xD6,0xBD,0xD6,0xBD,0xD6,0xBD,0xB6,0xBD,0xB5,0xBD,0xB5,0xBD,0xB5,0xBD,0xB6,0xBD,
    0xB6,0xBD,0xD6,0xBD,0xD6,0xBD,0xD6,0xBD,0xD6,0xBD,0xD6,0xBD,0xD6,0xBD,0xD6,0xBD,0xD6,0xBD,0xD6,0xBD,0xD6,0xBD,0xB6,0xBD,0xB6,0xBD,0xD6,0xBD,0xD6,0xBD,0xD6,0xBD,
    0xD6,0xBD,0xD6,0xBD,0xD6,0xBD,0xD6,0xBD,0xD6,0xBD,0xD6,0xBD,0x54,0xB5,0x33,0xAD,0x33,0xAD,0xD7,0xBD,0x17,0xC6,0xF7,0xC5,0xD6,0xBD,0xD6,0xBD,0xD6,0xBD,0xD6,0xBD,
    0xD6,0xBD,0xD6,0xBD,0xD7,0xBD,0xD7,0xBD,0xD6,0xBD,0xD6,0xBD,0xD6,0xBD,0xD6,0xBD,0xD6,0xBD,0xD6,0xBD,0xD6,0xBD,0xB6,0xBD,0xB6,0xBD,0xB6,0xBD,0xB6,0xBD,0xB6,0xBD,
    0xD6,0xBD,0xD6,0xBD,0xD6,0xBD,0xD6,0xBD,0xD6,0xBD,0xD6,0xBD,0xD6,0xBD,0xD6,0xBD,0xD6,0xBD,0xB6,0xBD,0xB5,0xBD,0xB5,0xBD,0xD6,0xBD,0xD6,0xBD,0xD6,0xBD,0xD6,0xBD,
    0xD6,0xBD,0xD6,0xBD,0xD6,0xBD,0xD6,0xBD,0x95,0xB5,0x54,0xAD,0x54,0xAD,0xD6,0xBD,0x38,0xC6,0x18,0xC6,0xF7,0xC5,0xD6,0xBD,0xD6,0xBD,0xD6,0xBD,0xD6,0xBD,0xD6,0xBD,
    0xF6,0xBD,0xF6,0xBD,0xF6,0xBD,0xD7,0xBD,0xD7,0xBD,0xD6,0xBD,0xD6,0xBD,0xD6,0xBD,0xD6,0xBD,0xD6,0xBD,0xD6,0xBD,0xD6,0xBD,0xD6,0xBD,0xD6,0xBD,0xD6,0xBD,0xD6,0xBD,
    0xD6,0xBD,0xD6,0xBD,0xD6,0xBD,0xD6,0xBD,0xD6,0xBD,0xD6,0xBD,0xD6,0xBD,0xB5,0xBD,0xB5,0xBD,0xB5,0xBD,0xB6,0xBD,0xB6,0xBD,0xB6,0xBD,0xD6,0xBD,0xD6,0xBD,0xD6,0xBD,
    0xD6,0xBD,0xF6,0xBD,0xB5,0xBD,0x54,0xB5,0x54,0xB5,0xD6,0xBD,0x38,0xC6,0x38,0xC6,0xF7,0xC5,0xD6,0xBD,0xD6,0xBD,0xD6,0xBD,0xD6,0xBD,0xD6,0xBD,0xF6,0xBD,0xF6,0xBD,
    0xD6,0xBD,0xD6,0xBD,0xD6,0xBD,0xD6,0xBD,0xD6,0xBD,0xD6,0xBD,0xD6,0xBD,0x33,0xAD,0x33,0xAD,0x33,0xAD,0xF7,0xC5,0x17,0xC6,0xF7,0xC5,0xD6,0xBD,0xD6,0xBD,0xD6,0xBD,
    0xD6,0xBD,0xD6,0xBD,0xD6,0xBD,0xF7,0xBD,0xF7,0xBD,0xF7,0xBD,0xF7,0xC5,0xF7,0xC5,0xD6,0xBD,0xB6,0xBD,0xB6,0xBD,0xB6,0xBD,0xB5,0xBD,0xB5,0xBD,0xB5,0xBD,0xB5,0xBD,
    0xB5,0xBD,0xB6,0xBD,0xD6,0xBD,0xD6,0xBD,0xD6,0xBD,0xD6,0xBD,0xD6,0xBD,0xD6,0xBD,0xD6,0xBD,0xD6,0xBD,0xB6,0xBD,0xB6,0xBD,0xB6,0xBD,0xD6,0xBD,0xD6,0xBD,0xD6,0xBD,
    0xD6,0xBD,0xD6,0xBD,0xD6,0xBD,0xD6,0xBD,0xD6,0xBD,0xD6,0xBD,0x54,0xB5,0x13,0xAD,0x33,0xAD,0xD6,0xBD,0x17,0xC6,0xF7,0xC5,0xD6,0xBD,0xD6,0xBD,0xD6,0xBD,0xD6,0xBD,
    0xD6,0xBD,0xD6,0xBD,0xD7,0xBD,0xD7,0xBD,0xD6,0xBD,0xD6,0xBD,0xD6,0xBD,0xD6,0xBD,0xB6,0xBD,0xB6,0xBD,0xB5,0xBD,0xB5,0xBD,0xB5,0xBD,0xB5,0xBD,0xB5,0xBD,0xB5,0xBD,
    0xD6,0xBD,0xD6,0xBD,0xD6,0xBD,0xD6,0xBD,0xD6,0xBD,0xD6,0xBD,0xD6,0xBD,0xD6,0xBD,0xD6,0xBD,0xB6,0xBD,0xB6,0xBD,0xB6,0xBD,0xD6,0xBD,0xD6,0xBD,0xD6,0xBD,0xD6,0xBD,
    0xD6,0xBD,0xD6,0xBD,0xD6,0xBD,0xD6,0xBD,0xB5,0xBD,0x33,0xAD,0x33,0xAD,0xB5,0xBD,0x17,0xC6,0xF7,0xC5,0xD6,0xBD,0xD6,0xBD,0xD6,0xBD,0xD6,0xBD,0xD6,0xBD,0xD6,0xBD,
    0xD6,0xBD,0xD7,0xBD,0xD7,0xBD,0xD6,0xBD,0xD6,0xBD,0xD6,0xBD,0xD6,0xBD,0xD6,0xBD,0xB6,0xBD,0xB5,0xBD,0xB5,0xBD,0xB5,0xBD,0xB6,0xBD,0xB6,0xBD,0xD6,0xBD,0xD6,0xBD,
    0xD6,0xBD,0xD6,0xBD,0xD6,0xBD,0xD6,0xBD,0xD6,0xBD,0xD6,0xBD,0xD6,0xBD,0xB6,0xBD,0xB6,0xBD,0xB6,0xBD,0xD6,0xBD,0xD6,0xBD,0xD6,0xBD,0xD6,0xBD,0xD6,0xBD,0xD6,0xBD,
    0xD6,0xBD,0xD6,0xBD,0x95,0xB5,0x33,0xAD,0x33,0xAD,0xB6,0xBD,0x17,0xC6,0x17,0xC6,0xF6,0xBD,0xD6,0xBD,0xD6,0xBD,0xD6,0xBD,0xD6,0xBD,0xD6,0xBD,0xD7,0xBD,0xD7,0xBD,
    0x74,0xB5,0x74,0xB5,0x74,0xB5,0x74,0xB5,0x74,0xB5,0x75,0xB5,0x74,0xB5,0x33,0xAD,0x33,0xAD,0x54,0xAD,0xD6,0xBD,0xD6,0xBD,0xD6,0xBD,0x95,0xB5,0x95,0xB5,0x95,0xB5,
    0x95,0xB5,0x95,0xB5,0x95,0xB5,0x95,0xB5,0x95,0xB5,0x75,0xB5,0x74,0xB5,0x74,0xB5,0x95,0xBD,0xD5,0xBD,0xD6,0xB5,0xD6,0xBD,0xD6,0xBD,0xD6,0xBD,0xD6,0xBD,0xD6,0xBD,
    0xD6,0xBD,0xD6,0xBD,0xF6,0xBD,0xF6,0xBD,0xF6,0xBD,0xF6,0xBD,0xF6,0xBD,0xF7,0xBD,0xF7,0xBD,0xF7,0xBD,0xD6,0xBD,0xD6,0xBD,0xD6,0xBD,0xF6,0xBD,0xF6,0xBD,0x17,0xBE,
    0x17,0xC6,0x17,0xBE,0x17,0xBE,0xF7,0xC5,0xF6,0xBD,0xF7,0xBD,0x95,0xB5,0x74,0xB5,0x54,0xB5,0xD6,0xBD,0xF6,0xBD,0xD6,0xBD,0xB5,0xBD,0xB5,0xBD,0x95,0xB5,0x95,0xBD,
    0xD6,0xBD,0xF6,0xC5,0xF7,0xC5,0xF7,0xBD,0xF7,0xBD,0xF7,0xC5,0xF7,0xBD,0xF6,0xBD,0xF6,0xBD,0xF6,0xBD,0xD6,0xBD,0xD6,0xBD,0xD6,0xBD,0xD6,0xBD,0xD6,0xBD,0xD6,0xBD,
    0xF6,0xBD,0xF6,0xBD,0xF6,0xBD,0xF7,0xBD,0xF7,0xBD,0xF7,0xBD,0xD6,0xBD,0xD6,0xBD,0xD6,0xBD,0xB6,0xBD,0xB6,0xBD,0xB6,0xBD,0xD6,0xBD,0xD6,0xBD,0xD6,0xBD,0xD6,0xBD,
    0xD6,0xBD,0xD6,0xBD,0xD6,0xBD,0xD6,0xBD,0xB5,0xBD,0x33,0xAD,0x13,0xAD,0x95,0xB5,0x17,0xC6,0x17,0xC6,0xF6,0xBD,0xF6,0xBD,0xF6,0xBD,0xD6,0xBD,0xD6,0xBD,0xD6,0xBD,
    0xF7,0xBD,0xF7,0xBD,0xF7,0xBD,0xF7,0xC5,0xF7,0xC5,0xF6,0xC5,0xD6,0xBD,0xD6,0xBD,0xD6,0xBD,0xD6,0xBD,0xD6,0xBD,0xD6,0xBD,0xD6,0xBD,0xD6,0xBD,0xD6,0xBD,0xF6,0xC5,
    0xF6,0xC5,0xF6,0xC5,0xF7,0xC5,0xF7,0xBD,0xF6,0xC5,0xF6,0xC5,0xF6,0xC5,0xD6,0xBD,0xB6,0xBD,0xB6,0xBD,0xD6,0xBD,0xD6,0xBD,0xD6,0xBD,0xD6,0xBD,0xD6,0xBD,0xD6,0xBD,
    0xD6,0xBD,0xD6,0xBD,0x95,0xB5,0x33,0xAD,0x33,0xAD,0xB5,0xBD,0x17,0xC6,0xF7,0xC5,0xD6,0xBD,0xD6,0xBD,0xD6,0xBD,0xD6,0xBD,0xD6,0xBD,0xD6,0xBD,0xD7,0xBD,0xD7,0xBD,
    0x54,0xB5,0x54,0xAD,0x54,0xAD,0x54,0xAD,0x34,0xAD,0x33,0xAD,0x34,0xAD,0x33,0xAD,0x95,0xB5,0xBA,0xD6,0xBA,0xD6,0xBA,0xD6,0xBA,0xD6,0x9A,0xD6,0x9A,0xD6,0x9A,0xD6,
    0x9A,0xD6,0x9A,0xD6,0x9A,0xD6,0x9A,0xD6,0xBA,0xD6,0x79,0xCE,0x38,0xC6,0x79,0xD6,0xB2,0x94,0x89,0x72,0xEB,0x9A,0xEB,0x92,0xEB,0x92,0xEB,0x92,0xEB,0x8A,0xEB,0x92,
    0xEB,0x92,0xEB,0x92,0xEB,0x92,0xEB,0x92,0xEB,0x92,0xEB,0x92,0xEB,0x92,0xEB,0x92,0x0B,0x93,0xEB,0x92,0x4C,0x9B,0xEF,0x9B,0xEE,0x9B,0xEF,0x9B,0x10,0xA4,0x0F,0xA4,
    0xEF,0x9B,0x0F,0xA4,0xEF,0x9B,0xEE,0x8B,0xEF,0x9B,0xEF,0xA3,0xEE,0x9B,0x0F,0x9C,0x71,0x94,0xD6,0xBD,0x37,0xC6,0xF7,0xC5,0xD6,0xC5,0x17,0xC6,0x58,0xCE,0x38,0xC6,
    0x54,0xA5,0xD2,0x9C,0xD2,0xA4,0xF3,0xAC,0xF3,0xAC,0xF3,0xAC,0xF3,0xAC,0xF2,0xAC,0xD2,0xAC,0xD2,0xAC,0xF2,0xAC,0xF2,0xAC,0xF2,0xAC,0xF2,0xAC,0xF2,0xAC,0xF2,0xAC,
    0xF2,0xAC,0xF2,0xAC,0xF2,0xAC,0xF3,0xAC,0xF2,0xAC,0x33,0xB5,0xB5,0xB5,0x95,0xB5,0x95,0xB5,0x75,0xB5,0x95,0xB5,0x95,0xB5,0xB5,0xBD,0xB5,0xBD,0xB5,0xB5,0xB5,0xB5,
    0xB5,0xB5,0x95,0xB5,0x95,0xB5,0x95,0xB5,0x95,0xB5,0x74,0xB5,0x33,0xAD,0x54,0xB5,0xD6,0xBD,0xD6,0xBD,0x95,0xBD,0x74,0xB5,0x74,0xB5,0x74,0xB5,0x95,0xB5,0x95,0xB5,
    0x95,0xB5,0x95,0xB5,0x95,0xB5,0x95,0xB5,0x95,0xB5,0x95,0xB5,0x74,0xB5,0x74,0xB5,0x74,0xB5,0x74,0xB5,0x74,0xB5,0x74,0xB5,0x74,0xB5,0x74,0xB5,0x74,0xB5,0x95,0xB5,
    0x95,0xB5,0x95,0xB5,0x95,0xB5,0x95,0xB5,0xB6,0xBD,0xB6,0xBD,0xB6,0xBD,0x95,0xBD,0x95,0xB5,0x95,0xB5,0xB5,0xBD,0xB5,0xBD,0xB5,0xBD,0xB6,0xBD,0xB6,0xBD,0xB6,0xBD,
    0xB5,0xB5,0xB5,0xBD,0x95,0xB5,0x13,0xAD,0x13,0xAD,0x95,0xB5,0xF7,0xC5,0xF7,0xC5,0xD6,0xBD,0xD6,0xBD,0xD6,0xBD,0xD6,0xBD,0xD6,0xBD,0xD6,0xBD,0xD7,0xBD,0xD7,0xBD,
    0x74,0xB5,0x74,0xB5,0x74,0xB5,0x74,0xB5,0x54,0xB5,0x54,0xB5,0x54,0xB5,0x33,0xAD,0x17,0xC6,0x1C,0xE7,0xFB,0xDE,0xFB,0xDE,0xFB,0xDE,0xFB,0xDE,0xFB,0xDE,0xFB,0xDE,
    0xFB,0xDE,0xFB,0xDE,0xFB,0xDE,0xFB,0xDE,0xFB,0xDE,0xFB,0xDE,0xFB,0xDE,0x7E,0xEF,0x51,0x94,0x82,0x60,0x45,0x89,0x04,0x81,0x04,0x81,0x04,0x79,0xE3,0x60,0x24,0x81,
    0x04,0x81,0x04,0x81,0x04,0x81,0x04,0x81,0x04,0x81,0x04,0x81,0x04,0x81,0x04,0x81,0x04,0x81,0x04,0x81,0x24,0x81,0x24,0x81,0x24,0x89,0x24,0x69,0x45,0x49,0x65,0x39,
    0x24,0x41,0x04,0x79,0x04,0x69,0x82,0x18,0x04,0x79,0x24,0x81,0x04,0x79,0x44,0x59,0x07,0x3A,0x51,0x8C,0x5D,0xEF,0x5D,0xEF,0x3C,0xDF,0x79,0xCE,0x30,0x84,0xCB,0x72,
    0xC7,0x69,0x45,0x69,0x45,0x69,0x65,0x81,0x65,0x81,0x65,0x81,0x65,0x81,0x65,0x81,0x65,0x81,0x65,0x81,0x65,0x81,0x65,0x81,0x65,0x81,0x65,0x81,0x65,0x81,0x65,0x81,
    0x65,0x81,0x65,0x81,0x65,0x81,0x65,0x81,0x65,0x81,0xC6,0x89,0x28,0x8A,0x28,0x8A,0x28,0x8A,0x28,0x8A,0x08,0x8A,0x08,0x8A,0x28,0x8A,0x28,0x8A,0x28,0x8A,0x28,0x8A,
    0x28,0x8A,0x28,0x8A,0x28,0x8A,0x08,0x7A,0xA6,0x59,0x2D,0x9B,0x38,0xD6,0xFB,0xDE,0x9A,0xD6,0x9A,0xD6,0x79,0xD6,0x38,0xCE,0x38,0xCE,0x38,0xCE,0x38,0xCE,0x38,0xCE,
    0x38,0xCE,0x38,0xCE,0x38,0xCE,0x38,0xCE,0x38,0xCE,0x38,0xCE,0x17,0xC6,0x17,0xC6,0x17,0xC6,0x38,0xCE,0x38,0xCE,0x38,0xCE,0x38,0xCE,0x38,0xCE,0x38,0xCE,0x38,0xC6,
    0xD6,0xBD,0xB6,0xBD,0xD6,0xBD,0xD6,0xBD,0xD6,0xBD,0xD6,0xBD,0xD6,0xBD,0xB6,0xBD,0xB6,0xBD,0xB6,0xBD,0xD6,0xBD,0xD6,0xBD,0xD6,0xBD,0xD6,0xBD,0xD6,0xBD,0xD6,0xBD,
    0xD6,0xBD,0xD6,0xBD,0xD6,0xBD,0xB6,0xBD,0xB6,0xBD,0xD6,0xBD,0xD6,0xBD,0xB5,0xBD,0x74,0xB5,0x74,0xB5,0x74,0xB5,0x95,0xB5,0x95,0xB5,0x95,0xB5,0x75,0xB5,0x75,0xB5,
    0xF7,0xC5,0xF7,0xBD,0xF7,0xBD,0xF7,0xBD,0xF6,0xBD,0xF6,0xBD,0xF6,0xBD,0x95,0xBD,0x58,0xCE,0xFB,0xDE,0xDB,0xDE,0xFB,0xDE,0xFB,0xDE,0xFB,0xDE,0xFB,0xDE,0xFB,0xDE,
    0xFB,0xDE,0xFB,0xDE,0xFB,0xDE,0xFB,0xDE,0xFB,0xDE,0xDB,0xDE,0xFB,0xDE,0xDB,0xD6,0x28,0x5A,0x45,0x81,0x65,0x81,0x65,0x81,0x85,0x89,0x45,0x61,0x24,0x61,0x65,0x89,
    0x65,0x81,0x65,0x81,0x65,0x81,0x65,0x81,0x65,0x89,0x65,0x81,0x65,0x81,0x65,0x89,0x65,0x81,0x65,0x79,0x65,0x79,0x45,0x61,0x65,0x61,0x04,0x21,0x65,0x21,0xE7,0x31,
    0xC7,0x31,0xE3,0x40,0x45,0x61,0x24,0x61,0x24,0x51,0x65,0x89,0x86,0x89,0x45,0x79,0x24,0x41,0xE7,0x39,0x92,0x94,0x10,0x84,0x8A,0x7A,0x86,0x71,0xE3,0x68,0xC3,0x50,
    0x45,0x81,0x45,0x79,0x45,0x79,0x45,0x81,0x45,0x81,0x45,0x81,0x45,0x81,0x45,0x81,0x45,0x81,0x65,0x81,0x65,0x81,0x45,0x81,0x65,0x89,0x65,0x81,0x45,0x81,0x45,0x81,
    0x45,0x81,0x65,0x81,0x45,0x81,0x45,0x81,0x65,0x81,0x45,0x81,0x24,0x81,0x24,0x81,0x24,0x81,0x24,0x81,0x24,0x81,0x24,0x81,0x24,0x81,0x24,0x81,0x24,0x81,0x24,0x81,
    0x24,0x81,0x24,0x81,0x24,0x81,0x24,0x81,0x24,0x81,0x04,0x61,0x45,0x51,0x52,0xB4,0x3C,0xE7,0x5D,0xEF,0xFB,0xDE,0xFB,0xDE,0x1C,0xE7,0x1C,0xDF,0x1C,0xDF,0x1C,0xDF,
    0x1C,0xDF,0x1C,0xDF,0x1C,0xDF,0x1C,0xDF,0x1C,0xDF,0x1C,0xDF,0x1C,0xE7,0x1C,0xE7,0x1C,0xE7,0x1C,0xDF,0x1C,0xDF,0x1C,0xDF,0x1C,0xDF,0x1C,0xDF,0x1C,0xDF,0x1C,0xE7,
    0xFC,0xDE,0xFC,0xDE,0xFC,0xDE,0xFB,0xDE,0xFB,0xDE,0xFB,0xDE,0xFB,0xDE,0xFB,0xDE,0xFB,0xDE,0xFB,0xDE,0xFB,0xDE,0xFB,0xDE,0xFB,0xDE,0xFB,0xDE,0xFB,0xDE,0xFB,0xDE,
    0xFB,0xDE,0xFB,0xDE,0xFB,0xDE,0xFB,0xDE,0xFC,0xDE,0xFB,0xDE,0xDB,0xDE,0xF7,0xC5,0x74,0xB5,0x54,0xB5,0x54,0xB5,0x54,0xB5,0x74,0xB5,0x74,0xB5,0x54,0xB5,0x54,0xB5,
    0x17,0xC6,0xF7,0xC5,0xF7,0xC5,0xF7,0xC5,0xF7,0xC5,0xF7,0xC5,0xF7,0xC5,0xB5,0xBD,0x58,0xCE,0xFB,0xDE,0xDB,0xDE,0xFB,0xDE,0xFB,0xDE,0xFB,0xDE,0xFB,0xDE,0xFB,0xDE,
    0xFB,0xDE,0xFB,0xDE,0xFB,0xDE,0xFB,0xDE,0xFB,0xDE,0xDB,0xDE,0x1C,0xE7,0x18,0xBE,0x24,0x39,0x65,0x81,0x65,0x81,0x65,0x81,0x65,0x89,0x24,0x69,0x24,0x69,0x65,0x89,
    0x65,0x81,0x65,0x81,0x65,0x89,0x24,0x61,0x24,0x61,0x45,0x81,0x04,0x61,0x04,0x59,0x03,0x39,0x24,0x59,0x45,0x71,0x03,0x21,0x41,0x00,0x86,0x29,0x69,0x52,0x24,0x21,
    0x82,0x18,0xE3,0x28,0x24,0x69,0x24,0x69,0x24,0x61,0x24,0x61,0x45,0x71,0x65,0x89,0x24,0x61,0x24,0x21,0xC3,0x18,0x81,0x18,0xA2,0x38,0x24,0x71,0x65,0x89,0x65,0x79,
    0x65,0x81,0x65,0x81,0x65,0x89,0x65,0x81,0x65,0x81,0x65,0x81,0x65,0x81,0x45,0x81,0x65,0x81,0x44,0x79,0x24,0x79,0x66,0x89,0x45,0x71,0x24,0x71,0x65,0x89,0x65,0x81,
    0x65,0x81,0x45,0x81,0x65,0x81,0x65,0x81,0x65,0x81,0x65,0x81,0x65,0x81,0x65,0x81,0x65,0x81,0x65,0x81,0x65,0x81,0x65,0x81,0x65,0x81,0x65,0x81,0x65,0x81,0x65,0x81,
    0x65,0x81,0x65,0x81,0x65,0x81,0x65,0x81,0x65,0x81,0x65,0x89,0x24,0x71,0xC2,0x38,0x89,0x52,0x34,0xA5,0x1B,0xDF,0x3C,0xE7,0xBA,0xDE,0xDB,0xDE,0xDB,0xDE,0xDB,0xDE,
    0xDB,0xDE,0xDB,0xDE,0xDB,0xDE,0xDB,0xDE,0xDB,0xDE,0xDB,0xDE,0xDB,0xDE,0xDB,0xDE,0xDB,0xDE,0xDB,0xDE,0xDB,0xDE,0xDB,0xDE,0xDB,0xDE,0xDB,0xDE,0xDB,0xDE,0xDB,0xDE,
    0xDB,0xDE,0xDB,0xDE,0xDB,0xDE,0xDB,0xDE,0xDB,0xDE,0xDB,0xDE,0xDB,0xDE,0xDB,0xDE,0xDB,0xDE,0xDB,0xDE,0xDB,0xDE,0xDB,0xDE,0xDB,0xDE,0xDB,0xDE,0xDB,0xDE,0xDB,0xDE,
    0xDB,0xDE,0xDB,0xDE,0xDB,0xDE,0xDB,0xDE,0xDB,0xDE,0xDB,0xDE,0xFB,0xDE,0x58,0xCE,0x95,0xB5,0x95,0xB5,0x95,0xB5,0x95,0xB5,0x95,0xB5,0x95,0xB5,0x95,0xB5,0x95,0xB5,
    0xF7,0xC5,0xF7,0xBD,0xF7,0xBD,0xF7,0xBD,0xD6,0xBD,0xD6,0xBD,0xD6,0xBD,0x95,0xB5,0x38,0xCE,0xFB,0xDE,0xDB,0xDE,0xFB,0xDE,0xFB,0xDE,0xFB,0xDE,0xFB,0xDE,0xFB,0xDE,
    0xFB,0xDE,0xFB,0xDE,0xFB,0xDE,0xFB,0xDE,0xFB,0xDE,0xDB,0xDE,0x3C,0xE7,0xB6,0xAD,0x24,0x49,0x65,0x89,0x65,0x81,0x65,0x81,0x65,0x81,0x04,0x51,0x45,0x79,0x65,0x81,
    0x65,0x81,0x65,0x81,0x65,0x81,0x24,0x71,0x04,0x31,0xAA,0x6A,0x85,0x49,0xA6,0x31,0xA6,0x59,0x24,0x61,0xC3,0x28,0x41,0x08,0xE7,0x39,0x96,0xB5,0xAA,0x52,0x45,0x29,
    0xC3,0x28,0xA2,0x08,0x24,0x69,0x45,0x71,0x45,0x79,0x24,0x69,0x24,0x69,0x65,0x81,0x45,0x69,0x04,0x59,0x45,0x71,0x45,0x79,0x45,0x71,0x65,0x81,0x65,0x81,0x65,0x81,
    0x65,0x81,0x65,0x81,0x45,0x71,0x45,0x81,0x65,0x81,0x45,0x81,0x66,0x81,0xA6,0x89,0x45,0x81,0xA9,0x7A,0xEB,0x9A,0x03,0x69,0xC3,0x50,0xA6,0x71,0x85,0x71,0x45,0x81,
    0x45,0x81,0xA7,0x89,0x66,0x89,0x45,0x81,0x65,0x81,0x65,0x81,0x65,0x81,0x65,0x81,0x65,0x81,0x65,0x81,0x65,0x81,0x65,0x81,0x65,0x81,0x65,0x81,0x65,0x81,0x65,0x81,
    0x65,0x81,0x65,0x81,0x65,0x81,0x65,0x81,0x65,0x81,0x65,0x81,0x65,0x89,0x65,0x89,0x24,0x59,0x03,0x61,0xEB,0x82,0xD7,0xB5,0x5D,0xE7,0x1C,0xDF,0xDB,0xDE,0xFB,0xDE,
    0xFB,0xDE,0xFB,0xDE,0xFB,0xDE,0xFB,0xDE,0xFB,0xDE,0xFB,0xDE,0xFB,0xDE,0xFB,0xDE,0xFB,0xDE,0xFB,0xDE,0xFB,0xDE,0xFB,0xDE,0xFB,0xDE,0xFB,0xDE,0xFB,0xDE,0xFB,0xDE,
    0xFB,0xDE,0xFB,0xDE,0xFB,0xDE,0xFB,0xDE,0xFB,0xDE,0xFB,0xDE,0xFB,0xDE,0xFB,0xDE,0xFB,0xDE,0xFB,0xDE,0xFB,0xDE,0xFB,0xDE,0xFB,0xDE,0xFB,0xDE,0xFB,0xDE,0xFB,0xDE,
    0xFB,0xDE,0xFB,0xDE,0xFB,0xDE,0xFB,0xDE,0xFB,0xDE,0xFB,0xDE,0xFB,0xDE,0x79,0xD6,0x17,0xC6,0x17,0xC6,0x17,0xC6,0x17,0xC6,0x17,0xC6,0x17,0xC6,0xF7,0xC5,0xF7,0xC5,
    0xD6,0xBD,0xB6,0xBD,0xB6,0xBD,0xB6,0xBD,0xB5,0xBD,0xB5,0xBD,0x95,0xB5,0x33,0xAD,0x17,0xC6,0x1C,0xDF,0xDB,0xDE,0xFB,0xDE,0xFB,0xDE,0xFB,0xDE,0xFB,0xDE,0xFB,0xDE,
    0xFB,0xDE,0xFB,0xDE,0xFB,0xDE,0xFB,0xDE,0xFB,0xDE,0xDB,0xDE,0x3C,0xE7,0x30,0x84,0xE3,0x60,0x65,0x89,0x65,0x81,0x65,0x81,0x45,0x81,0xE3,0x38,0x65,0x81,0x65,0x81,
    0x65,0x81,0x45,0x79,0xE3,0x38,0x65,0x71,0x45,0x29,0xCB,0x52,0xAA,0x52,0xEB,0x5A,0x0C,0x7B,0xA3,0x20,0x82,0x08,0x8A,0x52,0x5D,0xEF,0xCF,0x7B,0x0C,0x63,0x49,0x52,
    0xA2,0x20,0xE3,0x28,0x65,0x79,0x45,0x79,0xE3,0x40,0x24,0x61,0x45,0x79,0x65,0x81,0x65,0x81,0x65,0x89,0x65,0x89,0x65,0x81,0x65,0x89,0x65,0x81,0x65,0x81,0x45,0x81,
    0x24,0x79,0x65,0x81,0x45,0x79,0xA6,0x89,0x66,0x89,0x65,0x81,0x25,0x81,0xC7,0x91,0xE3,0x78,0xF3,0xAC,0xBA,0xD6,0x8D,0x73,0xEB,0x82,0x0F,0x8C,0xEE,0x7B,0xA6,0x61,
    0x45,0x89,0xC8,0x99,0x8B,0x9A,0xA7,0x89,0x45,0x81,0x65,0x81,0x65,0x81,0x65,0x81,0x65,0x81,0x65,0x81,0x65,0x81,0x65,0x81,0x65,0x81,0x45,0x81,0x45,0x81,0x45,0x81,
    0x65,0x81,0x65,0x81,0x65,0x81,0x65,0x81,0x65,0x81,0x65,0x81,0x65,0x81,0x65,0x81,0x65,0x89,0x66,0x89,0x04,0x79,0x45,0x61,0xEE,0x9B,0x58,0xCE,0x3D,0xE7,0xDB,0xDE,
    0xDB,0xDE,0xFB,0xDE,0xFB,0xDE,0xFB,0xDE,0xFB,0xDE,0xFB,0xDE,0xFB,0xDE,0xFB,0xDE,0xFB,0xDE,0xFB,0xDE,0xFB,0xDE,0xFB,0xDE,0xFB,0xDE,0xFB,0xDE,0xFB,0xDE,0xFB,0xDE,
    0xFB,0xDE,0xFB,0xDE,0xFB,0xDE,0xFB,0xDE,0xFB,0xDE,0xFB,0xDE,0xFB,0xDE,0xFB,0xDE,0xFB,0xDE,0xFB,0xDE,0xFB,0xDE,0xFB,0xDE,0xFB,0xDE,0xFB,0xDE,0xFB,0xDE,0xFB,0xDE,
    0xFB,0xDE,0xFB,0xDE,0xFB,0xDE,0xFB,0xDE,0xFB,0xDE,0xFB,0xDE,0xFB,0xDE,0x79,0xD6,0x17,0xC6,0x17,0xC6,0x17,0xC6,0x17,0xC6,0x17,0xC6,0x17,0xC6,0xF7,0xC5,0xF7,0xC5,
    0xD6,0xBD,0xB6,0xBD,0xB6,0xBD,0xB6,0xBD,0xB5,0xBD,0xB5,0xBD,0x95,0xB5,0x33,0xAD,0x17,0xC6,0x1C,0xDF,0xDB,0xDE,0xFB,0xDE,0xFB,0xDE,0xFB,0xDE,0xFB,0xDE,0xFB,0xDE,
    0xFB,0xDE,0xFB,0xDE,0xFB,0xDE,0xFB,0xDE,0xFB,0xDE,0xDB,0xDE,0x3C,0xE7,0xCB,0x5A,0x24,0x71,0x65,0x81,0x65,0x81,0x65,0x89,0x04,0x51,0xE3,0x38,0x65,0x89,0x65,0x81,
    0x65,0x89,0x24,0x61,0xE3,0x48,0x07,0x6A,0x28,0x42,0x65,0x29,0x86,0x31,0x86,0x31,0x28,0x42,0x0C,0x63,0xB2,0x94,0xBA,0xD6,0xFB,0xDE,0x9A,0xD6,0x8A,0x52,0x61,0x08,
    0x24,0x29,0xA2,0x18,0x04,0x51,0x45,0x81,0x04,0x49,0x65,0x81,0x65,0x81,0x65,0x81,0x65,0x81,0x65,0x81,0x65,0x81,0x65,0x81,0x65,0x81,0x45,0x81,0x04,0x79,0xC7,0x71,
    0x08,0x72,0x45,0x89,0x65,0x81,0x6D,0x93,0xA6,0x49,0x10,0x9C,0x8A,0x8A,0x8A,0x8A,0x49,0x9A,0xCA,0x62,0xEF,0x7B,0xCF,0x7B,0x30,0x7C,0x75,0xAD,0x4D,0x6B,0x4D,0x6B,
    0xC3,0x48,0x85,0x61,0x69,0x5A,0x88,0x92,0x65,0x81,0x65,0x81,0x65,0x81,0x65,0x81,0x65,0x81,0x45,0x81,0x65,0x89,0x24,0x71,0x04,0x69,0x86,0x89,0xE8,0x91,0x66,0x89,
    0x45,0x81,0x65,0x81,0x65,0x81,0x65,0x81,0x65,0x81,0x65,0x81,0x65,0x81,0x65,0x81,0x65,0x81,0x65,0x81,0x65,0x81,0x65,0x89,0xC3,0x78,0x28,0x7A,0xB6,0xB5,0x5D,0xEF,
    0xFB,0xDE,0xDB,0xDE,0xFB,0xDE,0xFB,0xDE,0xFB,0xDE,0xFB,0xDE,0xFB,0xDE,0xFB,0xDE,0xFB,0xDE,0xFB,0xDE,0xFB,0xDE,0xFB,0xDE,0xFB,0xDE,0xFB,0xDE,0xFB,0xDE,0xFB,0xDE,
    0xFB,0xDE,0xFB,0xDE,0xFB,0xDE,0xFB,0xDE,0xFB,0xDE,0xFB,0xDE,0xFB,0xDE,0xFB,0xDE,0xFB,0xDE,0xFB,0xDE,0xFB,0xDE,0xFB,0xDE,0xFB,0xDE,0xFB,0xDE,0xFB,0xDE,0xFB,0xDE,
    0xFB,0xDE,0xFB,0xDE,0xFB,0xDE,0xFB,0xDE,0xFB,0xDE,0xFB,0xDE,0xFB,0xDE,0x79,0xD6,0xF7,0xC5,0xF6,0xBD,0xF6,0xBD,0xF6,0xBD,0xF7,0xBD,0xF7,0xBD,0xF7,0xBD,0xF7,0xBD,
    0xD6,0xBD,0xD6,0xBD,0xD6,0xBD,0xB6,0xBD,0xB5,0xBD,0xB5,0xBD,0x95,0xB5,0x33,0xAD,0x17,0xC6,0x1C,0xDF,0xDB,0xDE,0xFB,0xDE,0xFB,0xDE,0xFB,0xDE,0xFB,0xDE,0xFB,0xDE,
    0xFB,0xDE,0xFB,0xDE,0xFB,0xDE,0xFB,0xDE,0xDB,0xDE,0xFB,0xDE,0x9A,0xD6,0xE7,0x41,0x24,0x71,0x65,0x89,0x65,0x81,0x65,0x89,0xE3,0x40,0x24,0x61,0x65,0x89,0x45,0x81,
    0x45,0x81,0xE3,0x40,0x86,0x69,0xC7,0x39,0x24,0x21,0x24,0x21,0x8A,0x52,0xE7,0x39,0x14,0xA5,0x75,0xAD,0x1C,0xE7,0xDB,0xDE,0x1C,0xE7,0x79,0xCE,0x8A,0x52,0x8A,0x4A,
    0x69,0x62,0x82,0x20,0x04,0x41,0x65,0x81,0x65,0x89,0x65,0x81,0x65,0x81,0x45,0x81,0x45,0x81,0x45,0x81,0x65,0x81,0x65,0x89,0x45,0x81,0x08,0x82,0x6B,0x9A,0x71,0x8C,
    0xB3,0xAC,0x4E,0x9B,0xC6,0x59,0x48,0x52,0xAA,0x52,0xCF,0x73,0x59,0xBE,0x6D,0x7B,0x55,0xBD,0x30,0x84,0x07,0x42,0x30,0x84,0xF3,0x9C,0xF7,0xBD,0x92,0x94,0x8E,0x73,
    0xAA,0x52,0xCB,0x52,0x89,0x5A,0x89,0x9A,0xA7,0x89,0x45,0x81,0x65,0x81,0x65,0x81,0x45,0x81,0x86,0x71,0x89,0x72,0xC7,0x71,0x69,0x92,0xCB,0x82,0x28,0x82,0x65,0x79,
    0x45,0x69,0x66,0x89,0x65,0x81,0x65,0x81,0x65,0x81,0x65,0x81,0x65,0x81,0x65,0x81,0x65,0x81,0x65,0x81,0x65,0x81,0x65,0x81,0x86,0x81,0x44,0x81,0x45,0x61,0x6D,0x73,
    0xDA,0xD6,0x1C,0xE7,0xDB,0xDE,0xFB,0xDE,0xFB,0xDE,0xFB,0xDE,0xFB,0xDE,0xFB,0xDE,0xFB,0xDE,0xFB,0xDE,0xFB,0xDE,0xFB,0xDE,0xFB,0xDE,0xFB,0xDE,0xFB,0xDE,0xFB,0xDE,
    0xFB,0xDE,0xFB,0xDE,0xFB,0xDE,0xFB,0xDE,0xFB,0xDE,0xFB,0xDE,0xFB,0xDE,0xFB,0xDE,0xFB,0xDE,0xFB,0xDE,0xFB,0xDE,0xFB,0xDE,0xFB,0xDE,0xFB,0xDE,0xFB,0xDE,0xFB,0xDE,
    0xFB,0xDE,0xFB,0xDE,0xFB,0xDE,0xFB,0xDE,0xFB,0xDE,0xFB,0xDE,0xFB,0xDE,0x79,0xD6,0xD6,0xBD,0xB6,0xBD,0xB6,0xBD,0xD6,0xBD,0xD6,0xBD,0xD6,0xBD,0xD6,0xBD,0xD6,0xBD,
    0xD6,0xBD,0xD6,0xBD,0xD6,0xBD,0xB6,0xBD,0xB5,0xBD,0xB6,0xBD,0x95,0xBD,0x33,0xAD,0x17,0xC6,0x1C,0xDF,0xDB,0xDE,0xFB,0xDE,0xFB,0xDE,0xFB,0xDE,0xFB,0xDE,0xFB,0xDE,
    0xFB,0xDE,0xFB,0xDE,0xFB,0xDE,0xFB,0xDE,0xDB,0xDE,0x5C,0xEF,0x34,0xA5,0x02,0x29,0x86,0x81,0x45,0x81,0x65,0x81,0x65,0x81,0xE3,0x38,0x45,0x79,0x65,0x81,0x45,0x81,
    0xE3,0x48,0xC6,0x41,0xB2,0x94,0xA2,0x10,0x86,0x31,0x34,0xA5,0x18,0xC6,0xB2,0x94,0x59,0xCE,0x34,0xA5,0x79,0xCE,0xFB,0xDE,0x18,0xC6,0xD3,0x9C,0x8A,0x52,0x51,0x8C,
    0xA6,0x49,0xA2,0x30,0x45,0x71,0x45,0x79,0x65,0x81,0x65,0x81,0x45,0x81,0x86,0x89,0xC7,0x91,0x66,0x89,0x45,0x71,0x44,0x71,0xE3,0x80,0xC6,0x79,0x51,0xAC,0x97,0xBD,
    0x72,0x8C,0x55,0xA5,0xD4,0xBC,0x18,0xCE,0x79,0xCE,0x92,0x94,0xB6,0xB5,0xF7,0xBD,0xF7,0xBD,0xB6,0xB5,0xF3,0x9C,0x55,0xAD,0x79,0xCE,0x38,0xC6,0x18,0xC6,0xB6,0xB5,
    0xCF,0x7B,0xCF,0x7B,0x6D,0x6B,0xCA,0x62,0x6A,0x9A,0x45,0x81,0x65,0x81,0x45,0x81,0x65,0x51,0x8D,0x6B,0xAE,0x73,0x86,0x31,0x28,0x4A,0x4A,0x6A,0x68,0x62,0x69,0x5A,
    0x49,0x82,0x45,0x79,0x65,0x81,0x86,0x89,0x65,0x81,0x65,0x81,0x65,0x81,0x65,0x81,0x65,0x81,0x65,0x81,0x65,0x81,0x65,0x81,0x65,0x81,0x65,0x81,0x65,0x81,0xE3,0x68,
    0x69,0x5A,0xBA,0xCE,0x5D,0xEF,0xDB,0xDE,0xDB,0xDE,0xFB,0xDE,0xFB,0xDE,0xFB,0xDE,0xFB,0xDE,0xFB,0xDE,0xFB,0xDE,0xFB,0xDE,0xFB,0xDE,0xFB,0xDE,0xFB,0xDE,0xFB,0xDE,
    0xFB,0xDE,0xFB,0xDE,0xFB,0xDE,0xFB,0xDE,0xFB,0xDE,0xFB,0xDE,0xFB,0xDE,0xFB,0xDE,0xFB,0xDE,0xFB,0xDE,0xFB,0xDE,0xFB,0xDE,0xFB,0xDE,0xFB,0xDE,0xFB,0xDE,0xFB,0xDE,
    0xFB,0xDE,0xFB,0xDE,0xFB,0xDE,0xFB,0xDE,0xFB,0xDE,0xFB,0xDE,0xFB,0xDE,0x79,0xD6,0xF7,0xBD,0xD6,0xBD,0xD6,0xBD,0xD6,0xBD,0xD6,0xBD,0xD6,0xBD,0xD6,0xBD,0xD6,0xBD,
    0xD6,0xBD,0xD6,0xBD,0xD6,0xBD,0xB6,0xBD,0xB5,0xBD,0xB6,0xBD,0x95,0xBD,0x33,0xAD,0x79,0xD6,0xFB,0xDE,0xDB,0xDE,0xFB,0xDE,0xFB,0xDE,0xFB,0xDE,0xFB,0xDE,0xFB,0xDE,
    0xFB,0xDE,0xFB,0xDE,0xFB,0xDE,0xFB,0xDE,0xDB,0xDE,0x3C,0xEF,0x55,0xA5,0xE3,0x40,0x85,0x89,0x65,0x81,0x65,0x81,0x45,0x79,0xC3,0x28,0x45,0x79,0x86,0x89,0xC6,0x69,
    0xE3,0x20,0x0C,0x63,0xCF,0x7B,0x65,0x29,0x51,0x8C,0x7D,0xEF,0x55,0xAD,0x96,0xB5,0x38,0xC6,0x1C,0xE7,0x1C,0xE7,0x18,0xC6,0x96,0xB5,0x9A,0xD6,0xB2,0x94,0x8A,0x52,
    0x03,0x29,0x44,0x69,0x65,0x81,0x65,0x81,0x65,0x81,0x65,0x81,0x65,0x89,0x45,0x61,0x45,0x59,0x0C,0x8B,0x55,0xA5,0xAE,0x83,0xEB,0x8A,0x69,0x82,0x86,0x71,0x8E,0x8B,
    0xB6,0xB5,0xB6,0xB5,0x10,0x7C,0x91,0x8C,0xD3,0x9C,0xD3,0x9C,0x14,0xA5,0xD7,0xBD,0x34,0xA5,0xDB,0xDE,0xB6,0xB5,0x4D,0x6B,0xDB,0xDE,0x9A,0xD6,0xBA,0xD6,0x96,0xB5,
    0x34,0xA5,0x71,0x8C,0x10,0x84,0xCB,0x52,0x6D,0x93,0x45,0x89,0x65,0x79,0xA6,0x49,0xC7,0x31,0x10,0x84,0x71,0x94,0xEF,0x7B,0x10,0x84,0x10,0x84,0xCE,0x7B,0x6D,0x73,
    0xEF,0x83,0x07,0x42,0x85,0x69,0xA2,0x58,0x04,0x79,0x65,0x89,0x65,0x81,0x65,0x81,0x65,0x81,0x65,0x81,0x65,0x81,0x65,0x81,0x65,0x81,0x65,0x81,0x65,0x81,0x86,0x89,
    0x04,0x71,0xA6,0x51,0xB3,0x94,0xFB,0xDE,0x1C,0xE7,0xDB,0xDE,0xFB,0xDE,0xFB,0xDE,0xFB,0xDE,0xFB,0xDE,0xFB,0xDE,0xFB,0xDE,0xFB,0xDE,0xFB,0xDE,0xFB,0xDE,0xFB,0xDE,
    0xFB,0xDE,0xFB,0xDE,0xFB,0xDE,0xFB,0xDE,0xFB,0xDE,0xFB,0xDE,0xFB,0xDE,0xFB,0xDE,0xFB,0xDE,0xFB,0xDE,0xFB,0xDE,0xFB,0xDE,0xFB,0xDE,0xFB,0xDE,0xFB,0xDE,0xFB,0xDE,
    0xFB,0xDE,0xFB,0xDE,0xFB,0xDE,0xFB,0xDE,0xFB,0xDE,0xFB,0xDE,0xFB,0xDE,0xBA,0xD6,0xF7,0xC5,0xB5,0xBD,0xB5,0xBD,0xB5,0xBD,0xB5,0xBD,0xB5,0xBD,0xD6,0xBD,0xD6,0xBD,
    0xD6,0xBD,0xB6,0xBD,0xB6,0xBD,0xB6,0xBD,0xB6,0xBD,0xB6,0xBD,0x95,0xBD,0x33,0xAD,0x79,0xD6,0xFB,0xDE,0xDB,0xDE,0xFB,0xDE,0xFB,0xDE,0xFB,0xDE,0xFB,0xDE,0xFB,0xDE,
    0xFB,0xDE,0xFB,0xDE,0xFB,0xDE,0xFB,0xDE,0xDB,0xDE,0x3C,0xE7,0xB6,0xB5,0x24,0x51,0x65,0x89,0x65,0x81,0x65,0x89,0x04,0x51,0xC3,0x30,0x45,0x81,0xC6,0x81,0x28,0x42,
    0xA7,0x31,0xCF,0x7B,0x55,0xAD,0xB2,0x94,0xFB,0xDE,0xBA,0xD6,0xB6,0xB5,0xDB,0xDE,0x3C,0xE7,0xDB,0xDE,0x14,0xA5,0x59,0xCE,0x7D,0xEF,0x55,0xAD,0x2D,0x6B,0xC3,0x10,
    0x82,0x10,0x65,0x79,0x65,0x81,0x65,0x81,0x44,0x81,0x24,0x81,0x25,0x79,0x24,0x69,0xAA,0x5A,0xD3,0x94,0x75,0xAD,0xD3,0x9C,0xB2,0x94,0xF3,0x9C,0xF3,0x9C,0x92,0x8C,
    0x34,0xA5,0x75,0xAD,0xB7,0xBD,0xD7,0xBD,0x14,0xA5,0x34,0xA5,0xDB,0xDE,0x1C,0xE7,0x38,0xC6,0xFB,0xDE,0x79,0xCE,0xB6,0xB5,0xDB,0xDE,0xFB,0xDE,0x1C,0xE7,0x38,0xC6,
    0x4D,0x6B,0x10,0x84,0xF3,0xA4,0x6D,0x6B,0xAF,0x8B,0x45,0x79,0xA6,0x39,0xAA,0x52,0xCB,0x5A,0xAE,0x7B,0xB2,0x94,0x14,0xA5,0x55,0xAD,0xAE,0x7B,0x92,0x8C,0xF7,0xBD,
    0x14,0xA5,0x55,0xAD,0xB2,0x94,0x50,0x8C,0xAA,0x72,0xE3,0x58,0x24,0x81,0x65,0x81,0x65,0x81,0x65,0x81,0x65,0x81,0x65,0x81,0x65,0x81,0x65,0x81,0x65,0x81,0x65,0x81,
    0x86,0x89,0x24,0x79,0x82,0x20,0xCF,0x73,0x9A,0xD6,0x1C,0xE7,0xDB,0xDE,0xFB,0xDE,0xFB,0xDE,0xFB,0xDE,0xFB,0xDE,0xFB,0xDE,0xFB,0xDE,0xFB,0xDE,0xFB,0xDE,0xFB,0xDE,
    0xFB,0xDE,0xFB,0xDE,0xFB,0xDE,0xFB,0xDE,0xFB,0xDE,0xFB,0xDE,0xFB,0xDE,0xFB,0xDE,0xFB,0xDE,0xFB,0xDE,0xFB,0xDE,0xFB,0xDE,0xFB,0xDE,0xFB,0xDE,0xFB,0xDE,0xFB,0xDE,
    0xFB,0xDE,0xFB,0xDE,0xFB,0xDE,0xFB,0xDE,0xFB,0xDE,0xFB,0xDE,0xFB,0xDE,0xBA,0xD6,0xF7,0xC5,0xB5,0xBD,0xB5,0xBD,0xB5,0xBD,0xB5,0xBD,0xB5,0xBD,0xB6,0xBD,0xD6,0xBD,
    0xB5,0xBD,0xB5,0xBD,0xB5,0xBD,0xB6,0xBD,0xD6,0xBD,0xD6,0xBD,0xB5,0xBD,0x33,0xAD,0x79,0xD6,0xFB,0xDE,0xDB,0xDE,0xFB,0xDE,0xFB,0xDE,0xFB,0xDE,0xFB,0xDE,0xFB,0xDE,
    0xFB,0xDE,0xFB,0xDE,0xFB,0xDE,0xFB,0xDE,0xDB,0xDE,0x3C,0xEF,0x71,0x8C,0xE3,0x40,0x65,0x89,0x65,0x81,0x65,0x89,0x24,0x61,0x24,0x59,0x65,0x91,0x6A,0x92,0xE3,0x18,
    0x0C,0x63,0xDB,0xDE,0x3C,0xE7,0xFB,0xDE,0xFB,0xDE,0xFB,0xDE,0x1C,0xE7,0xFB,0xDE,0xBA,0xD6,0x92,0x94,0xF7,0xBD,0x3C,0xE7,0x9A,0xD6,0x4D,0x6B,0xA6,0x29,0xC3,0x38,
    0x45,0x79,0x65,0x81,0x65,0x81,0x65,0x89,0x29,0x9A,0x29,0x92,0x65,0x39,0xC7,0x39,0xEF,0x83,0xEF,0x7B,0x71,0x8C,0x55,0xAD,0x51,0x8C,0x71,0x8C,0xF7,0xBD,0x3C,0xE7,
    0x1C,0xE7,0x79,0xCE,0xDB,0xDE,0x3C,0xE7,0x38,0xC6,0x18,0xC6,0x1C,0xE7,0xDB,0xDE,0x1C,0xE7,0xFB,0xDE,0xFB,0xDE,0x3C,0xE7,0xFB,0xDE,0xDB,0xDE,0xFB,0xDE,0xFB,0xDE,
    0xB6,0xB5,0xB6,0xB5,0xF7,0xBD,0x96,0xB5,0x28,0x52,0x4C,0x83,0x2D,0x63,0x6D,0x73,0x59,0xCE,0x59,0xCE,0x96,0xB5,0xFB,0xDE,0xFB,0xDE,0x38,0xC6,0xDB,0xDE,0xDB,0xDE,
    0x3C,0xE7,0x38,0xC6,0x59,0xCE,0x18,0xC6,0x71,0x8C,0xCB,0x5A,0x49,0x82,0x45,0x81,0x24,0x79,0x04,0x71,0x45,0x79,0x65,0x81,0x65,0x81,0x65,0x81,0x65,0x81,0x65,0x81,
    0x65,0x81,0x65,0x81,0x65,0x81,0xE3,0x40,0x24,0x21,0x55,0xAD,0x1C,0xE7,0xDB,0xDE,0xFB,0xDE,0xFB,0xDE,0xFB,0xDE,0xFB,0xDE,0xFB,0xDE,0xFB,0xDE,0xFB,0xDE,0xFB,0xDE,
    0xFB,0xDE,0xFB,0xDE,0xFB,0xDE,0xFB,0xDE,0xFB,0xDE,0xFB,0xDE,0xFB,0xDE,0xFB,0xDE,0xFB,0xDE,0xFB,0xDE,0xFB,0xDE,0xFB,0xDE,0xFB,0xDE,0xFB,0xDE,0xFB,0xDE,0xFB,0xDE,
    0xFB,0xDE,0xFB,0xDE,0xFB,0xDE,0xFB,0xDE,0xFB,0xDE,0xFB,0xDE,0xFB,0xDE,0xBA,0xD6,0xF7,0xC5,0xB5,0xBD,0xB5,0xBD,0xB5,0xBD,0xB5,0xBD,0xB5,0xBD,0xB6,0xBD,0xD6,0xBD,
    0xB5,0xBD,0xB5,0xBD,0xB5,0xBD,0xB6,0xBD,0xD6,0xBD,0xD6,0xBD,0xB5,0xBD,0x33,0xAD,0x79,0xD6,0xFB,0xDE,0xDB,0xDE,0xFB,0xDE,0xFB,0xDE,0xFB,0xDE,0xFB,0xDE,0xFB,0xDE,
    0xFB,0xDE,0xFB,0xDE,0xFB,0xDE,0xFB,0xDE,0xDB,0xDE,0x3C,0xE7,0x49,0x42,0xA2,0x40,0x86,0x89,0x65,0x81,0x65,0x81,0x04,0x41,0x04,0x51,0x65,0x91,0xAC,0x82,0x41,0x00,
    0x10,0x84,0x7D,0xEF,0xBA,0xD6,0xDB,0xDE,0xFB,0xDE,0xFB,0xDE,0xDB,0xDE,0xDB,0xDE,0xEF,0x7B,0x38,0xC6,0x18,0xC6,0xFB,0xDE,0xEF,0x7B,0x07,0x72,0xE3,0x38,0x45,0x79,
    0x65,0x89,0x65,0x81,0x65,0x81,0x24,0x71,0xAA,0x8A,0xB2,0xB4,0xB2,0xA4,0x14,0x9D,0xEF,0x7B,0x6D,0x6B,0x10,0x84,0x14,0xA5,0xDB,0xDE,0x5D,0xEF,0x1C,0xE7,0xDB,0xDE,
    0xDB,0xDE,0xFB,0xDE,0xFB,0xDE,0xDB,0xDE,0xBA,0xD6,0x1C,0xE7,0xDB,0xDE,0xFB,0xDE,0xDB,0xDE,0xFB,0xDE,0xDB,0xDE,0xDB,0xDE,0xFB,0xDE,0xFB,0xDE,0xFB,0xDE,0xDB,0xDE,
    0x1C,0xE7,0x18,0xC6,0xB2,0x94,0x59,0xCE,0x96,0xB5,0xD7,0xB5,0x96,0xB5,0xB2,0x94,0xD3,0x9C,0x59,0xCE,0x3C,0xE7,0xFB,0xDE,0xDB,0xDE,0xFB,0xDE,0x79,0xCE,0xFB,0xDE,
    0x59,0xCE,0xB6,0xB5,0x38,0xC6,0xB2,0x94,0x10,0x84,0x51,0x84,0x4D,0x6B,0xAA,0x62,0x10,0x8C,0x30,0x8C,0x44,0x59,0x24,0x81,0x65,0x81,0x65,0x81,0x65,0x81,0x65,0x81,
    0x65,0x81,0x65,0x81,0x65,0x81,0x65,0x89,0x24,0x69,0xE3,0x28,0x34,0xA5,0x7D,0xEF,0xBA,0xDE,0xFB,0xDE,0xFB,0xDE,0xFB,0xDE,0xFB,0xDE,0xFB,0xDE,0xFB,0xDE,0xFB,0xDE,
    0xFB,0xDE,0xFB,0xDE,0xFB,0xDE,0xFB,0xDE,0xFB,0xDE,0xFB,0xDE,0xFB,0xDE,0xFB,0xDE,0xFB,0xDE,0xFB,0xDE,0xFB,0xDE,0xFB,0xDE,0xFB,0xDE,0xFB,0xDE,0xFB,0xDE,0xFB,0xDE,
    0xFB,0xDE,0xFB,0xDE,0xFB,0xDE,0xFB,0xDE,0xFB,0xDE,0xFB,0xDE,0xFB,0xDE,0xBA,0xD6,0xF7,0xBD,0xD6,0xBD,0xD6,0xBD,0xD6,0xBD,0xB5,0xBD,0xB5,0xBD,0xB6,0xBD,0xD6,0xBD,
    0xB5,0xBD,0xB5,0xBD,0xB5,0xBD,0xB6,0xBD,0xD6,0xBD,0xD6,0xBD,0x95,0xB5,0x33,0xAD,0x79,0xD6,0xFB,0xDE,0xDB,0xDE,0xFB,0xDE,0xFB,0xDE,0xFB,0xDE,0xFB,0xDE,0xFB,0xDE,
    0xFB,0xDE,0xFB,0xDE,0xFB,0xDE,0xFB,0xDE,0xDB,0xDE,0x3C,0xE7,0x08,0x3A,0x82,0x30,0x86,0x89,0x65,0x81,0x45,0x81,0x03,0x39,0x45,0x71,0x65,0x89,0x45,0x39,0xC3,0x10,
    0x18,0xC6,0x1C,0xE7,0xDB,0xDE,0xFB,0xDE,0xFB,0xDE,0xFB,0xDE,0xFB,0xDE,0xDB,0xDE,0x9A,0xD6,0x18,0xC6,0x18,0xC6,0x75,0xAD,0x04,0x49,0x45,0x89,0x65,0x89,0x45,0x81,
    0x45,0x81,0x65,0x89,0x65,0x89,0x86,0x81,0x69,0x7A,0x2C,0x8B,0x11,0x94,0xF3,0x9C,0xB6,0xB5,0x9A,0xD6,0xDB,0xDE,0x59,0xCE,0xFB,0xDE,0xDB,0xDE,0xDB,0xDE,0xFB,0xDE,
    0xFB,0xDE,0xDB,0xDE,0xFB,0xDE,0xFB,0xDE,0xFB,0xDE,0xDB,0xDE,0xFB,0xDE,0xFB,0xDE,0xFB,0xDE,0xFB,0xDE,0xFB,0xDE,0xFB,0xDE,0xFB,0xDE,0xFB,0xDE,0xFB,0xDE,0xFB,0xDE,
    0xDB,0xDE,0x1C,0xE7,0x3C,0xE7,0xFB,0xDE,0x3C,0xE7,0xD7,0xBD,0xB6,0xB5,0x59,0xCE,0x79,0xCE,0x79,0xCE,0xDB,0xDE,0xFB,0xDE,0xFB,0xDE,0xDB,0xDE,0xFB,0xDE,0xFB,0xDE,
    0xFB,0xDE,0xBA,0xD6,0x18,0xC6,0xF7,0xBD,0x38,0xC6,0x75,0xB5,0x71,0x8C,0xD3,0x9C,0x8E,0x6B,0x4D,0x6B,0x2C,0x6B,0xC7,0x59,0x24,0x71,0x65,0x89,0x65,0x81,0x65,0x81,
    0x65,0x81,0x65,0x81,0x65,0x81,0x65,0x81,0x86,0x89,0x24,0x71,0x45,0x31,0x75,0xAD,0x5D,0xEF,0xDB,0xDE,0xDB,0xDE,0xFB,0xDE,0xFB,0xDE,0xFB,0xDE,0xFB,0xDE,0xFB,0xDE,
    0xFB,0xDE,0xFB,0xDE,0xFB,0xDE,0xFB,0xDE,0xFB,0xDE,0xFB,0xDE,0xFB,0xDE,0xFB,0xDE,0xFB,0xDE,0xFB,0xDE,0xFB,0xDE,0xFB,0xDE,0xFB,0xDE,0xFB,0xDE,0xFB,0xDE,0xFB,0xDE,
    0xFB,0xDE,0xFB,0xDE,0xFB,0xDE,0xFB,0xDE,0xFB,0xDE,0xFB,0xDE,0xFB,0xDE,0xBA,0xD6,0xF7,0xBD,0xD6,0xBD,0xD6,0xBD,0xD6,0xBD,0xB5,0xBD,0xB5,0xBD,0xB5,0xBD,0xD6,0xBD,
    0xB5,0xBD,0xB6,0xBD,0xB6,0xBD,0xD6,0xBD,0xD6,0xBD,0xD6,0xBD,0x95,0xBD,0x33,0xAD,0x79,0xD6,0xFB,0xDE,0xDB,0xDE,0xFB,0xDE,0xFB,0xDE,0xFB,0xDE,0xFB,0xDE,0xFB,0xDE,
    0xFB,0xDE,0xFB,0xDE,0xFB,0xDE,0xFB,0xDE,0xDB,0xDE,0x1C,0xE7,0x48,0x4A,0x03,0x39,0x65,0x81,0x65,0x81,0x45,0x79,0x04,0x51,0x65,0x89,0x85,0x81,0x03,0x29,0x04,0x19,
    0x79,0xCE,0x1C,0xE7,0xDB,0xDE,0xDB,0xDE,0xFB,0xDE,0xFB,0xDE,0xFB,0xDE,0xDB,0xDE,0x9A,0xD6,0x55,0xAD,0xB6,0xBD,0x65,0x39,0x04,0x79,0x65,0x89,0x65,0x81,0x85,0x81,
    0x65,0x81,0x04,0x49,0xE3,0x38,0xC3,0x50,0x25,0x71,0x4D,0x6B,0x51,0x84,0x14,0xA5,0x55,0xAD,0xB2,0x94,0x59,0xCE,0x1C,0xE7,0xDB,0xDE,0xFB,0xDE,0xFB,0xDE,0xFB,0xDE,
    0xFB,0xDE,0xFB,0xDE,0xFB,0xDE,0xFB,0xDE,0xFB,0xDE,0xFB,0xDE,0xFB,0xDE,0xFB,0xDE,0xFB,0xDE,0xFB,0xDE,0xDB,0xDE,0xFB,0xDE,0xFB,0xDE,0xDB,0xDE,0xFB,0xDE,0xDB,0xDE,
    0x9A,0xD6,0x18,0xC6,0xDB,0xDE,0xDB,0xDE,0xFB,0xDE,0x9A,0xD6,0x59,0xCE,0x79,0xCE,0xF7,0xBD,0x59,0xCE,0xFB,0xDE,0xFB,0xDE,0xFB,0xDE,0xFB,0xDE,0xFB,0xDE,0xFB,0xDE,
    0xFB,0xDE,0xFB,0xDE,0x1C,0xE7,0x1C,0xE7,0x1C,0xE7,0x1C,0xE7,0x9A,0xD6,0xF3,0x9C,0x51,0x8C,0xF3,0x9C,0x92,0x8C,0x91,0x94,0xC6,0x51,0x44,0x79,0x65,0x81,0x65,0x81,
    0x65,0x81,0x65,0x81,0x65,0x81,0x65,0x81,0x45,0x81,0x65,0x89,0x04,0x71,0xC3,0x20,0x51,0x8C,0x1C,0xEF,0xDB,0xDE,0xDB,0xDE,0xFB,0xDE,0xFB,0xDE,0xFB,0xDE,0xFB,0xDE,
    0xFB,0xDE,0xFB,0xDE,0xFB,0xDE,0xFB,0xDE,0xFB,0xDE,0xFB,0xDE,0xFB,0xDE,0xFB,0xDE,0xFB,0xDE,0xFB,0xDE,0xFB,0xDE,0xFB,0xDE,0xFB,0xDE,0xFB,0xDE,0xFB,0xDE,0xFB,0xDE,
    0xFB,0xDE,0xFB,0xDE,0xFB,0xDE,0xFB,0xDE,0xFB,0xDE,0xFB,0xDE,0xFB,0xDE,0xBA,0xD6,0xF7,0xC5,0xD6,0xBD,0xD6,0xBD,0xD6,0xBD,0xB5,0xBD,0xB5,0xBD,0xB5,0xBD,0xD6,0xBD,
    0xB5,0xBD,0xB6,0xBD,0xB6,0xBD,0xD6,0xBD,0xD6,0xBD,0xD6,0xBD,0x95,0xBD,0x33,0xAD,0x79,0xD6,0xFB,0xDE,0xDB,0xDE,0xFB,0xDE,0xFB,0xDE,0xFB,0xDE,0xFB,0xDE,0xFB,0xDE,
    0xFB,0xDE,0xFB,0xDE,0xFB,0xDE,0xFB,0xDE,0xDB,0xDE,0x1C,0xE7,0x28,0x42,0xC2,0x30,0x65,0x89,0x65,0x81,0x45,0x79,0xE3,0x30,0x65,0x81,0x24,0x51,0x45,0x21,0x45,0x29,
    0x79,0xCE,0x1C,0xE7,0xDB,0xDE,0x1C,0xE7,0xDB,0xDE,0xBA,0xD6,0x79,0xCE,0x38,0xC6,0x75,0xAD,0xEF,0x7B,0xA6,0x39,0xC3,0x48,0x85,0x79,0x45,0x71,0x85,0x81,0x64,0x51,
    0x45,0x59,0x24,0x69,0x65,0x49,0xAA,0x4A,0xE7,0x49,0x86,0x31,0xEB,0x5A,0xF7,0xBD,0x10,0x84,0x45,0x29,0xB6,0xB5,0x1C,0xE7,0xDB,0xDE,0xFB,0xDE,0xFB,0xDE,0xFB,0xDE,
    0xFB,0xDE,0xDB,0xDE,0xFB,0xDE,0xFB,0xDE,0xFB,0xDE,0xFB,0xDE,0xFB,0xDE,0xFB,0xDE,0xFB,0xDE,0xFB,0xDE,0xFB,0xDE,0xBA,0xD6,0xDB,0xDE,0xFB,0xDE,0x1C,0xE7,0x79,0xCE,
    0xD7,0xBD,0x79,0xCE,0xD7,0xBD,0x1C,0xE7,0xDB,0xDE,0x9A,0xD6,0x14,0xA5,0xBA,0xD6,0xDB,0xDE,0x79,0xCE,0xFB,0xDE,0xDB,0xDE,0xFB,0xDE,0xFB,0xDE,0xDB,0xDE,0xFB,0xDE,
    0xFB,0xDE,0xFB,0xDE,0xDB,0xDE,0xDB,0xDE,0xDB,0xDE,0xDB,0xDE,0xFB,0xDE,0x75,0xAD,0x75,0xAD,0x9A,0xD6,0xB2,0x9C,0x10,0x84,0xB6,0xAD,0x89,0x72,0x24,0x81,0x24,0x61,
    0x65,0x81,0x65,0x81,0x65,0x81,0x65,0x81,0x65,0x81,0x45,0x81,0x65,0x89,0x45,0x71,0x41,0x28,0x10,0x8C,0x5D,0xEF,0xDB,0xDE,0xDB,0xDE,0xFB,0xDE,0xFB,0xDE,0xFB,0xDE,
    0xFB,0xDE,0xFB,0xDE,0xFB,0xDE,0xFB,0xDE,0xFB,0xDE,0xFB,0xDE,0xFB,0xDE,0xFB,0xDE,0xFB,0xDE,0xFB,0xDE,0xFB,0xDE,0xFB,0xDE,0xFB,0xDE,0xFB,0xDE,0xFB,0xDE,0xFB,0xDE,
    0xFB,0xDE,0xFB,0xDE,0xFB,0xDE,0xFB,0xDE,0xFB,0xDE,0xFB,0xDE,0xFB,0xDE,0xDB,0xDE,0xF7,0xC5,0xD6,0xBD,0xD6,0xBD,0xD6,0xBD,0xB5,0xBD,0xB5,0xBD,0xB5,0xBD,0xB6,0xBD,
    0xB5,0xBD,0xB5,0xBD,0xB5,0xBD,0xB6,0xBD,0xD6,0xBD,0xD6,0xBD,0x95,0xB5,0x54,0xB5,0x99,0xD6,0xFB,0xDE,0xDB,0xDE,0xFB,0xDE,0xFB,0xDE,0xFB,0xDE,0xFB,0xDE,0xFB,0xDE,
    0xFB,0xDE,0xFB,0xDE,0xFB,0xDE,0xFB,0xDE,0xDB,0xDE,0x3C,0xE7,0x69,0x4A,0x82,0x20,0x65,0x89,0x45,0x79,0x24,0x69,0xE3,0x38,0x45,0x79,0x04,0x29,0x45,0x29,0xCB,0x5A,
    0x1C,0xE7,0xDB,0xDE,0xFB,0xDE,0xB6,0xB5,0x18,0xC6,0xB6,0xB5,0xB6,0xB5,0xF7,0xBD,0x38,0xC6,0xAA,0x4A,0x82,0x30,0x86,0x91,0x65,0x69,0x45,0x81,0x65,0x89,0x24,0x71,
    0xE3,0x60,0x25,0x81,0xEB,0x92,0x96,0xB5,0x18,0xC6,0x92,0x94,0xCF,0x7B,0x55,0xAD,0xBA,0xD6,0xF7,0xBD,0xFB,0xDE,0xFB,0xDE,0xDB,0xDE,0xDB,0xDE,0xDB,0xDE,0xBA,0xD6,
    0xDB,0xDE,0xFB,0xDE,0xFB,0xDE,0xDB,0xDE,0xFB,0xDE,0xFB,0xDE,0xDB,0xDE,0xFB,0xDE,0xFB,0xDE,0xBA,0xD6,0xBA,0xD6,0x9A,0xD6,0xDB,0xDE,0xBA,0xD6,0xBA,0xD6,0x1C,0xE7,
    0x9A,0xD6,0x55,0xAD,0x96,0xB5,0x14,0xA5,0xF7,0xBD,0x55,0xAD,0xF7,0xBD,0xDB,0xDE,0xFB,0xDE,0xDB,0xDE,0xBA,0xD6,0x1C,0xE7,0xFB,0xDE,0xDB,0xDE,0xFB,0xDE,0xFB,0xDE,
    0xFB,0xDE,0xFB,0xDE,0xFB,0xDE,0xFB,0xDE,0xFB,0xDE,0xFB,0xDE,0xFB,0xDE,0xDB,0xDE,0xFB,0xDE,0x1C,0xE7,0x9A,0xD6,0x96,0xB5,0x10,0x7C,0x8F,0x93,0x24,0x81,0x45,0x81,
    0x65,0x89,0x45,0x81,0x45,0x81,0x65,0x81,0x65,0x81,0x65,0x81,0x65,0x81,0x65,0x89,0x65,0x89,0xC3,0x48,0x10,0x7C,0x3C,0xE7,0xDB,0xDE,0xDB,0xDE,0xFB,0xDE,0xFB,0xDE,
    0xFB,0xDE,0xFB,0xDE,0xFB,0xDE,0xFB,0xDE,0xFB,0xDE,0xFB,0xDE,0xFB,0xDE,0xFB,0xDE,0xFB,0xDE,0xFB,0xDE,0xFB,0xDE,0xFB,0xDE,0xFB,0xDE,0xFB,0xDE,0xFB,0xDE,0xFB,0xDE,
    0xFB,0xDE,0xFB,0xDE,0xFB,0xDE,0xFB,0xDE,0xFB,0xDE,0xFB,0xDE,0xFB,0xDE,0xDB,0xDE,0xF7,0xC5,0xD6,0xBD,0xD6,0xBD,0xD6,0xBD,0xB5,0xBD,0xB5,0xBD,0xB5,0xBD,0xB6,0xBD,
    0xB6,0xBD,0xB5,0xBD,0xB5,0xBD,0xB6,0xBD,0xD6,0xBD,0xD6,0xBD,0x95,0xB5,0x74,0xB5,0xDB,0xDE,0xFB,0xDE,0xFB,0xDE,0xFB,0xDE,0xFB,0xDE,0xFB,0xDE,0xFB,0xDE,0xFB,0xDE,
    0xFB,0xDE,0xFB,0xDE,0xFB,0xDE,0xDB,0xDE,0x3C,0xE7,0x75,0xAD,0x03,0x39,0xE3,0x38,0x65,0x81,0x65,0x81,0x24,0x69,0xC3,0x28,0x04,0x69,0xA6,0x39,0x69,0x4A,0xCB,0x5A,
    0xFB,0xDE,0xDB,0xDE,0x1C,0xE7,0xD3,0x9C,0xB6,0xB5,0x59,0xCE,0x18,0xC6,0x92,0x94,0x71,0x8C,0xA2,0x20,0x45,0x69,0x45,0x79,0x65,0x79,0x45,0x61,0x04,0x61,0x08,0x92,
    0x4D,0x8B,0x69,0x62,0xB2,0x94,0xD3,0x94,0x92,0x94,0xB2,0x94,0x38,0xC6,0x9A,0xD6,0xFB,0xDE,0x1C,0xE7,0xFB,0xDE,0xDB,0xDE,0xFB,0xDE,0xFB,0xDE,0x3C,0xE7,0x14,0xA5,
    0xFB,0xDE,0x96,0xB5,0xD7,0xBD,0x5D,0xEF,0xDB,0xDE,0x9A,0xD6,0xFB,0xDE,0xDB,0xDE,0x3C,0xE7,0x79,0xCE,0x96,0xB5,0x38,0xC6,0xB6,0xB5,0x34,0xA5,0x14,0xA5,0xFB,0xDE,
    0xFB,0xDE,0xD3,0x9C,0xB2,0x94,0x28,0x42,0x9A,0xD6,0x71,0x8C,0x55,0xAD,0xFB,0xDE,0x9A,0xD6,0x9A,0xD6,0xD7,0xBD,0x96,0xB5,0x30,0x84,0x1C,0xE7,0xB6,0xB5,0xFB,0xDE,
    0xFB,0xDE,0xFB,0xDE,0xFB,0xDE,0xFB,0xDE,0xFB,0xDE,0xFB,0xDE,0xFB,0xDE,0xFB,0xDE,0xDB,0xDE,0xDB,0xDE,0xFB,0xDE,0x38,0xC6,0x35,0xA5,0xB2,0x94,0xAA,0x82,0x09,0x8A,
    0x45,0x69,0xC7,0x81,0x65,0x89,0x45,0x81,0x65,0x81,0x65,0x81,0x65,0x81,0x65,0x81,0x65,0x81,0x65,0x89,0xC3,0x58,0x30,0x94,0x5D,0xE7,0xDB,0xDE,0xDB,0xDE,0xDB,0xDE,
    0xFB,0xDE,0xFB,0xDE,0xFB,0xDE,0xFB,0xDE,0xFB,0xDE,0xFB,0xDE,0xFB,0xDE,0xFB,0xDE,0xFB,0xDE,0xFB,0xDE,0xFB,0xDE,0xFB,0xDE,0xFB,0xDE,0xFB,0xDE,0xFB,0xDE,0xFB,0xDE,
    0xFB,0xDE,0xFB,0xDE,0xFB,0xDE,0xFB,0xDE,0xFB,0xDE,0xFB,0xDE,0xFB,0xDE,0xDB,0xDE,0x17,0xC6,0xD6,0xBD,0xD6,0xBD,0xD6,0xBD,0xB5,0xBD,0xB5,0xBD,0xB6,0xBD,0xB6,0xBD,
    0xB6,0xBD,0xB5,0xBD,0xB5,0xBD,0xB6,0xBD,0xD6,0xBD,0xD6,0xBD,0x95,0xB5,0x74,0xB5,0xDB,0xDE,0xFB,0xDE,0xFB,0xDE,0xFB,0xDE,0xFB,0xDE,0xFB,0xDE,0xFB,0xDE,0xFB,0xDE,
    0xFB,0xDE,0xFB,0xDE,0xFB,0xDE,0xDB,0xDE,0x1C,0xE7,0x18,0xBE,0x86,0x59,0x24,0x71,0x65,0x81,0x65,0x89,0xE3,0x40,0xA2,0x08,0x24,0x51,0x0C,0x63,0x30,0x84,0x6D,0x6B,
    0xFB,0xDE,0xFB,0xDE,0xFB,0xDE,0x18,0xC6,0xD7,0xBD,0xF7,0xBD,0x10,0x84,0x55,0xAD,0xC6,0x31,0xA2,0x40,0x65,0x89,0xE3,0x58,0xA2,0x30,0xC3,0x48,0xE3,0x68,0x69,0x6A,
    0xF3,0x94,0xF3,0x9C,0x10,0x84,0xAE,0x73,0x38,0xC6,0x18,0xC6,0xDB,0xDE,0xFB,0xDE,0xDB,0xDE,0xDB,0xDE,0xFB,0xDE,0x1C,0xE7,0x38,0xC6,0x59,0xCE,0x38,0xC6,0x51,0x8C,
    0xFB,0xDE,0x14,0xA5,0xD7,0xBD,0x59,0xCE,0x79,0xCE,0x75,0xAD,0xF7,0xBD,0xB6,0xB5,0x9A,0xD6,0x96,0xB5,0x10,0x84,0xBA,0xD6,0x18,0xC6,0xF3,0x9C,0x9A,0xD6,0x55,0xAD,
    0x9A,0xD6,0xD7,0xBD,0x59,0xCE,0x28,0x42,0xB6,0xB5,0x55,0xAD,0x4D,0x6B,0xF3,0x9C,0x59,0xCE,0x9A,0xD6,0x71,0x8C,0x69,0x4A,0xF3,0x9C,0xD7,0xBD,0x55,0xAD,0xDB,0xDE,
    0xDB,0xDE,0xFB,0xDE,0xFB,0xDE,0xDB,0xDE,0xFB,0xDE,0xFB,0xDE,0xFB,0xDE,0xFB,0xDE,0xFB,0xDE,0xFB,0xDE,0xFB,0xDE,0xFB,0xDE,0x38,0xC6,0xBA,0xD6,0xD7,0xB5,0xCF,0x73,
    0xEB,0x5A,0x4C,0x6B,0xC7,0x69,0x45,0x81,0x65,0x81,0x65,0x81,0x65,0x81,0x65,0x81,0x65,0x81,0x65,0x81,0x65,0x89,0xE3,0x38,0x75,0xAD,0x1C,0xE7,0x1C,0xE7,0x1C,0xE7,
    0xDB,0xDE,0xDB,0xDE,0xDB,0xDE,0xFB,0xDE,0xFB,0xDE,0xFB,0xDE,0xFB,0xDE,0xFB,0xDE,0xFB,0xDE,0xFB,0xDE,0xFB,0xDE,0xFB,0xDE,0xFB,0xDE,0xFB,0xDE,0xFB,0xDE,0xFB,0xDE,
    0xFB,0xDE,0xFB,0xDE,0xFB,0xDE,0xFB,0xDE,0xFB,0xDE,0xFB,0xDE,0xFB,0xDE,0xDB,0xDE,0x17,0xC6,0xD6,0xBD,0xD6,0xBD,0xD6,0xBD,0xB6,0xBD,0xB6,0xBD,0xB6,0xBD,0xD6,0xBD,
    0xD6,0xBD,0xD6,0xBD,0xD6,0xBD,0xD6,0xBD,0xB6,0xBD,0xD6,0xBD,0x75,0xB5,0x74,0xB5,0xDB,0xDE,0xFB,0xDE,0xFB,0xDE,0xFB,0xDE,0xFB,0xDE,0xFB,0xDE,0xFB,0xDE,0xFB,0xDE,
    0xFB,0xDE,0xFB,0xDE,0xFB,0xDE,0xFB,0xDE,0xDB,0xDE,0x1C,0xDF,0x69,0x72,0xE3,0x68,0x86,0x89,0x45,0x71,0xA2,0x18,0x04,0x21,0x0C,0x63,0x0C,0x63,0x92,0x94,0x38,0xC6,
    0xBA,0xD6,0x9A,0xD6,0xDB,0xDE,0xD7,0xBD,0x92,0x94,0x30,0x84,0x4D,0x6B,0x10,0x7C,0x82,0x30,0x65,0x69,0x24,0x69,0x49,0x72,0xCE,0x7B,0x30,0x94,0x13,0xB5,0xB6,0xB5,
    0x55,0xAD,0x59,0xCE,0xDB,0xDE,0x9A,0xD6,0xFB,0xDE,0x1C,0xE7,0xFB,0xDE,0xDB,0xDE,0xFB,0xDE,0xFB,0xDE,0x9A,0xD6,0xDB,0xDE,0xD7,0xBD,0x96,0xB5,0x71,0x8C,0x8A,0x52,
    0xB6,0xB5,0x30,0x84,0x38,0xC6,0x50,0x8C,0x30,0x84,0x96,0xB5,0x2C,0x63,0xB6,0xB5,0x30,0x84,0x51,0x8C,0x34,0xA5,0xB6,0xB5,0x18,0xC6,0xD3,0x9C,0x38,0xC6,0x14,0xA5,
    0xF7,0xBD,0x51,0x8C,0x8E,0x73,0xEF,0x7B,0x71,0x8C,0xD7,0xBD,0x24,0x21,0x0C,0x63,0x17,0xC6,0xF3,0x9C,0x14,0xA5,0x07,0x42,0x14,0xA5,0x8E,0x73,0xD7,0xBD,0x18,0xC6,
    0xFB,0xDE,0xFB,0xDE,0xFB,0xDE,0x1C,0xE7,0xDB,0xDE,0xFB,0xDE,0xFB,0xDE,0xFB,0xDE,0xFB,0xDE,0xFB,0xDE,0xDB,0xDE,0x1C,0xE7,0xB6,0xB5,0xF3,0x9C,0x38,0xC6,0x6D,0x6B,
    0x2C,0x63,0x0C,0x63,0xAA,0x52,0xE3,0x40,0x04,0x79,0x65,0x81,0x65,0x81,0x65,0x81,0x65,0x81,0x65,0x81,0x65,0x89,0xA3,0x30,0xE3,0x10,0xAA,0x6A,0xAE,0x83,0x18,0xBE,
    0x1C,0xDF,0x5D,0xEF,0xFB,0xDE,0xDB,0xDE,0xDB,0xDE,0xFB,0xDE,0xFB,0xDE,0xFB,0xDE,0xFB,0xDE,0xFB,0xDE,0xFB,0xDE,0xFB,0xDE,0xFB,0xDE,0xFB,0xDE,0xFB,0xDE,0xFB,0xDE,
    0xFB,0xDE,0xFB,0xDE,0xFB,0xDE,0xFB,0xDE,0xFB,0xDE,0xFB,0xDE,0xFB,0xDE,0xDB,0xDE,0x17,0xC6,0xD6,0xBD,0xD6,0xBD,0xD6,0xBD,0xB6,0xBD,0xB6,0xBD,0xB6,0xBD,0xD6,0xBD,
    0xD6,0xBD,0xD6,0xBD,0xD6,0xBD,0xD6,0xBD,0xB6,0xBD,0xD6,0xBD,0x74,0xB5,0x74,0xB5,0xDB,0xDE,0xFB,0xDE,0xFB,0xDE,0xFB,0xDE,0xFB,0xDE,0xFB,0xDE,0xFB,0xDE,0xFB,0xDE,
    0xFB,0xDE,0xFB,0xDE,0xFB,0xDE,0xDB,0xDE,0x1C,0xE7,0xF7,0xBD,0x49,0x6A,0x24,0x71,0x65,0x89,0x24,0x69,0x04,0x19,0xE7,0x39,0x45,0x29,0x30,0x84,0x96,0xB5,0x79,0xCE,
    0x9A,0xD6,0xBA,0xD6,0xBA,0xD6,0x34,0xA5,0x6D,0x6B,0x8A,0x52,0x92,0x94,0xE7,0x39,0xE3,0x58,0x65,0x71,0x04,0x59,0xE7,0x41,0xF3,0x9C,0x96,0xAD,0x35,0xA5,0x92,0x94,
    0x71,0x8C,0xB2,0x94,0x9A,0xD6,0x9A,0xD6,0x79,0xCE,0xFB,0xDE,0xFB,0xDE,0xFB,0xDE,0xDB,0xDE,0x1C,0xE7,0x18,0xC6,0xF7,0xBD,0x3C,0xE7,0x6D,0x6B,0x75,0xAD,0x8E,0x73,
    0x10,0x84,0xAF,0x73,0x0D,0x63,0xF8,0xBD,0xF3,0x9C,0xF7,0xBD,0x69,0x4A,0xB2,0x94,0x2C,0x63,0x54,0xAD,0x95,0xB5,0xF3,0x9C,0xF3,0x9C,0x30,0x84,0x34,0xA5,0x34,0xA5,
    0x96,0xB5,0x55,0xAD,0x24,0x21,0x31,0x84,0x31,0x84,0x55,0xAD,0xE8,0x41,0x08,0x42,0x0C,0x63,0x13,0xA5,0x31,0x8C,0xCB,0x5A,0x14,0xA5,0xEB,0x5A,0x75,0xAD,0x92,0x94,
    0xDB,0xDE,0xFB,0xDE,0x9A,0xD6,0x96,0xB5,0x1C,0xE7,0xDB,0xDE,0xFB,0xDE,0xFB,0xDE,0xFB,0xDE,0xFB,0xDE,0xFB,0xDE,0xFB,0xDE,0x9A,0xD6,0xB6,0xB5,0x10,0x84,0x71,0x8C,
    0x92,0x94,0xB2,0x9C,0x34,0xA5,0xB2,0x94,0xCF,0x93,0xA7,0x91,0x45,0x81,0x65,0x81,0x65,0x81,0x65,0x81,0x65,0x89,0x65,0x69,0xC2,0x18,0xC3,0x38,0x24,0x71,0x24,0x51,
    0x2C,0x73,0x96,0xAD,0x9A,0xCE,0x5D,0xEF,0x3C,0xE7,0xDB,0xDE,0xDB,0xDE,0xDB,0xDE,0xDB,0xDE,0xFB,0xDE,0xFB,0xDE,0xFB,0xDE,0xFB,0xDE,0xFB,0xDE,0xFB,0xDE,0xFB,0xDE,
    0xFB,0xDE,0xFB,0xDE,0xFB,0xDE,0xFB,0xDE,0xFB,0xDE,0xFB,0xDE,0xFB,0xDE,0xDB,0xDE,0x17,0xC6,0xD6,0xBD,0xB6,0xBD,0xB6,0xBD,0xD6,0xBD,0xD6,0xBD,0xD6,0xBD,0xD6,0xBD,
    0xD6,0xBD,0xD6,0xBD,0xD6,0xBD,0xD6,0xBD,0xB6,0xBD,0xD6,0xBD,0x74,0xB5,0x74,0xB5,0xDB,0xDE,0xFB,0xDE,0xFB,0xDE,0xFB,0xDE,0xFB,0xDE,0xFB,0xDE,0xFB,0xDE,0xFB,0xDE,
    0xFB,0xDE,0xFB,0xDE,0xFB,0xDE,0xDB,0xDE,0x3C,0xE7,0x55,0xA5,0xA6,0x51,0x04,0x59,0x65,0x89,0x24,0x69,0xC3,0x18,0x28,0x4A,0xE3,0x18,0xEF,0x7B,0xF7,0xBD,0xFB,0xDE,
    0xFB,0xDE,0xFB,0xDE,0xFB,0xDE,0x96,0xB5,0x49,0x42,0xA9,0x62,0x4D,0x63,0xE3,0x50,0x86,0x91,0x24,0x79,0x04,0x71,0x24,0x71,0xA7,0x71,0x51,0x94,0x92,0x94,0x71,0x8C,
    0x18,0xC6,0x79,0xCE,0xDB,0xDE,0xFB,0xDE,0xFB,0xDE,0xFB,0xDE,0xDB,0xDE,0xBA,0xD6,0xFB,0xDE,0x59,0xCE,0xBA,0xD6,0x75,0xAD,0x38,0xC6,0x49,0x4A,0x71,0x8C,0xF0,0x7B,
    0xAB,0x5A,0xEE,0x7B,0xCA,0x6B,0xED,0x9C,0xB6,0xB5,0x96,0xB5,0x08,0x42,0x72,0x8C,0x31,0x84,0xB0,0x7B,0x55,0xAD,0xB3,0x9C,0x35,0xA5,0xCF,0x7B,0x35,0xA5,0x96,0xAD,
    0x71,0x8C,0x18,0xC6,0x6A,0x4A,0xCA,0x5A,0xAD,0x73,0x6C,0x6B,0xE9,0x5A,0xEB,0x5A,0x30,0x84,0xA7,0x31,0xCA,0x7B,0x12,0xA5,0x72,0x8C,0x6E,0x6B,0x92,0x94,0xB2,0x94,
    0xD3,0x9C,0x18,0xC6,0x18,0xC6,0xB6,0xB5,0x1C,0xE7,0xDB,0xDE,0xFB,0xDE,0xFB,0xDE,0xFB,0xDE,0xFB,0xDE,0xFB,0xDE,0xDB,0xDE,0xFB,0xDE,0x1C,0xE7,0x34,0xA5,0xBA,0xD6,
    0x34,0xA5,0x51,0x8C,0xD3,0x9C,0x92,0x8C,0x08,0x4A,0x25,0x79,0x65,0x81,0x65,0x81,0x65,0x81,0x65,0x81,0x65,0x81,0x65,0x89,0x45,0x71,0xA2,0x18,0x44,0x59,0x65,0x79,
    0x04,0x71,0xC3,0x48,0x86,0x41,0x10,0x84,0xD7,0xB5,0x1C,0xE7,0x5D,0xEF,0x1C,0xE7,0xFB,0xDE,0xDB,0xDE,0xDB,0xDE,0xFB,0xDE,0xFB,0xDE,0xFB,0xDE,0xFB,0xDE,0xFB,0xDE,
    0xFB,0xDE,0xFB,0xDE,0xFB,0xDE,0xFB,0xDE,0xFB,0xDE,0xFB,0xDE,0xFB,0xDE,0xFB,0xDE,0x38,0xC6,0xB6,0xBD,0xB6,0xBD,0xB6,0xBD,0xD6,0xBD,0xD6,0xBD,0xD6,0xBD,0xF6,0xC5,
    0xB5,0xBD,0xB5,0xBD,0xB5,0xBD,0xB6,0xBD,0xD6,0xBD,0xD6,0xBD,0x74,0xB5,0x74,0xB5,0xDB,0xDE,0xFB,0xDE,0xFB,0xDE,0xFB,0xDE,0xFB,0xDE,0xFB,0xDE,0xFB,0xDE,0xFB,0xDE,
    0xFB,0xDE,0xFB,0xDE,0xFB,0xDE,0xDB,0xDE,0x1C,0xE7,0x18,0xC6,0x04,0x21,0xE3,0x40,0x65,0x89,0x65,0x81,0xE3,0x38,0xAA,0x52,0x2C,0x63,0x55,0xAD,0x18,0xC6,0xDB,0xDE,
    0xDB,0xDE,0xFB,0xDE,0x9A,0xD6,0xB2,0x94,0x04,0x29,0x86,0x71,0x24,0x59,0x45,0x81,0xA6,0x81,0x0D,0xA3,0x49,0x52,0xA6,0x39,0xA6,0x39,0xEB,0x5A,0x10,0x84,0x92,0x94,
    0x9A,0xD6,0xFB,0xDE,0xFB,0xDE,0xFB,0xDE,0xFB,0xDE,0xFB,0xDE,0xFB,0xDE,0xBA,0xD6,0x79,0xCE,0x79,0xCE,0xDB,0xDE,0x8E,0x73,0xCF,0x7B,0x8A,0x52,0xF0,0x83,0xEC,0x7B,
    0x65,0x39,0x06,0x63,0x84,0x7C,0x64,0x8C,0x69,0x63,0xEC,0x7B,0x47,0x4A,0x0B,0x9D,0x0C,0x9D,0xE8,0xA4,0xCE,0x9C,0xC9,0x94,0x0D,0xA5,0x90,0xAD,0x4C,0x8C,0xAE,0x9C,
    0xEA,0x7B,0x2A,0xAD,0xA7,0x9C,0xC5,0x9C,0xC8,0xA4,0x47,0x5B,0xC4,0x8C,0xC5,0x52,0x87,0x73,0x85,0x7B,0x62,0x8C,0x6E,0x8C,0xEE,0x7B,0x8E,0x94,0xF4,0x9C,0xF3,0x9C,
    0x30,0x84,0x34,0xA5,0xEF,0x7B,0x75,0xAD,0xDB,0xDE,0xDB,0xDE,0xDB,0xDE,0xFB,0xDE,0xFB,0xDE,0xFB,0xDE,0xFB,0xDE,0xFB,0xDE,0xDB,0xDE,0xFB,0xDE,0x3C,0xE7,0x59,0xCE,
    0xD3,0x9C,0x55,0xAD,0xF3,0x9C,0x38,0xC6,0x75,0xAD,0xA6,0x49,0x24,0x79,0x65,0x89,0x65,0x81,0x65,0x81,0x65,0x81,0x65,0x81,0x45,0x79,0x24,0x59,0x24,0x51,0x24,0x61,
    0x86,0x89,0x65,0x89,0x24,0x81,0xE3,0x58,0xC3,0x20,0xCB,0x52,0x14,0x9D,0xD7,0xBD,0xBA,0xD6,0x5D,0xE7,0x1C,0xE7,0xDB,0xDE,0xDB,0xDE,0xDB,0xDE,0xFB,0xDE,0xFB,0xDE,
    0xFB,0xDE,0xFB,0xDE,0xFB,0xDE,0xFB,0xDE,0xFB,0xDE,0xFB,0xDE,0xFB,0xDE,0xFB,0xDE,0x38,0xC6,0xB6,0xBD,0xB6,0xBD,0xB6,0xBD,0xD6,0xBD,0xD6,0xBD,0xD6,0xBD,0xF6,0xC5,
    0xB5,0xBD,0xB5,0xBD,0xB5,0xBD,0xD6,0xBD,0xD6,0xBD,0xD6,0xBD,0x74,0xB5,0x74,0xB5,0xDB,0xDE,0xFB,0xDE,0xFB,0xDE,0xFB,0xDE,0xFB,0xDE,0xFB,0xDE,0xFB,0xDE,0xFB,0xDE,
    0xFB,0xDE,0xFB,0xDE,0xFB,0xDE,0xDB,0xDE,0xFB,0xDE,0xBA,0xD6,0xA6,0x29,0xC3,0x40,0x65,0x89,0x65,0x89,0x03,0x59,0x2C,0x5B,0xEF,0x7B,0x51,0x8C,0x59,0xCE,0xDB,0xDE,
    0xBA,0xD6,0xFB,0xDE,0xD7,0xB5,0x30,0x8C,0x04,0x61,0x24,0x61,0x65,0x79,0x65,0x81,0x66,0x89,0xEC,0x7A,0xB2,0x94,0xB2,0x94,0xCF,0x7B,0x96,0xB5,0x75,0xAD,0xF7,0xBD,
    0x3C,0xE7,0xDB,0xDE,0xFB,0xDE,0xFB,0xDE,0xFB,0xDE,0xDB,0xDE,0x1C,0xE7,0xD7,0xBD,0xBA,0xD6,0xBA,0xD6,0x51,0x8C,0xD7,0xBD,0xEF,0x7B,0x45,0x29,0x8D,0x84,0xC6,0x9C,
    0x04,0x6B,0xE4,0x39,0xE5,0x8C,0x26,0x84,0x26,0x73,0x08,0x84,0x67,0x94,0xE4,0x73,0x85,0x73,0xE4,0xA4,0x63,0xAD,0x04,0x95,0x88,0x9C,0x65,0x94,0x45,0x84,0x25,0x84,
    0x45,0x9D,0x48,0x8C,0x45,0xA5,0x44,0xBE,0x25,0xAD,0xA5,0x94,0x45,0xA5,0x25,0x84,0x85,0x73,0x85,0x94,0xE4,0x41,0x6A,0x52,0x2E,0x8C,0xE6,0x7B,0xAB,0x94,0x51,0x84,
    0x50,0x8C,0xAE,0x73,0x8E,0x73,0x10,0x84,0x3C,0xE7,0xFB,0xDE,0x1C,0xE7,0xFB,0xDE,0xFB,0xDE,0xFB,0xDE,0xFB,0xDE,0xFB,0xDE,0xFB,0xDE,0xFB,0xDE,0xDB,0xDE,0xFB,0xDE,
    0x71,0x8C,0xD7,0xBD,0x96,0xB5,0xE7,0x39,0xE7,0x39,0x03,0x21,0x44,0x61,0x45,0x79,0x45,0x79,0x65,0x81,0x65,0x81,0x65,0x81,0x65,0x81,0x65,0x71,0x65,0x71,0x45,0x69,
    0x45,0x79,0x65,0x81,0x65,0x81,0x86,0x81,0x45,0x81,0xE3,0x50,0x82,0x28,0x24,0x29,0x69,0x6A,0x8E,0x93,0xF7,0xBD,0x3C,0xE7,0x5D,0xEF,0x3C,0xE7,0xFB,0xDE,0xDB,0xDE,
    0xDB,0xDE,0xFB,0xDE,0xFB,0xDE,0xFB,0xDE,0xFB,0xDE,0xFB,0xDE,0xFB,0xDE,0xFB,0xDE,0x58,0xCE,0xD6,0xBD,0xD6,0xBD,0xD6,0xBD,0xD6,0xBD,0xD6,0xBD,0xD6,0xBD,0xF7,0xC5,
    0xB5,0xBD,0xB5,0xBD,0xB5,0xBD,0xD6,0xBD,0xD6,0xBD,0xD6,0xBD,0x74,0xB5,0x74,0xB5,0xDB,0xDE,0xFB,0xDE,0xFB,0xDE,0xFB,0xDE,0xFB,0xDE,0xFB,0xDE,0xFB,0xDE,0xFB,0xDE,
    0xFB,0xDE,0xFB,0xDE,0xFB,0xDE,0xDB,0xDE,0xFB,0xDE,0xBA,0xD6,0xC6,0x31,0xC3,0x40,0x86,0x89,0x45,0x79,0xE3,0x30,0x2C,0x63,0xCB,0x5A,0x28,0x42,0xF3,0x9C,0x75,0xAD,
    0x59,0xCE,0x96,0xB5,0x91,0x94,0x08,0x72,0x24,0x81,0x45,0x79,0x24,0x49,0x45,0x71,0x24,0x61,0xC3,0x48,0xCB,0x6A,0x6D,0x6B,0xAA,0x52,0x92,0x94,0xDB,0xDE,0x1C,0xE7,
    0xDB,0xDE,0xFB,0xDE,0xFB,0xDE,0xFB,0xDE,0xFB,0xDE,0xDB,0xDE,0x1C,0xE7,0x79,0xCE,0x92,0x94,0xDB,0xDE,0x4D,0x6B,0x10,0x84,0x30,0x84,0xC7,0x39,0x65,0x42,0x29,0x9D,
    0xE5,0x62,0x84,0x39,0xC9,0x62,0x26,0x7C,0x27,0x84,0x26,0x84,0xA5,0xB5,0xE5,0x8C,0x66,0x84,0xA8,0x94,0xE5,0xBD,0x45,0xA5,0x07,0x84,0x46,0xAD,0xC5,0xBD,0x65,0xAD,
    0x46,0xA5,0x26,0xA5,0x25,0xC6,0x06,0xC6,0x46,0xA5,0x85,0xAD,0x45,0x8C,0x65,0xCE,0x07,0x9D,0x47,0x7C,0xA6,0x52,0x86,0x94,0xCF,0x7B,0xE6,0x49,0x09,0x63,0x92,0x8C,
    0x30,0x84,0x30,0x84,0xAE,0x73,0x8A,0x52,0x6D,0x6B,0x55,0xAD,0xF3,0x9C,0xFB,0xDE,0xBA,0xD6,0xFB,0xDE,0xFB,0xDE,0xFB,0xDE,0xFB,0xDE,0xFB,0xDE,0xFB,0xDE,0xFB,0xDE,
    0xDB,0xDE,0x38,0xC6,0x51,0x8C,0x8E,0x73,0xEB,0x5A,0x8A,0x52,0x85,0x51,0xA2,0x40,0x45,0x69,0x65,0x89,0x65,0x81,0x65,0x81,0x65,0x81,0x65,0x81,0x65,0x81,0x65,0x81,
    0x65,0x81,0x65,0x81,0x65,0x81,0x45,0x81,0x65,0x81,0x86,0x91,0x24,0x51,0x82,0x10,0xA2,0x38,0xE3,0x70,0x24,0x41,0xE8,0x39,0x6D,0x6B,0x75,0xAD,0xFB,0xE6,0x3C,0xE7,
    0xFB,0xDE,0xDB,0xDE,0xDB,0xDE,0xFB,0xDE,0xFB,0xDE,0xFB,0xDE,0xFB,0xDE,0xFB,0xDE,0x58,0xCE,0xD6,0xBD,0xD6,0xBD,0xD6,0xBD,0xD6,0xBD,0xD6,0xBD,0xD6,0xBD,0xF7,0xC5,
    0xB6,0xBD,0xB5,0xBD,0xB5,0xBD,0xD6,0xBD,0xD6,0xBD,0xD6,0xBD,0x33,0xAD,0x95,0xBD,0xFB,0xDE,0xFB,0xDE,0xFB,0xDE,0xFB,0xDE,0xFB,0xDE,0xFB,0xDE,0xFB,0xDE,0xFB,0xDE,
    0xFB,0xDE,0xFB,0xDE,0xFB,0xDE,0xFB,0xDE,0xFB,0xDE,0xFB,0xDE,0x89,0x4A,0xE3,0x58,0x66,0x89,0x45,0x79,0xC2,0x20,0x69,0x4A,0x8E,0x73,0x10,0x7C,0x59,0xCE,0xD7,0xBD,
    0x92,0x94,0x08,0x3A,0x44,0x31,0x24,0x79,0x65,0x81,0x65,0x81,0x65,0x81,0x45,0x71,0x04,0x51,0x25,0x69,0x8A,0x62,0x28,0x42,0x61,0x08,0x0C,0x63,0x1C,0xE7,0xDB,0xDE,
    0xFB,0xDE,0xFB,0xDE,0xFB,0xDE,0xFB,0xDE,0xDB,0xDE,0xFB,0xDE,0xDB,0xDE,0x51,0x8C,0xCB,0x5A,0xCF,0x7B,0x51,0x8C,0x8A,0x52,0x71,0x8C,0xCF,0x7B,0xA7,0x39,0xE8,0x73,
    0x25,0x6B,0x66,0x5A,0x66,0x8C,0xC5,0xB5,0xA5,0xB5,0x45,0x9D,0xA5,0xAD,0x65,0xAD,0x04,0x95,0x46,0xA5,0xA5,0xBD,0x65,0xD6,0x85,0xAD,0xA5,0xB5,0xE5,0xBD,0xA5,0xB5,
    0x66,0xA5,0x67,0xAD,0x25,0xC6,0x06,0xBE,0x26,0xA5,0x85,0xAD,0xE5,0x73,0xE6,0xBD,0xE5,0xC5,0xA6,0x94,0x26,0x9D,0x25,0xBE,0xA7,0x7B,0x87,0x7B,0x2A,0x8C,0x2D,0x63,
    0x4D,0x6B,0xB2,0x94,0xB2,0x94,0x8A,0x52,0x04,0x21,0x30,0x84,0x96,0xB5,0xB6,0xB5,0x59,0xCE,0x1C,0xE7,0xFB,0xDE,0xFB,0xDE,0xFB,0xDE,0xFB,0xDE,0xFB,0xDE,0xFB,0xDE,
    0xFB,0xDE,0xDB,0xDE,0x34,0xA5,0xD3,0x9C,0x75,0xAD,0x75,0xAD,0x91,0xAC,0x07,0x7A,0xE3,0x48,0x65,0x81,0x65,0x81,0x65,0x81,0x65,0x81,0x65,0x81,0x65,0x81,0x65,0x81,
    0x65,0x81,0x65,0x81,0x65,0x81,0x65,0x81,0x65,0x81,0x65,0x81,0x45,0x79,0x45,0x79,0x45,0x71,0x86,0x89,0x45,0x81,0xE3,0x68,0xA2,0x50,0x04,0x49,0xE7,0x59,0x10,0xA4,
    0xBA,0xD6,0x3C,0xE7,0x1C,0xE7,0xDB,0xDE,0xDB,0xDE,0xFB,0xDE,0xFB,0xDE,0xFB,0xDE,0x58,0xCE,0xD6,0xBD,0xD6,0xBD,0xD6,0xBD,0xD6,0xBD,0xD6,0xBD,0xD6,0xBD,0xF7,0xC5,
    0xB5,0xBD,0xB5,0xBD,0xB5,0xBD,0xD6,0xBD,0xD6,0xBD,0xD6,0xBD,0x33,0xAD,0x95,0xBD,0xFB,0xDE,0xFB,0xDE,0xFB,0xDE,0xFB,0xDE,0xFB,0xDE,0xFB,0xDE,0xFB,0xDE,0xFB,0xDE,
    0xFB,0xDE,0xFB,0xDE,0xFB,0xDE,0xFB,0xDE,0xDB,0xDE,0x5D,0xEF,0x2C,0x63,0xC3,0x60,0x86,0x89,0x65,0x89,0x45,0x69,0xA2,0x20,0x23,0x39,0x45,0x39,0xA6,0x49,0xC7,0x39,
    0x82,0x08,0xA2,0x18,0x04,0x59,0x65,0x89,0x45,0x71,0x45,0x79,0x45,0x81,0x65,0x89,0xA6,0x91,0x45,0x69,0x48,0x52,0x4D,0x63,0xCF,0x7B,0x9A,0xD6,0x1C,0xE7,0xDB,0xDE,
    0xFB,0xDE,0xFB,0xDE,0xFB,0xDE,0xDB,0xDE,0x3C,0xE7,0x14,0xA5,0xBA,0xD6,0x10,0x84,0xCF,0x7B,0x28,0x42,0x92,0x94,0x93,0x94,0x2B,0x5B,0xE7,0x62,0x87,0x62,0x69,0x73,
    0x26,0xC6,0xC5,0x94,0x45,0xA5,0x85,0xAD,0x45,0xA5,0x85,0xAD,0x45,0x7C,0xA5,0x8C,0x25,0xA5,0xC5,0xBD,0x05,0xC6,0x25,0xC6,0x25,0xC6,0xC5,0xB5,0x45,0xCE,0xE5,0xBD,
    0x85,0xAD,0x85,0xAD,0x05,0xBE,0x45,0xCE,0x45,0xCE,0x25,0xA5,0xC5,0x94,0x65,0xB5,0x85,0xD6,0xC5,0x94,0x05,0x9D,0x05,0xBE,0x06,0xA5,0xC8,0x9C,0x24,0xC6,0x67,0x4A,
    0x04,0x19,0x07,0x42,0x55,0xAD,0x8A,0x52,0xAA,0x52,0xB2,0x94,0x59,0xCE,0xD3,0x9C,0xBA,0xD6,0x96,0xB5,0x9A,0xD6,0xFB,0xDE,0xFB,0xDE,0xFB,0xDE,0xFB,0xDE,0xFB,0xDE,
    0xFB,0xDE,0xFB,0xDE,0x9A,0xD6,0x92,0x94,0x14,0xA5,0x51,0x8C,0xD3,0x94,0x4D,0x63,0x86,0x61,0x45,0x79,0x65,0x79,0x65,0x81,0x65,0x81,0x65,0x81,0x65,0x81,0x65,0x81,
    0x65,0x81,0x65,0x81,0x65,0x81,0x65,0x81,0x65,0x81,0x65,0x81,0x65,0x81,0x65,0x81,0x65,0x89,0x65,0x81,0x65,0x81,0x65,0x89,0x65,0x81,0x65,0x81,0x24,0x71,0xE3,0x50,
    0xA6,0x51,0x71,0x94,0x9A,0xCE,0x5D,0xEF,0x3C,0xE7,0xDB,0xDE,0xDB,0xDE,0xFB,0xDE,0x58,0xCE,0xF7,0xC5,0xF7,0xC5,0xF7,0xBD,0xF7,0xC5,0xF7,0xC5,0xF7,0xC5,0xF7,0xBD,
    0xB6,0xBD,0xB6,0xBD,0xB6,0xBD,0xD6,0xBD,0xD6,0xBD,0xD6,0xBD,0x54,0xAD,0xB5,0xBD,0xFB,0xDE,0xFB,0xDE,0xFB,0xDE,0xFB,0xDE,0xFB,0xDE,0xFB,0xDE,0xFB,0xDE,0xFB,0xDE,
    0xFB,0xDE,0xFB,0xDE,0xFB,0xDE,0xFB,0xDE,0xDB,0xDE,0x3C,0xEF,0x51,0x84,0xC3,0x48,0x86,0x89,0x65,0x81,0x65,0x89,0x45,0x69,0xE3,0x30,0xC3,0x30,0xE3,0x40,0xA2,0x20,
    0xE3,0x38,0x65,0x79,0x65,0x89,0x65,0x81,0x65,0x81,0x65,0x81,0x45,0x79,0x28,0x6A,0x4D,0x73,0xEC,0x62,0xF3,0x9C,0xD6,0xBD,0xFB,0xDE,0x1C,0xE7,0xDB,0xDE,0xFB,0xDE,
    0xFB,0xDE,0xFB,0xDE,0xFB,0xDE,0xFB,0xDE,0x3C,0xE7,0x14,0xA5,0x71,0x8C,0x38,0xC6,0x55,0xAD,0x0C,0x63,0x25,0x21,0xCB,0x7B,0xA7,0x8C,0xA4,0xAD,0xA7,0x9C,0xEB,0x7B,
    0xA8,0x8C,0xC5,0xB5,0xE5,0xBD,0x05,0xC6,0x25,0xC6,0x25,0xC6,0x25,0xC6,0x45,0xCE,0x45,0xCE,0x45,0xCE,0x25,0xC6,0x25,0xC6,0x25,0xC6,0x05,0xC6,0x25,0xC6,0x25,0xC6,
    0x25,0xC6,0x25,0xC6,0x25,0xC6,0x25,0xC6,0x25,0xC6,0xC5,0xB5,0x45,0x8C,0xA5,0xB5,0x45,0xCE,0x05,0xBE,0x85,0xAD,0x05,0xBE,0x05,0xB6,0xA6,0xB5,0x05,0xBE,0xE5,0x8C,
    0x24,0x3A,0xE8,0x41,0xD9,0xDE,0xA8,0x52,0x6D,0x6B,0x96,0xB5,0x96,0xB5,0x10,0x84,0x9A,0xD6,0x30,0x84,0xB6,0xB5,0xFB,0xDE,0xFB,0xDE,0xFB,0xDE,0xFB,0xDE,0xFB,0xDE,
    0xFB,0xDE,0xDB,0xDE,0xFB,0xDE,0xBA,0xD6,0x75,0xAD,0x0C,0x63,0xCB,0x5A,0x10,0x7C,0x08,0x82,0x24,0x81,0x65,0x81,0x65,0x81,0x65,0x81,0x65,0x81,0x65,0x81,0x65,0x81,
    0x65,0x81,0x65,0x81,0x65,0x81,0x65,0x81,0x65,0x81,0x65,0x81,0x65,0x81,0x65,0x81,0x65,0x81,0x65,0x81,0x65,0x81,0x65,0x81,0x65,0x81,0x65,0x81,0x65,0x89,0x65,0x89,
    0x04,0x69,0xA2,0x38,0x45,0x39,0x30,0x7C,0xD7,0xB5,0xFB,0xDE,0x7D,0xEF,0x1C,0xE7,0x79,0xCE,0xF7,0xC5,0xF7,0xC5,0xF7,0xC5,0xF7,0xC5,0xF7,0xC5,0xF7,0xC5,0xF7,0xBD,
    0xD6,0xBD,0xD6,0xBD,0xD6,0xBD,0xF6,0xBD,0xF7,0xBD,0xF6,0xBD,0x54,0xB5,0xB6,0xBD,0xFB,0xDE,0xFB,0xDE,0xFB,0xDE,0xFB,0xDE,0xFB,0xDE,0xFB,0xDE,0xFB,0xDE,0xFB,0xDE,
    0xFB,0xDE,0xFB,0xDE,0xFB,0xDE,0xFB,0xDE,0xDB,0xDE,0x3C,0xE7,0xEF,0x73,0xA3,0x30,0x65,0x89,0x65,0x81,0x65,0x81,0x65,0x89,0x65,0x81,0xC3,0x20,0xA2,0x18,0x04,0x41,
    0x65,0x81,0x65,0x81,0x65,0x81,0x65,0x89,0x65,0x81,0x45,0x71,0xA6,0x79,0xCA,0x5A,0xB2,0x94,0xF7,0xBD,0x30,0x84,0xD3,0x9C,0xFB,0xDE,0xDB,0xDE,0xFB,0xDE,0xDB,0xDE,
    0xFB,0xDE,0xFB,0xDE,0xFB,0xDE,0xBA,0xD6,0x79,0xCE,0x75,0xAD,0x0C,0x63,0xEB,0x5A,0x54,0xA5,0x0B,0x63,0x87,0x52,0xE4,0x7B,0x45,0xC6,0x45,0xCE,0x25,0xC6,0xA5,0xB5,
    0xE5,0xBD,0x25,0xCE,0x45,0xCE,0xA5,0xAD,0xE5,0xBD,0x05,0xC6,0x45,0xA5,0xE5,0xBD,0x25,0xC6,0x25,0xC6,0x25,0xC6,0x25,0xC6,0x25,0xC6,0x25,0xC6,0x25,0xC6,0x25,0xC6,
    0x25,0xC6,0x25,0xC6,0x25,0xC6,0x25,0xC6,0x25,0xC6,0x45,0xCE,0xC5,0xB5,0xE5,0xBD,0x25,0xC6,0x45,0xCE,0xE5,0xBD,0xC5,0xB5,0x25,0xBE,0xC5,0xB5,0x65,0xAD,0xA5,0xBD,
    0x05,0x9D,0x05,0x7C,0xAE,0xDE,0xA8,0x52,0xAA,0x52,0xF4,0x9C,0xD3,0x9C,0xF3,0x9C,0x9A,0xD6,0x71,0x8C,0x51,0x8C,0xFB,0xDE,0xFB,0xDE,0xFB,0xDE,0xFB,0xDE,0xFB,0xDE,
    0xFB,0xDE,0xFB,0xDE,0xDB,0xDE,0xFB,0xDE,0xFB,0xDE,0x9A,0xD6,0xD7,0xBD,0xF7,0xBD,0xCF,0x93,0x66,0x89,0x24,0x81,0x65,0x81,0x65,0x81,0x65,0x81,0x65,0x81,0x65,0x81,
    0x65,0x81,0x65,0x81,0x65,0x81,0x65,0x81,0x65,0x81,0x65,0x81,0x65,0x81,0x65,0x81,0x65,0x81,0x65,0x81,0x65,0x81,0x65,0x81,0x65,0x81,0x65,0x81,0x65,0x81,0x65,0x81,
    0x65,0x79,0x65,0x81,0x45,0x79,0xA2,0x48,0xE3,0x40,0xAA,0x6A,0x30,0x84,0x38,0xBE,0xBA,0xD6,0xF7,0xC5,0xF7,0xC5,0xF7,0xC5,0xF7,0xC5,0xF7,0xC5,0xF7,0xC5,0xF7,0xBD,
    0xD6,0xBD,0xD6,0xBD,0xD6,0xBD,0xF6,0xBD,0xF7,0xBD,0xF6,0xBD,0x54,0xB5,0xB6,0xBD,0xFB,0xDE,0xFB,0xDE,0xFB,0xDE,0xFB,0xDE,0xFB,0xDE,0xFB,0xDE,0xFB,0xDE,0xFB,0xDE,
    0xFB,0xDE,0xFB,0xDE,0xFB,0xDE,0xFB,0xDE,0xFB,0xDE,0xFB,0xDE,0x6D,0x6B,0x45,0x51,0x45,0x81,0x65,0x81,0x65,0x81,0x65,0x81,0x65,0x89,0x45,0x71,0x04,0x49,0x04,0x49,
    0x24,0x69,0x65,0x89,0x24,0x81,0x04,0x71,0x24,0x61,0x45,0x61,0xE3,0x28,0x24,0x21,0x4D,0x6B,0x71,0x8C,0x71,0x8C,0xFB,0xDE,0xFB,0xDE,0xFB,0xDE,0xFB,0xDE,0xFB,0xDE,
    0xDB,0xDE,0xDB,0xDE,0xFB,0xDE,0x9A,0xD6,0x10,0x84,0x10,0x84,0x79,0xCE,0xCE,0x7B,0xAE,0x73,0x89,0x4A,0xE8,0x83,0x66,0xAD,0x05,0xBE,0x25,0xC6,0x25,0xC6,0x45,0xCE,
    0x25,0xC6,0x25,0xC6,0x25,0xC6,0xA5,0xB5,0xE5,0xBD,0x25,0xC6,0x25,0xC6,0x25,0xC6,0x25,0xC6,0x25,0xC6,0x25,0xC6,0x25,0xC6,0x25,0xC6,0x25,0xC6,0x25,0xC6,0x25,0xC6,
    0x25,0xC6,0x25,0xC6,0x25,0xC6,0x25,0xC6,0x25,0xC6,0x25,0xC6,0x45,0xCE,0x25,0xC6,0x25,0xC6,0x25,0xC6,0x45,0xCE,0x25,0xC6,0x25,0xC6,0x45,0xCE,0x85,0xB5,0x45,0xAD,
    0xC5,0xB5,0x65,0xAD,0xE4,0xBD,0x85,0x7B,0x4D,0x73,0x4C,0x8C,0xF8,0xBD,0x14,0xA5,0x4D,0x6B,0x34,0xA5,0x92,0x94,0xDB,0xDE,0xDB,0xDE,0xFB,0xDE,0xDB,0xDE,0xDB,0xDE,
    0xDB,0xDE,0xFB,0xDE,0xFB,0xDE,0xDB,0xDE,0xFB,0xDE,0x1C,0xE7,0xFB,0xDE,0xD7,0xBD,0x55,0xAD,0xF4,0xAC,0x0C,0xA3,0x45,0x81,0x65,0x81,0x65,0x81,0x65,0x81,0x65,0x81,
    0x65,0x81,0x65,0x81,0x65,0x81,0x65,0x81,0x65,0x81,0x65,0x81,0x65,0x81,0x65,0x81,0x65,0x81,0x65,0x81,0x65,0x81,0x65,0x81,0x65,0x81,0x65,0x81,0x65,0x81,0x65,0x81,
    0x65,0x81,0x65,0x81,0x65,0x81,0x86,0x89,0x65,0x89,0x04,0x79,0xC3,0x58,0x45,0x59,0x91,0x9C,0x58,0xCE,0xF7,0xBD,0xF7,0xC5,0xF7,0xC5,0xF7,0xC5,0xF7,0xC5,0xF7,0xC5,
    0xD6,0xBD,0xD6,0xBD,0xD6,0xBD,0xF6,0xBD,0xF7,0xBD,0xD6,0xBD,0x54,0xB5,0xB6,0xBD,0xFB,0xDE,0xFB,0xDE,0xFB,0xDE,0xFB,0xDE,0xFB,0xDE,0xFB,0xDE,0xFB,0xDE,0xFB,0xDE,
    0xFB,0xDE,0xFB,0xDE,0xFB,0xDE,0xFB,0xDE,0xDB,0xDE,0x1C,0xE7,0x75,0xBD,0x66,0x61,0x24,0x61,0x65,0x89,0x65,0x81,0x65,0x81,0x65,0x81,0x65,0x81,0x65,0x89,0x65,0x89,
    0x45,0x81,0x65,0x81,0x49,0x8A,0x08,0x42,0x24,0x29,0x82,0x18,0xAE,0x73,0x8E,0x73,0x69,0x4A,0xB2,0x94,0x1C,0xE7,0xFB,0xDE,0xFB,0xDE,0xFB,0xDE,0xDB,0xDE,0x59,0xCE,
    0x1C,0xE7,0xFB,0xDE,0x1C,0xE7,0x14,0xA5,0xB6,0xB5,0x49,0x4A,0x34,0xA5,0x4D,0x6B,0x87,0x73,0xC6,0x73,0x05,0x9D,0x65,0xCE,0x25,0xC6,0x25,0xC6,0x25,0xC6,0x25,0xC6,
    0x25,0xC6,0x25,0xC6,0x25,0xC6,0x45,0xCE,0x25,0xC6,0x25,0xC6,0x25,0xC6,0x25,0xC6,0x25,0xC6,0x25,0xC6,0x25,0xC6,0x25,0xC6,0x25,0xC6,0x25,0xC6,0x25,0xC6,0x25,0xC6,
    0x25,0xC6,0x25,0xC6,0x25,0xC6,0x25,0xC6,0x25,0xC6,0x25,0xC6,0x25,0xC6,0x25,0xC6,0x25,0xC6,0x25,0xC6,0xE5,0xBD,0x05,0xC6,0x25,0xC6,0x25,0xC6,0x05,0xC6,0x05,0xC6,
    0xC5,0x94,0xA5,0xB5,0xA5,0xAD,0x65,0x9C,0x85,0x7B,0xEB,0x9C,0x0B,0x84,0x6F,0x8C,0x6E,0x6B,0x69,0x4A,0x4D,0x6B,0x5D,0xEF,0xFB,0xDE,0xFB,0xDE,0xFB,0xDE,0xFB,0xDE,
    0xFB,0xDE,0xDB,0xDE,0xFB,0xDE,0xDB,0xDE,0xFB,0xDE,0xBA,0xD6,0xD3,0x9C,0xCF,0x7B,0x4D,0x6B,0x4C,0x63,0x08,0x52,0x45,0x81,0x65,0x81,0x65,0x81,0x65,0x81,0x65,0x81,
    0x65,0x81,0x65,0x81,0x65,0x81,0x65,0x81,0x65,0x81,0x65,0x81,0x65,0x81,0x65,0x81,0x65,0x81,0x65,0x81,0x65,0x81,0x65,0x81,0x65,0x81,0x65,0x81,0x65,0x81,0x65,0x81,
    0x65,0x81,0x65,0x81,0x65,0x81,0x65,0x81,0x65,0x81,0x65,0x81,0xA6,0x89,0xE3,0x80,0x8E,0xA3,0x79,0xCE,0xD6,0xBD,0xF7,0xC5,0xF7,0xC5,0xF7,0xC5,0xF7,0xC5,0xF7,0xC5,
    0xD6,0xBD,0xD6,0xBD,0xD6,0xBD,0xD6,0xBD,0xD6,0xBD,0xD6,0xBD,0x54,0xB5,0xB6,0xBD,0xFB,0xDE,0xFB,0xDE,0xFB,0xDE,0xFB,0xDE,0xFB,0xDE,0xFB,0xDE,0xFB,0xDE,0xFB,0xDE,
    0xFB,0xDE,0xFB,0xDE,0xFB,0xDE,0xFB,0xDE,0xDB,0xDE,0x3C,0xE7,0xD7,0xC5,0x65,0x59,0xE3,0x40,0x24,0x69,0x65,0x89,0x65,0x81,0x65,0x81,0x65,0x81,0x65,0x81,0x65,0x81,
    0x65,0x89,0x65,0x69,0xEB,0x6A,0x08,0x42,0xE7,0x39,0x86,0x31,0x96,0xB5,0x38,0xC6,0x5D,0xEF,0xFB,0xDE,0xDB,0xDE,0xFB,0xDE,0xFB,0xDE,0xDB,0xDE,0x1C,0xE7,0xD7,0xBD,
    0xB2,0x94,0x1C,0xE7,0x18,0xC6,0x8E,0x73,0xCB,0x5A,0x51,0x8C,0x68,0x4A,0x87,0x73,0x8A,0xCE,0x6B,0xCE,0xC4,0xB5,0x25,0xC6,0x25,0xC6,0x25,0xC6,0x25,0xC6,0x25,0xC6,
    0x25,0xC6,0x25,0xC6,0x25,0xC6,0x25,0xC6,0x25,0xC6,0x25,0xC6,0x25,0xC6,0x25,0xC6,0x25,0xC6,0x25,0xC6,0x25,0xC6,0x25,0xC6,0x25,0xC6,0x25,0xC6,0x25,0xC6,0x25,0xC6,
    0x25,0xC6,0x25,0xC6,0x25,0xC6,0x25,0xC6,0x25,0xC6,0x25,0xC6,0x25,0xC6,0x25,0xC6,0x25,0xC6,0x25,0xCE,0x85,0xAD,0x05,0xBE,0x25,0xC6,0x25,0xC6,0x25,0xC6,0x25,0xC6,
    0x05,0xC6,0x85,0xAD,0xE5,0xBD,0x25,0xAD,0x85,0x8C,0x85,0x5A,0xCA,0x7B,0xB4,0xAD,0xB6,0xB5,0x71,0x94,0x51,0x8C,0x30,0x84,0x75,0xAD,0xFB,0xDE,0x34,0xA5,0x59,0xCE,
    0xBA,0xD6,0xFB,0xDE,0xDB,0xDE,0xFB,0xDE,0xFB,0xDE,0xBA,0xD6,0xFB,0xDE,0x5D,0xEF,0xFB,0xDE,0x55,0xAD,0x69,0x4A,0x45,0x51,0x04,0x79,0x65,0x81,0x65,0x81,0x65,0x81,
    0x65,0x81,0x65,0x81,0x65,0x81,0x65,0x81,0x65,0x81,0x65,0x81,0x65,0x81,0x65,0x81,0x65,0x81,0x65,0x81,0x65,0x81,0x65,0x81,0x65,0x81,0x65,0x81,0x65,0x81,0x65,0x81,
    0x65,0x81,0x65,0x81,0x65,0x81,0x65,0x81,0x65,0x81,0x65,0x81,0x65,0x81,0x04,0x79,0xCE,0xA3,0x79,0xCE,0xD6,0xBD,0xF7,0xC5,0xF7,0xC5,0xF7,0xC5,0xF7,0xC5,0xF7,0xC5,
    0xD6,0xBD,0xD6,0xBD,0xD6,0xBD,0xD6,0xBD,0xD6,0xBD,0xD6,0xBD,0x54,0xB5,0xF7,0xC5,0xFB,0xDE,0xFB,0xDE,0xFB,0xDE,0xFB,0xDE,0xFB,0xDE,0xFB,0xDE,0xFB,0xDE,0xFB,0xDE,
    0xFB,0xDE,0xFB,0xDE,0xFB,0xDE,0xFB,0xDE,0xDB,0xDE,0xFB,0xDE,0xBA,0xD6,0xE7,0x41,0xC2,0x28,0x65,0x79,0x65,0x81,0x65,0x81,0x65,0x81,0x65,0x81,0x65,0x81,0x65,0x89,
    0x65,0x89,0x65,0x81,0xC3,0x58,0xE7,0x41,0xCF,0x73,0xEB,0x5A,0x34,0xA5,0xB6,0xB5,0x59,0xCE,0xFB,0xDE,0xDB,0xDE,0xFB,0xDE,0xFB,0xDE,0xFB,0xDE,0xFB,0xDE,0xFB,0xDE,
    0xB6,0xB5,0xAE,0x73,0x71,0x8C,0x38,0xC6,0x51,0x8C,0xEC,0x5A,0xAC,0x73,0xE6,0xBD,0xA6,0xAD,0x48,0xA5,0x25,0xC6,0x25,0xC6,0x25,0xC6,0x25,0xC6,0x25,0xC6,0x25,0xC6,
    0x25,0xC6,0x25,0xC6,0x25,0xC6,0x25,0xC6,0x25,0xC6,0x25,0xC6,0x25,0xC6,0x25,0xC6,0x25,0xC6,0x25,0xC6,0x25,0xC6,0x25,0xC6,0x25,0xC6,0x25,0xC6,0x25,0xC6,0x25,0xC6,
    0x25,0xC6,0x25,0xC6,0x25,0xC6,0x25,0xC6,0x25,0xC6,0x25,0xC6,0x25,0xC6,0x25,0xC6,0x25,0xC6,0x25,0xC6,0x25,0xCE,0x25,0xC6,0x25,0xC6,0x25,0xC6,0x25,0xC6,0x25,0xC6,
    0x25,0xC6,0x25,0xC6,0x05,0xC6,0xE5,0xBD,0xE5,0xBD,0xA7,0x73,0xC8,0x9C,0x4A,0x8C,0xD7,0xBD,0xD7,0xBD,0xCF,0x7B,0xEF,0x7B,0xCF,0x7B,0x18,0xC6,0xB2,0x94,0xF3,0x9C,
    0x51,0x8C,0xFB,0xDE,0xDB,0xDE,0xFB,0xDE,0xDB,0xDE,0xFB,0xDE,0x79,0xCE,0x14,0xA5,0xF3,0x9C,0x28,0x42,0xC7,0x39,0x28,0x42,0xE7,0x51,0x65,0x81,0x65,0x81,0x65,0x81,
    0x65,0x81,0x65,0x81,0x65,0x81,0x65,0x81,0x65,0x81,0x65,0x81,0x65,0x81,0x65,0x81,0x65,0x81,0x65,0x81,0x65,0x81,0x65,0x81,0x65,0x81,0x65,0x81,0x65,0x81,0x65,0x81,
    0x65,0x81,0x65,0x81,0x65,0x81,0x65,0x81,0x65,0x81,0x65,0x81,0x65,0x81,0x04,0x79,0xCE,0xA3,0x58,0xC6,0xB6,0xBD,0xD6,0xBD,0xD6,0xBD,0xD6,0xBD,0xD6,0xBD,0xD6,0xBD,
    0xD6,0xBD,0xD6,0xBD,0xD6,0xBD,0xD6,0xBD,0xD6,0xBD,0xD6,0xBD,0x54,0xAD,0x38,0xCE,0x1C,0xDF,0xDB,0xDE,0xFB,0xDE,0xFB,0xDE,0xFB,0xDE,0xFB,0xDE,0xFB,0xDE,0xFB,0xDE,
    0xFB,0xDE,0xFB,0xDE,0xFB,0xDE,0xFB,0xDE,0xFB,0xDE,0xDB,0xDE,0x1C,0xE7,0x0C,0x5B,0xA2,0x38,0x65,0x69,0x45,0x81,0x65,0x81,0x65,0x81,0x65,0x81,0x65,0x81,0x45,0x69,
    0x04,0x59,0x04,0x69,0x24,0x79,0xAA,0x8A,0x95,0xAD,0x59,0xCE,0xDB,0xDE,0xBA,0xD6,0x18,0xC6,0xFB,0xDE,0xDB,0xDE,0xFB,0xDE,0xFB,0xDE,0xFB,0xDE,0xFB,0xDE,0xDB,0xDE,
    0x5D,0xEF,0xF7,0xBD,0x6D,0x6B,0xD3,0x9C,0xF8,0xBD,0x0E,0xC6,0x85,0x94,0x26,0x8C,0xC5,0x94,0xE4,0xBD,0x25,0xC6,0x25,0xC6,0x25,0xC6,0x25,0xC6,0x25,0xC6,0x25,0xC6,
    0x25,0xC6,0x25,0xC6,0x25,0xC6,0x25,0xC6,0x25,0xC6,0x25,0xC6,0x25,0xC6,0x25,0xC6,0x25,0xC6,0x25,0xC6,0x25,0xC6,0x25,0xC6,0x25,0xC6,0x25,0xC6,0x25,0xC6,0x25,0xC6,
    0x25,0xC6,0x25,0xC6,0x25,0xC6,0x25,0xC6,0x25,0xC6,0x25,0xC6,0x25,0xC6,0x25,0xC6,0x25,0xC6,0x25,0xC6,0x25,0xC6,0x25,0xC6,0x25,0xC6,0x25,0xC6,0x25,0xC6,0x25,0xC6,
    0x25,0xC6,0x25,0xC6,0x45,0xCE,0xC5,0xB5,0xC5,0xBD,0xA5,0xAD,0x85,0xA5,0x84,0xB5,0xB0,0xB5,0x91,0x94,0x30,0x84,0x14,0xA5,0x4D,0x6B,0x18,0xC6,0x14,0xA5,0x14,0xA5,
    0xAA,0x52,0xF7,0xBD,0x3C,0xE7,0xDB,0xDE,0xFB,0xDE,0xFB,0xDE,0xDB,0xDE,0x18,0xC6,0x10,0x84,0xCB,0x5A,0xEB,0x5A,0xCB,0x5A,0x48,0x5A,0x44,0x71,0x65,0x81,0x65,0x81,
    0x65,0x81,0x65,0x81,0x65,0x81,0x65,0x81,0x65,0x81,0x65,0x81,0x65,0x81,0x65,0x81,0x65,0x81,0x65,0x81,0x65,0x81,0x65,0x81,0x65,0x81,0x65,0x81,0x65,0x81,0x65,0x81,
    0x65,0x81,0x65,0x81,0x65,0x81,0x65,0x81,0x65,0x81,0x65,0x81,0x65,0x81,0x04,0x81,0xEB,0x9A,0x38,0xC6,0xD6,0xBD,0xD6,0xBD,0xD6,0xBD,0xD6,0xBD,0xD6,0xBD,0xD6,0xBD,
    0xD6,0xBD,0xD6,0xBD,0xD6,0xBD,0xD6,0xBD,0xD6,0xBD,0xD6,0xBD,0x54,0xAD,0x38,0xC6,0x1C,0xDF,0xDB,0xDE,0xFB,0xDE,0xFB,0xDE,0xFB,0xDE,0xFB,0xDE,0xFB,0xDE,0xFB,0xDE,
    0xFB,0xDE,0xFB,0xDE,0xFB,0xDE,0xFB,0xDE,0xFB,0xDE,0xDB,0xDE,0x3C,0xE7,0xEB,0x62,0xC3,0x10,0x04,0x51,0x65,0x89,0x65,0x81,0x65,0x81,0x65,0x81,0x65,0x89,0x03,0x61,
    0xC7,0x61,0x49,0x62,0x44,0x41,0xEF,0x93,0x34,0xA5,0xD3,0x9C,0xF7,0xBD,0xDB,0xDE,0x1C,0xE7,0xFB,0xDE,0xFB,0xDE,0xFB,0xDE,0xFB,0xDE,0xDB,0xDE,0xFB,0xDE,0xBA,0xD6,
    0x51,0x8C,0xB6,0xB5,0xF3,0x9C,0x67,0x29,0xC8,0x7B,0x45,0xC6,0x05,0x9D,0x05,0x7C,0xE5,0xBD,0x45,0xCE,0x25,0xC6,0x25,0xC6,0x25,0xC6,0x25,0xC6,0x25,0xC6,0x25,0xC6,
    0x25,0xC6,0x25,0xC6,0x25,0xC6,0x25,0xC6,0x25,0xC6,0x25,0xC6,0x25,0xC6,0x25,0xC6,0x25,0xC6,0x25,0xC6,0x25,0xC6,0x25,0xC6,0x25,0xC6,0x25,0xC6,0x25,0xC6,0x25,0xC6,
    0x25,0xC6,0x25,0xC6,0x25,0xC6,0x25,0xC6,0x25,0xC6,0x25,0xC6,0x25,0xC6,0x25,0xC6,0x25,0xC6,0x25,0xC6,0x25,0xC6,0x25,0xC6,0x25,0xC6,0x25,0xC6,0x25,0xC6,0x25,0xC6,
    0x25,0xC6,0x25,0xC6,0x25,0xC6,0x25,0xC6,0x45,0xA5,0x05,0xC6,0x65,0xAD,0x85,0xAD,0x25,0xAD,0xAD,0x9C,0x4E,0x6B,0x14,0xA5,0x49,0x4A,0xCF,0x7B,0x0C,0x63,0x71,0x8C,
    0x10,0x84,0x75,0xAD,0x9A,0xD6,0xFB,0xDE,0xFB,0xDE,0xFB,0xDE,0xFB,0xDE,0x1C,0xE7,0x5D,0xEF,0x18,0xC6,0x92,0x94,0xAB,0x7A,0xC3,0x58,0x65,0x79,0x45,0x81,0x65,0x81,
    0x65,0x81,0x65,0x81,0x65,0x81,0x65,0x81,0x65,0x81,0x65,0x81,0x65,0x81,0x65,0x81,0x65,0x81,0x65,0x81,0x65,0x81,0x65,0x81,0x65,0x81,0x65,0x81,0x65,0x81,0x65,0x81,
    0x65,0x81,0x65,0x81,0x65,0x81,0x65,0x81,0x65,0x81,0x65,0x81,0x65,0x81,0x24,0x81,0x69,0x92,0x38,0xC6,0xD6,0xBD,0xD6,0xBD,0xD6,0xBD,0xD6,0xBD,0xD6,0xBD,0xD6,0xBD,
    0xD6,0xBD,0xD6,0xBD,0xD6,0xBD,0xD6,0xBD,0xD6,0xBD,0xD6,0xBD,0x54,0xAD,0x38,0xC6,0x1C,0xDF,0xDB,0xDE,0xFB,0xDE,0xFB,0xDE,0xFB,0xDE,0xFB,0xDE,0xFB,0xDE,0xFB,0xDE,
    0xFB,0xDE,0xFB,0xDE,0xFB,0xDE,0xFB,0xDE,0xFB,0xDE,0xDB,0xDE,0x3C,0xE7,0x8A,0x52,0xC3,0x18,0x65,0x71,0x65,0x89,0x65,0x81,0x65,0x89,0x24,0x61,0x45,0x49,0x2C,0x73,
    0x35,0xB5,0x51,0x8C,0x6D,0x6B,0xCF,0x73,0x3C,0xE7,0x1C,0xE7,0xDB,0xDE,0xDB,0xDE,0xDB,0xDE,0xFB,0xDE,0xFB,0xDE,0xFB,0xDE,0xFB,0xDE,0xDB,0xDE,0x3C,0xE7,0x75,0xAD,
    0x07,0x42,0xAA,0x52,0x50,0x84,0xAB,0x73,0x06,0x74,0xC6,0x94,0xE6,0x5A,0x05,0xA5,0x65,0xCE,0x05,0xC6,0x25,0xC6,0x25,0xC6,0x25,0xC6,0x45,0xC6,0x45,0xCE,0x25,0xC6,
    0x25,0xC6,0x25,0xC6,0x25,0xC6,0x25,0xC6,0x05,0xC6,0x25,0xC6,0x25,0xC6,0x25,0xC6,0x25,0xC6,0x25,0xC6,0x25,0xC6,0x85,0xB5,0x05,0xC6,0x25,0xC6,0x25,0xC6,0x25,0xC6,
    0x25,0xC6,0x25,0xC6,0x25,0xC6,0x25,0xC6,0x25,0xC6,0x25,0xC6,0x25,0xC6,0x25,0xC6,0x25,0xC6,0x25,0xC6,0x25,0xC6,0x25,0xC6,0x25,0xC6,0x25,0xC6,0x25,0xC6,0x25,0xC6,
    0x25,0xC6,0x25,0xC6,0x25,0xC6,0x25,0xC6,0x05,0xC6,0x65,0xAD,0x45,0xCE,0x25,0xA5,0xC5,0xBD,0xE5,0xBD,0x47,0x63,0x93,0x9C,0xEF,0x7B,0x48,0x4A,0x8E,0x73,0xD3,0x9C,
    0x34,0xA5,0x51,0x8C,0x79,0xCE,0x1C,0xE7,0xDB,0xDE,0xFB,0xDE,0xFB,0xDE,0xDB,0xDE,0xDB,0xDE,0xFB,0xDE,0xF7,0xBD,0xEF,0x8B,0xEB,0x82,0x86,0x49,0x24,0x49,0x45,0x79,
    0x65,0x81,0x45,0x79,0x65,0x81,0x65,0x81,0x65,0x81,0x65,0x81,0x65,0x81,0x65,0x81,0x65,0x81,0x65,0x81,0x65,0x81,0x65,0x81,0x65,0x81,0x65,0x81,0x65,0x81,0x65,0x81,
    0x65,0x81,0x65,0x81,0x65,0x81,0x65,0x81,0x65,0x81,0x65,0x81,0x65,0x81,0x24,0x81,0x8A,0x92,0x58,0xC6,0xD6,0xBD,0xD7,0xBD,0xD6,0xBD,0xD6,0xBD,0xD6,0xBD,0xD6,0xBD,
    0xD6,0xBD,0xD6,0xBD,0xD6,0xBD,0xD6,0xBD,0xD6,0xBD,0xB6,0xBD,0x34,0xAD,0x38,0xC6,0x1C,0xDF,0xDB,0xDE,0xFB,0xDE,0xFB,0xDE,0xFB,0xDE,0xFB,0xDE,0xFB,0xDE,0xFB,0xDE,
    0xFB,0xDE,0xFB,0xDE,0xFB,0xDE,0xFB,0xDE,0xFB,0xDE,0xDB,0xDE,0x3C,0xE7,0x49,0x42,0x82,0x28,0x86,0x89,0x65,0x81,0x65,0x81,0x65,0x81,0x45,0x71,0x04,0x49,0x65,0x59,
    0x85,0x41,0x8A,0x52,0x30,0x8C,0xD3,0x9C,0x38,0xC6,0x79,0xCE,0xFB,0xDE,0xFB,0xDE,0xFB,0xDE,0xFB,0xDE,0xFB,0xDE,0xFB,0xDE,0xDB,0xDE,0xFB,0xDE,0x59,0xCE,0x2C,0x63,
    0xEF,0x7B,0xF0,0x7B,0x86,0x52,0x47,0x84,0x0A,0x84,0xE6,0x7B,0x26,0xA5,0x45,0xCE,0x25,0xC6,0x25,0xC6,0x25,0xC6,0x25,0xC6,0x45,0xC6,0xC5,0xBD,0xA5,0xBD,0x45,0xCE,
    0x25,0xC6,0x25,0xC6,0x25,0xC6,0x25,0xC6,0xC5,0xB5,0x25,0xC6,0xC5,0xB5,0x25,0xC6,0x25,0xC6,0x45,0xCE,0x65,0xB5,0x45,0xAD,0x45,0xCE,0x25,0xC6,0x25,0xC6,0x25,0xC6,
    0x25,0xC6,0x25,0xC6,0x25,0xC6,0x25,0xC6,0x25,0xC6,0x25,0xC6,0x25,0xC6,0x25,0xC6,0x25,0xC6,0x25,0xC6,0x25,0xC6,0x25,0xC6,0x25,0xC6,0x25,0xC6,0x25,0xCE,0x25,0xC6,
    0x25,0xCE,0x25,0xC6,0x25,0xC6,0x25,0xC6,0x25,0xC6,0x25,0xC6,0x45,0xCE,0xE6,0xBD,0xC7,0x9C,0x85,0xD6,0x24,0xAD,0x67,0x6B,0xEB,0x62,0xEC,0x5A,0xAA,0x52,0x10,0x84,
    0x4D,0x6B,0xB6,0xB5,0xBA,0xD6,0xBA,0xD6,0xFB,0xDE,0xFB,0xDE,0xFB,0xDE,0xFB,0xDE,0xDB,0xDE,0x1C,0xE7,0x96,0xB5,0x92,0x8C,0xB6,0xAD,0xEF,0x7B,0x54,0xA5,0xC6,0x81,
    0x04,0x81,0x45,0x79,0x65,0x81,0x65,0x81,0x65,0x81,0x65,0x81,0x65,0x81,0x65,0x81,0x65,0x81,0x65,0x81,0x65,0x81,0x65,0x81,0x65,0x81,0x65,0x81,0x65,0x81,0x65,0x81,
    0x65,0x81,0x65,0x81,0x65,0x81,0x65,0x81,0x65,0x81,0x65,0x81,0x65,0x81,0x24,0x81,0x8A,0x92,0x58,0xC6,0xD6,0xBD,0xD7,0xBD,0xD6,0xBD,0xD6,0xBD,0xD6,0xBD,0xD6,0xBD,
    0xD6,0xBD,0xD6,0xBD,0xD6,0xBD,0xD6,0xBD,0xD6,0xBD,0xB6,0xBD,0x34,0xAD,0x38,0xC6,0x1C,0xDF,0xDB,0xDE,0xFB,0xDE,0xFB,0xDE,0xFB,0xDE,0xFB,0xDE,0xFB,0xDE,0xFB,0xDE,
    0xFB,0xDE,0xFB,0xDE,0xFB,0xDE,0xFB,0xDE,0xFB,0xDE,0xDB,0xDE,0x3C,0xE7,0x49,0x42,0xC3,0x50,0x65,0x89,0x65,0x81,0x65,0x81,0x45,0x81,0x04,0x69,0x03,0x59,0xA2,0x38,
    0xA6,0x71,0x2D,0x73,0xAA,0x52,0x8E,0x73,0xB6,0xB5,0x18,0xC6,0xFB,0xDE,0xFB,0xDE,0xFB,0xDE,0xFB,0xDE,0xFB,0xDE,0xFB,0xDE,0xDB,0xDE,0x3C,0xE7,0x14,0xA5,0x0C,0x63,
    0xEF,0x7B,0x30,0x84,0x09,0x6B,0xA5,0x7B,0xA6,0x94,0x44,0xA5,0xC5,0xB5,0x25,0xCE,0x25,0xC6,0x25,0xC6,0x25,0xC6,0x25,0xC6,0x45,0xCE,0x85,0xB5,0x85,0xB5,0x45,0xCE,
    0x25,0xC6,0x05,0xC6,0xE5,0xBD,0x65,0xAD,0x05,0xBE,0x05,0xBE,0xC5,0xBD,0x25,0xC6,0x25,0xC6,0x45,0xCE,0x25,0xA5,0xA5,0xB5,0x45,0xCE,0x25,0xC6,0x25,0xC6,0x25,0xC6,
    0x25,0xC6,0x25,0xC6,0x25,0xC6,0x25,0xC6,0x25,0xC6,0x25,0xC6,0x25,0xC6,0x25,0xC6,0x25,0xC6,0x25,0xC6,0x25,0xCE,0x25,0xC6,0x25,0xC6,0x25,0xC6,0xC5,0xBD,0xE5,0xBD,
    0xC5,0xBD,0x25,0xC6,0x25,0xC6,0x25,0xC6,0x25,0xC6,0x25,0xC6,0x25,0xC6,0xE5,0xBD,0xE5,0x83,0x45,0xCE,0x05,0xBE,0xE4,0xBD,0xA6,0x94,0x8A,0x6B,0x4D,0x6B,0x4C,0x6B,
    0xEB,0x5A,0x38,0xC6,0x9A,0xD6,0x59,0xCE,0xFB,0xDE,0xFB,0xDE,0xFB,0xDE,0xFB,0xDE,0xFB,0xDE,0xFB,0xDE,0x79,0xCE,0xF3,0x9C,0xD3,0x9C,0xF3,0x9C,0xF3,0x9C,0xEB,0x82,
    0x28,0x92,0x66,0x89,0x65,0x81,0x65,0x81,0x65,0x81,0x65,0x81,0x65,0x81,0x65,0x81,0x65,0x81,0x65,0x81,0x65,0x81,0x65,0x81,0x65,0x81,0x65,0x81,0x65,0x81,0x65,0x81,
    0x65,0x81,0x65,0x81,0x65,0x81,0x65,0x81,0x65,0x81,0x65,0x81,0x65,0x81,0x24,0x81,0x8A,0x92,0x38,0xC6,0xD6,0xBD,0xF7,0xBD,0xD6,0xBD,0xD6,0xBD,0xD6,0xBD,0xD6,0xBD,
    0xD6,0xBD,0xD6,0xBD,0xD6,0xBD,0xD6,0xBD,0xD6,0xBD,0xB6,0xBD,0x34,0xAD,0x38,0xC6,0x1C,0xDF,0xDB,0xDE,0xFB,0xDE,0xFB,0xDE,0xFB,0xDE,0xFB,0xDE,0xFB,0xDE,0xFB,0xDE,
    0xFB,0xDE,0xFB,0xDE,0xFB,0xDE,0xFB,0xDE,0xFB,0xDE,0xDB,0xDE,0x3C,0xE7,0x69,0x4A,0xE3,0x68,0x85,0x81,0x65,0x81,0x65,0x89,0x65,0x79,0x69,0x5A,0xA9,0x5A,0xE7,0x39,
    0x49,0x42,0xEB,0x5A,0xF7,0xBD,0x9A,0xD6,0xDB,0xDE,0x1C,0xE7,0xDB,0xDE,0xFB,0xDE,0xFB,0xDE,0xFB,0xDE,0xFB,0xDE,0xFB,0xDE,0x9A,0xD6,0x14,0xA5,0xF3,0x9C,0x51,0x8C,
    0xEC,0x5A,0x49,0x8C,0x8B,0x94,0x46,0x6B,0x25,0xC6,0xC5,0xBD,0x25,0xC6,0x25,0xC6,0x25,0xC6,0x25,0xC6,0x25,0xC6,0x25,0xC6,0x25,0xC6,0xA6,0xB5,0x25,0xC6,0x25,0xC6,
    0x05,0xC6,0xE5,0xB5,0xA5,0xAD,0x45,0xA5,0x45,0xCE,0x25,0xA5,0xA5,0xB5,0x45,0xCE,0x25,0xC6,0x25,0xC6,0x25,0xC6,0x25,0xC6,0x25,0xC6,0x25,0xC6,0x25,0xC6,0x25,0xC6,
    0x25,0xC6,0x25,0xC6,0x25,0xC6,0x25,0xC6,0x25,0xC6,0x25,0xC6,0x25,0xC6,0x25,0xC6,0x25,0xC6,0x25,0xC6,0xE5,0xBD,0x25,0xC6,0x25,0xC6,0x25,0xCE,0xC5,0x8C,0xC5,0xBD,
    0xC5,0xBD,0x25,0xC6,0x25,0xC6,0x25,0xC6,0x25,0xC6,0x25,0xC6,0x25,0xC6,0x25,0xC6,0x65,0xAD,0x45,0xA5,0x45,0xCE,0x45,0xCE,0xE5,0xBD,0xA5,0x73,0x31,0x84,0xB2,0x94,
    0x8E,0x73,0x38,0xC6,0x59,0xCE,0x38,0xC6,0x1C,0xE7,0xFB,0xDE,0xFB,0xDE,0xFB,0xDE,0xFB,0xDE,0xFB,0xDE,0x9A,0xD6,0x9A,0xD6,0x14,0xA5,0xB6,0xB5,0x96,0xAD,0x6D,0x7B,
    0x28,0x92,0x86,0x89,0x65,0x81,0x65,0x81,0x65,0x81,0x65,0x89,0x65,0x89,0x65,0x81,0x65,0x81,0x65,0x81,0x65,0x81,0x65,0x81,0x65,0x81,0x65,0x81,0x65,0x81,0x65,0x89,
    0x65,0x89,0x65,0x89,0x45,0x79,0x65,0x81,0x65,0x81,0x45,0x81,0x65,0x79,0x24,0x81,0xAA,0x9A,0x58,0xC6,0xF7,0xBD,0xF7,0xC5,0xF7,0xBD,0xD6,0xBD,0xD6,0xBD,0xD6,0xBD,
    0xD6,0xBD,0xD6,0xBD,0xD6,0xBD,0xD6,0xBD,0xD6,0xBD,0xB6,0xBD,0x34,0xAD,0x18,0xC6,0x1C,0xDF,0xDB,0xDE,0xFB,0xDE,0xFB,0xDE,0xFB,0xDE,0xFB,0xDE,0xFB,0xDE,0xFB,0xDE,
    0xFB,0xDE,0xFB,0xDE,0xFB,0xDE,0xFB,0xDE,0xDB,0xDE,0x1C,0xE7,0x18,0xC6,0x24,0x21,0x45,0x79,0x65,0x89,0x65,0x81,0x04,0x69,0xE3,0x48,0x6D,0x6B,0xF0,0x7B,0xF3,0xA4,
    0x92,0x94,0xB2,0x94,0x38,0xC6,0xFB,0xDE,0xDB,0xDE,0xDB,0xDE,0xFB,0xDE,0xFB,0xDE,0xFB,0xDE,0xFB,0xDE,0xFB,0xDE,0xFB,0xDE,0x7D,0xEF,0x34,0xA5,0xCB,0x5A,0xD7,0xBD,
    0xA9,0x52,0xE3,0x62,0x66,0x6B,0x65,0x8C,0x05,0xC6,0x45,0xA5,0x45,0xCE,0x25,0xC6,0x25,0xC6,0x25,0xC6,0x25,0xC6,0x45,0xCE,0xA5,0xB5,0x66,0x9C,0x45,0xCE,0x25,0xC6,
    0xC5,0xB5,0xA5,0xB5,0xE5,0x9C,0xC5,0xBD,0xC5,0xBD,0x45,0xAD,0x45,0xC6,0x25,0xC6,0x25,0xC6,0x25,0xC6,0x25,0xC6,0x25,0xC6,0x25,0xC6,0x25,0xC6,0x25,0xC6,0x25,0xC6,
    0x25,0xC6,0x25,0xC6,0x25,0xC6,0x25,0xC6,0x25,0xC6,0x25,0xC6,0x25,0xC6,0x25,0xC6,0x25,0xC6,0x05,0xC6,0x05,0x84,0x25,0xC6,0x25,0xC6,0x25,0xCE,0xC5,0x94,0x05,0xC6,
    0x05,0xC6,0x25,0xC6,0x25,0xC6,0x25,0xC6,0x25,0xC6,0x25,0xC6,0x05,0xC6,0x65,0xD6,0x84,0x94,0x25,0x84,0x65,0xCE,0x05,0xC6,0x25,0xC6,0xC5,0x6B,0xA8,0x5A,0xC9,0x62,
    0x30,0x84,0xDB,0xDE,0x34,0xA5,0xF7,0xBD,0x59,0xCE,0xFB,0xDE,0xFB,0xDE,0xFB,0xDE,0xFB,0xDE,0xFB,0xDE,0xFB,0xDE,0x18,0xC6,0xAE,0x73,0x0C,0x63,0xAF,0x73,0x86,0x71,
    0x44,0x81,0x45,0x81,0x65,0x81,0x04,0x51,0x24,0x61,0x44,0x69,0x24,0x61,0x45,0x71,0x65,0x81,0x65,0x81,0x65,0x89,0x65,0x89,0x65,0x81,0x65,0x81,0x45,0x79,0x45,0x71,
    0x04,0x51,0x24,0x59,0xE3,0x30,0xE3,0x38,0x04,0x51,0x24,0x61,0xE3,0x38,0x24,0x69,0x65,0x59,0xB6,0xB5,0x17,0xC6,0xF7,0xBD,0xF7,0xBD,0xD6,0xBD,0xD6,0xBD,0xD6,0xBD,
    0xD6,0xBD,0xD6,0xBD,0xD6,0xBD,0xD6,0xBD,0xF6,0xBD,0xB6,0xBD,0x34,0xAD,0x79,0xCE,0xFB,0xDE,0xDB,0xDE,0xFB,0xDE,0xFB,0xDE,0xFB,0xDE,0xFB,0xDE,0xFB,0xDE,0xFB,0xDE,
    0xFB,0xDE,0xFB,0xDE,0xFB,0xDE,0xFB,0xDE,0xDB,0xDE,0x5D,0xEF,0x14,0x9D,0xA2,0x38,0x45,0x69,0x65,0x79,0x45,0x81,0x07,0x7A,0x71,0x8C,0x10,0x84,0xE7,0x39,0x28,0x42,
    0x2C,0x63,0xB6,0xB5,0x3C,0xE7,0xDB,0xDE,0xFB,0xDE,0xFB,0xDE,0xFB,0xDE,0xFB,0xDE,0xFB,0xDE,0xFB,0xDE,0xFB,0xDE,0x59,0xCE,0xB2,0x94,0xD7,0xBD,0x2C,0x63,0x8E,0x73,
    0xC6,0x52,0x65,0x8C,0x65,0xB5,0x45,0xB5,0x45,0xC6,0x25,0xC6,0x25,0xC6,0x25,0xC6,0x25,0xC6,0x25,0xC6,0x25,0xC6,0x45,0xCE,0x65,0xB5,0x85,0xB5,0x45,0xCE,0x25,0xC6,
    0x45,0xAD,0x45,0xA5,0xC5,0xB5,0x45,0xCE,0xE5,0xBD,0x05,0xC6,0x25,0xC6,0x25,0xC6,0x25,0xC6,0x25,0xC6,0x25,0xC6,0x25,0xC6,0x25,0xC6,0x25,0xC6,0x25,0xC6,0x25,0xC6,
    0x25,0xC6,0x25,0xC6,0x25,0xC6,0x25,0xC6,0x25,0xC6,0x25,0xC6,0x25,0xC6,0x25,0xC6,0x25,0xC6,0x25,0xC6,0xC5,0x9C,0x25,0xC6,0x25,0xC6,0x25,0xCE,0xC5,0x8C,0x05,0xBE,
    0x25,0xC6,0x25,0xC6,0xE5,0xBD,0xE5,0xBD,0x45,0xCE,0x25,0xC6,0x05,0xC6,0x85,0xCE,0x66,0x94,0xE6,0x83,0x85,0xD6,0x05,0xC6,0x25,0xC6,0xC6,0x7B,0x84,0xB5,0x05,0x6B,
    0x0E,0x63,0xD7,0xBD,0xB2,0x94,0x34,0xA5,0x9A,0xD6,0xFB,0xDE,0xDB,0xDE,0xFB,0xDE,0xFB,0xDE,0xFB,0xDE,0xDB,0xDE,0xF7,0xBD,0x14,0xA5,0xAE,0x73,0x8A,0x52,0x65,0x69,
    0x45,0x79,0x65,0x81,0x65,0x89,0x04,0x51,0x24,0x61,0x85,0x89,0x65,0x61,0x25,0x71,0x65,0x81,0x45,0x79,0x04,0x51,0x04,0x59,0xC3,0x38,0xA2,0x18,0xE3,0x48,0x24,0x61,
    0xE3,0x20,0xA3,0x20,0xA2,0x10,0xA2,0x10,0xA2,0x20,0xE3,0x38,0x45,0x71,0xC3,0x38,0x0C,0x63,0x38,0xCE,0xF6,0xBD,0xF6,0xBD,0xF6,0xBD,0xD6,0xBD,0xD6,0xBD,0xD6,0xBD,
    0xD6,0xBD,0xD6,0xBD,0xD6,0xBD,0xD6,0xBD,0xF6,0xBD,0xB6,0xBD,0x54,0xAD,0x9A,0xD6,0xFB,0xDE,0xDB,0xDE,0xFB,0xDE,0xFB,0xDE,0xFB,0xDE,0xFB,0xDE,0xFB,0xDE,0xFB,0xDE,
    0xFB,0xDE,0xFB,0xDE,0xFB,0xDE,0xFB,0xDE,0xDB,0xDE,0x5D,0xEF,0x30,0x84,0xE3,0x40,0x44,0x61,0x65,0x81,0x45,0x89,0x86,0x61,0x2C,0x5B,0xAA,0x5A,0xCF,0x7B,0x51,0x8C,
    0x14,0xA5,0x18,0xC6,0xFB,0xDE,0xDB,0xDE,0xFB,0xDE,0xFB,0xDE,0xFB,0xDE,0xFB,0xDE,0xFB,0xDE,0xDB,0xDE,0x5D,0xEF,0x10,0x84,0xD3,0x9C,0xB6,0xB5,0x10,0x7C,0x69,0x52,
    0xE6,0x62,0x65,0xA5,0xE5,0xBD,0x05,0xA5,0x45,0xCE,0x05,0xC6,0x25,0xC6,0x25,0xC6,0x25,0xC6,0x25,0xC6,0x25,0xC6,0x25,0xC6,0x86,0xB5,0xE5,0xC5,0x25,0xC6,0x05,0xC6,
    0xA5,0xB5,0x25,0xC6,0x25,0xC6,0x25,0xC6,0x25,0xC6,0x25,0xC6,0x25,0xC6,0x25,0xC6,0x25,0xC6,0x25,0xC6,0x25,0xC6,0x25,0xC6,0x25,0xC6,0x25,0xC6,0x05,0xBE,0x25,0xBE,
    0x05,0xC6,0x05,0xC6,0x25,0xC6,0x25,0xC6,0x25,0xC6,0x25,0xC6,0x25,0xC6,0x25,0xC6,0x25,0xC6,0xE5,0xBD,0x05,0xBE,0x25,0xCE,0x25,0xC6,0x25,0xCE,0x45,0xA5,0x05,0xBE,
    0x25,0xC6,0x25,0xC6,0xE5,0xBD,0xA5,0xB5,0xC5,0xB5,0xE5,0xBD,0x25,0xC6,0x65,0xCE,0x47,0xAD,0xC5,0x7B,0x85,0xD6,0x25,0xC6,0xE5,0xBD,0x67,0x9C,0x48,0xAD,0xAC,0x7B,
    0x0C,0x84,0x71,0x8C,0xEF,0x7B,0x18,0xC6,0x79,0xCE,0x1C,0xE7,0xDB,0xDE,0xFB,0xDE,0xFB,0xDE,0xDB,0xDE,0xFB,0xDE,0xBA,0xD6,0x18,0xC6,0x1C,0xE7,0xAE,0x73,0x04,0x49,
    0x45,0x79,0x65,0x81,0x65,0x89,0x03,0x39,0x04,0x49,0x24,0x61,0xA3,0x38,0xE3,0x38,0xC3,0x28,0xC3,0x20,0x82,0x08,0xA2,0x08,0xE3,0x10,0xA2,0x10,0xC3,0x28,0xC3,0x28,
    0xC3,0x20,0xC3,0x28,0xC3,0x30,0x04,0x49,0x45,0x79,0x65,0x89,0x82,0x48,0x8A,0x4A,0xDB,0xDE,0x58,0xCE,0xD6,0xBD,0xD6,0xBD,0xD6,0xBD,0xD6,0xBD,0xD6,0xBD,0xD6,0xBD,
    0xD6,0xBD,0xD6,0xBD,0xD6,0xBD,0xD6,0xBD,0xD6,0xBD,0xB5,0xBD,0x33,0xAD,0x79,0xD6,0xFB,0xDE,0xDB,0xDE,0xFB,0xDE,0xFB,0xDE,0xFB,0xDE,0xFB,0xDE,0xFB,0xDE,0xFB,0xDE,
    0xFB,0xDE,0xFB,0xDE,0xFB,0xDE,0xDB,0xDE,0xFB,0xDE,0x9A,0xD6,0xE7,0x41,0x45,0x71,0x65,0x81,0x65,0x81,0x45,0x81,0x65,0x71,0x86,0x39,0x86,0x31,0x08,0x42,0x0C,0x63,
    0x30,0x84,0xFB,0xDE,0xFB,0xDE,0xFB,0xDE,0xFB,0xDE,0xFB,0xDE,0xFB,0xDE,0xFB,0xDE,0xDB,0xDE,0xFB,0xDE,0xDB,0xDE,0x13,0xA5,0x38,0xC6,0xD2,0x94,0xE6,0x73,0xC6,0x39,
    0x86,0x84,0x05,0xBE,0xA5,0xB5,0xC5,0xBD,0x45,0xC6,0x25,0xC6,0x25,0xC6,0x25,0xC6,0x25,0xC6,0x25,0xC6,0x25,0xC6,0x25,0xC6,0x65,0x8C,0x25,0xC6,0x25,0xC6,0x25,0xC6,
    0x25,0xC6,0x25,0xC6,0x25,0xC6,0x25,0xC6,0x25,0xC6,0x25,0xC6,0x25,0xC6,0x25,0xC6,0x25,0xC6,0x25,0xC6,0x25,0xC6,0x25,0xC6,0x25,0xC6,0x25,0xCE,0xE4,0xAD,0xA4,0x9D,
    0x05,0xC6,0x25,0xC6,0x25,0xC6,0x25,0xC6,0x25,0xC6,0x25,0xC6,0x25,0xC6,0x25,0xC6,0x45,0xCE,0xA5,0xB5,0xA5,0xB5,0x45,0xCE,0x25,0xC6,0x25,0xC6,0x25,0xC6,0x25,0xC6,
    0x25,0xC6,0x25,0xC6,0x25,0xC6,0x45,0xC6,0x05,0xA5,0x05,0xA5,0x45,0xCE,0x45,0xCE,0x24,0xA5,0xA4,0x73,0x85,0xD6,0x05,0xC6,0x25,0xC6,0x24,0xC6,0xA8,0x9C,0xE9,0x83,
    0x04,0xA5,0xEB,0x5A,0xCB,0x5A,0x79,0xCE,0x75,0xAD,0xFB,0xDE,0xFB,0xDE,0xFB,0xDE,0xFB,0xDE,0xDB,0xDE,0x1C,0xE7,0xD7,0xBD,0xAE,0x73,0x8E,0x73,0xB2,0x94,0x86,0x79,
    0x45,0x89,0x65,0x81,0x65,0x89,0x04,0x51,0xA2,0x30,0xAA,0x62,0x8A,0x4A,0xA2,0x20,0xA2,0x20,0x03,0x21,0x48,0x4A,0xA6,0x31,0x24,0x21,0xA2,0x20,0x45,0x69,0xA2,0x10,
    0xE3,0x40,0x24,0x59,0x24,0x61,0x86,0x91,0x45,0x81,0x85,0x61,0xAA,0x52,0x35,0xA5,0xDB,0xDE,0x38,0xC6,0xD6,0xBD,0xD6,0xBD,0xD6,0xBD,0xD6,0xBD,0xD6,0xBD,0xD6,0xBD,
    0xD6,0xBD,0xD6,0xBD,0xD6,0xBD,0xD6,0xBD,0xD6,0xBD,0x95,0xB5,0x13,0xAD,0x79,0xD6,0xFB,0xDE,0xDB,0xDE,0xFB,0xDE,0xFB,0xDE,0xFB,0xDE,0xFB,0xDE,0xFB,0xDE,0xFB,0xDE,
    0xFB,0xDE,0xFB,0xDE,0xFB,0xDE,0xDB,0xDE,0x1C,0xE7,0xD7,0xB5,0x44,0x49,0x65,0x89,0x65,0x81,0x65,0x81,0x45,0x89,0xC6,0x69,0x28,0x42,0x08,0x42,0x34,0xA5,0x38,0xC6,
    0x79,0xCE,0xFB,0xDE,0xFB,0xDE,0xFB,0xDE,0xFB,0xDE,0xFB,0xDE,0xFB,0xDE,0xFB,0xDE,0xFB,0xDE,0x1C,0xE7,0xF7,0xBD,0xD3,0x9C,0x52,0x8C,0x2C,0xBE,0xA8,0x94,0x69,0x73,
    0x64,0xAD,0xC5,0xB5,0x45,0xA5,0x65,0xCE,0xE5,0xBD,0x65,0xAD,0x25,0xC6,0x25,0xC6,0x45,0xCE,0xA5,0xB5,0x45,0xA5,0x05,0xC6,0xE5,0x9C,0x25,0xC6,0x25,0xC6,0x25,0xC6,
    0x25,0xC6,0x25,0xC6,0x25,0xC6,0x25,0xC6,0x25,0xC6,0x25,0xC6,0x25,0xC6,0x25,0xC6,0x25,0xC6,0x25,0xC6,0x25,0xC6,0x25,0xC6,0x25,0xC6,0x45,0xCE,0x66,0xAD,0x26,0x7C,
    0x65,0x94,0xC5,0xBD,0x45,0xC6,0x25,0xC6,0x25,0xC6,0x25,0xC6,0x25,0xC6,0x25,0xC6,0x65,0xCE,0x25,0xA5,0xA5,0x9C,0x65,0xCE,0x05,0xC6,0x25,0xC6,0x25,0xC6,0x25,0xC6,
    0x25,0xC6,0x25,0xC6,0x25,0xCE,0x65,0xAD,0x05,0xC6,0x25,0xC6,0x25,0xC6,0x25,0xC6,0xE5,0xBD,0x25,0xA5,0x45,0xCE,0x25,0xC6,0x25,0xC6,0x25,0xC6,0xE5,0xBD,0xE4,0x8B,
    0xE5,0x9C,0x88,0x52,0x29,0x42,0x6D,0x73,0xD7,0xBD,0x9A,0xD6,0xBA,0xD6,0xFB,0xDE,0xFB,0xDE,0xFB,0xDE,0xFB,0xDE,0xFB,0xDE,0x79,0xCE,0xAE,0x73,0x30,0x84,0x08,0x52,
    0x44,0x79,0x65,0x81,0x65,0x89,0x45,0x71,0x82,0x18,0x69,0x52,0xAE,0x73,0xA6,0x31,0x4C,0x63,0xF3,0x9C,0x55,0xAD,0xD7,0xBD,0xCF,0x7B,0xA2,0x18,0x25,0x71,0x45,0x71,
    0x65,0x81,0x65,0x89,0x45,0x61,0x03,0x51,0x25,0x41,0xD7,0xB5,0x5D,0xEF,0x1C,0xE7,0xFB,0xDE,0x18,0xC6,0xD6,0xBD,0xD6,0xBD,0xD6,0xBD,0xD6,0xBD,0xD6,0xBD,0xD6,0xBD,
    0xD6,0xBD,0xD6,0xBD,0xD6,0xBD,0xD6,0xBD,0xD6,0xBD,0x74,0xB5,0x13,0xAD,0x79,0xD6,0xFB,0xDE,0xDB,0xDE,0xFB,0xDE,0xFB,0xDE,0xFB,0xDE,0xFB,0xDE,0xFB,0xDE,0xFB,0xDE,
    0xFB,0xDE,0xFB,0xDE,0xFB,0xDE,0xDB,0xDE,0x5D,0xEF,0x6D,0x6B,0xE3,0x58,0x65,0x89,0x65,0x81,0x65,0x81,0x45,0x71,0x64,0x41,0x0B,0x5B,0x2C,0x63,0x10,0x84,0x96,0xB5,
    0x79,0xCE,0xFB,0xDE,0xDB,0xDE,0xFB,0xDE,0xFB,0xDE,0xFB,0xDE,0xDB,0xDE,0xFB,0xDE,0xBA,0xD6,0xB6,0xB5,0x99,0xD6,0x6E,0x6B,0x29,0x63,0x25,0xBE,0xE6,0x7B,0xE5,0x83,
    0x45,0xBE,0xA5,0x9C,0x25,0xC6,0x25,0xC6,0xE5,0xC5,0xA5,0xBD,0x25,0xC6,0x25,0xC6,0x45,0xCE,0x65,0xAD,0xA5,0xB5,0xC5,0xBD,0xA5,0xB5,0x45,0xCE,0x25,0xC6,0xC5,0x9C,
    0x05,0xC6,0x25,0xC6,0x25,0xC6,0x25,0xC6,0x25,0xC6,0x25,0xC6,0x25,0xC6,0x25,0xC6,0x25,0xC6,0x25,0xC6,0x25,0xC6,0x25,0xC6,0x05,0xC6,0x65,0xCE,0x87,0x9C,0xE8,0x83,
    0xA4,0x9C,0xC5,0xBD,0x45,0xC6,0x25,0xC6,0x25,0xC6,0x25,0xC6,0x25,0xC6,0x25,0xC6,0x65,0xCE,0xA5,0x8C,0xE4,0x7B,0x85,0xD6,0x05,0xC6,0x25,0xC6,0x25,0xC6,0x25,0xC6,
    0x25,0xC6,0x25,0xC6,0x25,0xC6,0xE5,0xBD,0x05,0xC6,0x85,0xB5,0x25,0xC6,0x25,0xC6,0x25,0xC6,0x45,0xCE,0x25,0xC6,0x45,0xCE,0x85,0xAD,0x05,0xBE,0x65,0xCE,0x25,0x94,
    0xC6,0xBD,0xA8,0x52,0x8B,0x52,0x75,0xAD,0x18,0xC6,0x14,0xA5,0xBA,0xD6,0xDB,0xDE,0xFB,0xDE,0xFB,0xDE,0xDB,0xDE,0x1C,0xE7,0x79,0xCE,0x79,0xCE,0x79,0xCE,0xCA,0x62,
    0x04,0x79,0x65,0x89,0x45,0x71,0x45,0x69,0x61,0x18,0xEB,0x5A,0x34,0xA5,0x14,0xA5,0x71,0x8C,0x79,0xCE,0x34,0xA5,0x1C,0xE7,0xDB,0xDE,0x24,0x21,0x24,0x61,0x66,0x91,
    0x65,0x89,0x04,0x69,0x61,0x30,0x45,0x21,0x92,0x94,0xFB,0xE6,0xDB,0xDE,0xDB,0xDE,0xDB,0xDE,0x17,0xC6,0xD6,0xBD,0xD6,0xBD,0xD6,0xBD,0xD6,0xBD,0xD6,0xBD,0xD6,0xBD,
    0x74,0xB5,0x74,0xB5,0x74,0xB5,0x74,0xB5,0x74,0xB5,0x54,0xAD,0x33,0xAD,0x79,0xD6,0xFB,0xDE,0xDB,0xDE,0xFB,0xDE,0xFB,0xDE,0xFB,0xDE,0xFB,0xDE,0xFB,0xDE,0xFB,0xDE,
    0xFB,0xDE,0xFB,0xDE,0xFB,0xDE,0xDB,0xDE,0x3C,0xE7,0x69,0x52,0xE3,0x48,0x85,0x89,0x65,0x81,0x65,0x81,0x45,0x71,0x45,0x59,0x08,0x52,0x28,0x42,0x8E,0x73,0xF3,0x9C,
    0x9A,0xD6,0xFB,0xDE,0xDB,0xDE,0xFB,0xDE,0xFB,0xDE,0xFB,0xDE,0xDB,0xDE,0x1C,0xE7,0x79,0xCE,0x92,0x94,0x92,0x94,0x34,0xA5,0xB1,0x94,0xA8,0x94,0x45,0xA5,0xA7,0x94,
    0x25,0x84,0x45,0xAD,0x45,0xCE,0x25,0xC6,0x25,0xC6,0x45,0xCE,0x25,0xC6,0x25,0xC6,0x05,0xC6,0xE5,0x9C,0x65,0xCE,0x45,0x8C,0x85,0xB5,0x65,0xCE,0xC5,0xB5,0x05,0xA5,
    0x45,0xCE,0x25,0xC6,0xE5,0xBD,0xE5,0xBD,0x25,0xC6,0x25,0xC6,0x25,0xC6,0x25,0xC6,0x25,0xC6,0x05,0xC6,0xE5,0xBD,0x25,0xC6,0x05,0xC6,0x85,0xCE,0x45,0x8C,0x06,0x84,
    0x45,0xC6,0x25,0xC6,0x25,0xC6,0x25,0xC6,0x25,0xC6,0x25,0xC6,0x25,0xC6,0x25,0xC6,0x45,0xCE,0xA5,0x63,0x45,0xA5,0x45,0xCE,0x25,0xC6,0x25,0xC6,0x25,0xC6,0x25,0xC6,
    0x25,0xC6,0x25,0xC6,0x25,0xC6,0x25,0xC6,0x25,0xC6,0xE5,0x94,0x05,0xC6,0x25,0xC6,0x25,0xC6,0x25,0xC6,0x25,0xC6,0x85,0xB5,0x85,0xAD,0x05,0xC6,0x45,0xCE,0xE5,0x9C,
    0x66,0xAD,0x8A,0x73,0x6A,0x6B,0x96,0xB5,0xB6,0xB5,0xB6,0xB5,0xDB,0xDE,0xDB,0xDE,0xFB,0xDE,0xFB,0xDE,0xFB,0xDE,0xDB,0xDE,0x1C,0xE7,0xD3,0x9C,0x75,0xAD,0x34,0xA5,
    0xC7,0x79,0x45,0x89,0x24,0x61,0xC3,0x20,0xE3,0x28,0xA6,0x31,0x0C,0x63,0xD3,0x9C,0xF7,0xBD,0x38,0xC6,0x59,0xCE,0x9A,0xD6,0x3C,0xE7,0x69,0x4A,0xA2,0x30,0x65,0x79,
    0xC3,0x40,0x28,0x42,0xB2,0x8C,0x18,0xC6,0x5D,0xEF,0xDB,0xDE,0xFB,0xDE,0xFB,0xDE,0xDB,0xDE,0x38,0xC6,0xD6,0xBD,0xD6,0xBD,0xD6,0xBD,0xD6,0xBD,0xD6,0xBD,0xD6,0xBD,
    0x54,0xAD,0x54,0xAD,0x54,0xAD,0x34,0xAD,0x34,0xAD,0x54,0xAD,0x33,0xAD,0x79,0xD6,0xFB,0xDE,0xDB,0xDE,0xFB,0xDE,0xFB,0xDE,0xFB,0xDE,0xFB,0xDE,0xFB,0xDE,0xFB,0xDE,
    0xFB,0xDE,0xFB,0xDE,0xDB,0xDE,0x3C,0xE7,0xB6,0xB5,0x04,0x41,0x25,0x71,0x65,0x81,0x65,0x81,0x65,0x89,0x45,0x71,0xA2,0x30,0x08,0x52,0xCF,0x7B,0x71,0x8C,0x4D,0x6B,
    0x38,0xC6,0x1C,0xE7,0xDB,0xDE,0xFB,0xDE,0xFB,0xDE,0xFB,0xDE,0xFB,0xDE,0x59,0xCE,0xFB,0xDE,0x54,0xAD,0x69,0x4A,0x23,0x21,0xC9,0x94,0xEA,0x6A,0x06,0x84,0xE7,0x52,
    0x69,0x73,0x65,0xCE,0x25,0xC6,0x25,0xC6,0x25,0xC6,0x25,0xC6,0x25,0xC6,0x25,0xC6,0x06,0xC6,0xA6,0xBD,0x45,0xCE,0xA7,0x9C,0xE6,0xBD,0x85,0xD6,0x65,0x94,0xA5,0x9C,
    0x65,0xCE,0x65,0xCE,0xC5,0x9C,0x05,0xA5,0x65,0xCE,0x25,0xC6,0x25,0xC6,0x25,0xC6,0x45,0xCE,0x85,0xB5,0xC5,0x9C,0x65,0xCE,0x05,0xC6,0x65,0xD6,0x65,0x8C,0x26,0x84,
    0xC5,0xBD,0x25,0xC6,0x25,0xC6,0x25,0xC6,0x25,0xC6,0x25,0xC6,0x25,0xC6,0x25,0xC6,0x45,0xCE,0x67,0x73,0xA5,0xBD,0x45,0xCE,0x25,0xC6,0x25,0xC6,0x25,0xC6,0xA5,0xB5,
    0x25,0xC6,0x25,0xC6,0x25,0xC6,0x25,0xC6,0x25,0xC6,0x05,0xBE,0x25,0xC6,0x25,0xC6,0x25,0xC6,0x25,0xC6,0x25,0xC6,0x85,0xB5,0x25,0xC6,0x25,0xC6,0x25,0xC6,0x25,0xC6,
    0x06,0x9D,0xE5,0x83,0xE5,0x7B,0x52,0x8C,0x30,0x84,0x96,0xB5,0x96,0xB5,0x1C,0xE7,0xDB,0xDE,0xFB,0xDE,0xFB,0xDE,0xDB,0xDE,0xFB,0xDE,0xB6,0xB5,0xD3,0x9C,0x30,0x84,
    0x49,0x4A,0x24,0x69,0x65,0x79,0xA2,0x10,0x24,0x59,0x45,0x41,0x8E,0x6B,0xB2,0x94,0xDB,0xDE,0xD7,0xBD,0x1C,0xE7,0xDB,0xDE,0x79,0xD6,0x92,0x94,0x41,0x10,0xC3,0x38,
    0xCF,0x83,0xFB,0xDE,0x7D,0xEF,0x1C,0xE7,0xDB,0xDE,0xFB,0xDE,0xFB,0xDE,0xFB,0xDE,0xFB,0xDE,0x37,0xC6,0x95,0xB5,0x95,0xB5,0x95,0xB5,0x95,0xB5,0x95,0xB5,0x95,0xB5,
    0x54,0xAD,0x54,0xAD,0x54,0xAD,0x34,0xAD,0x34,0xAD,0x33,0xAD,0x33,0xAD,0x79,0xD6,0xFB,0xDE,0xDB,0xDE,0xFB,0xDE,0xFB,0xDE,0xFB,0xDE,0xFB,0xDE,0xFB,0xDE,0xFB,0xDE,
    0xFB,0xDE,0xFB,0xDE,0xDB,0xDE,0x5D,0xEF,0x10,0x84,0x61,0x30,0x65,0x81,0x65,0x81,0x45,0x81,0x04,0x51,0x44,0x49,0xC3,0x50,0x24,0x29,0x8E,0x73,0xD7,0xBD,0x14,0xA5,
    0x18,0xC6,0x1C,0xE7,0xDB,0xDE,0xFB,0xDE,0xDB,0xDE,0xFB,0xDE,0x18,0xC6,0x51,0x8C,0xF3,0x9C,0xBA,0xD6,0x72,0x8C,0x0B,0x5B,0x68,0x84,0x87,0x73,0x45,0x84,0x2A,0x84,
    0x07,0xA5,0x45,0xCE,0x25,0xC6,0x25,0xC6,0x25,0xC6,0x25,0xC6,0x25,0xC6,0x45,0xCE,0xE4,0x9C,0xC5,0xBD,0x05,0xC6,0x25,0xAD,0x45,0xCE,0x65,0xCE,0x45,0x94,0x25,0xAD,
    0x45,0xCE,0x65,0xCE,0x64,0x94,0xC5,0x9C,0x65,0xCE,0x05,0xC6,0x25,0xC6,0x25,0xC6,0x65,0xCE,0x45,0xAD,0x04,0x8C,0x85,0xCE,0x05,0xC6,0x85,0xD6,0x24,0x84,0x04,0x63,
    0x05,0xA5,0x45,0xCE,0x05,0xC6,0x25,0xC6,0x25,0xC6,0x25,0xC6,0x25,0xC6,0x45,0xC6,0xC6,0xBD,0xA6,0x52,0x05,0xC6,0x25,0xC6,0x25,0xC6,0x25,0xC6,0x25,0xC6,0x65,0xA5,
    0x25,0xC6,0x25,0xC6,0x25,0xC6,0x25,0xC6,0x25,0xC6,0x25,0xC6,0x25,0xC6,0x25,0xC6,0x25,0xC6,0x25,0xC6,0x25,0xC6,0x05,0xC6,0x05,0x9D,0x25,0xCE,0x45,0xCE,0x25,0xC6,
    0x45,0xCE,0x45,0xAD,0x64,0x6B,0xAF,0x73,0x54,0xAD,0xD7,0xBD,0xB2,0x94,0x5D,0xEF,0xDB,0xDE,0xFB,0xDE,0xFB,0xDE,0xFB,0xDE,0xFB,0xDE,0xFB,0xDE,0x10,0x84,0x2C,0x63,
    0x0C,0x6B,0x24,0x59,0x45,0x71,0xE3,0x40,0xC3,0x38,0x45,0x49,0xAA,0x4A,0xB2,0x94,0x1C,0xE7,0xFB,0xDE,0xDB,0xDE,0x96,0xB5,0x51,0x8C,0xB6,0xBD,0xC3,0x18,0xEF,0x7B,
    0x5D,0xEF,0xFB,0xDE,0xDB,0xDE,0xDB,0xDE,0xFB,0xDE,0xFB,0xDE,0xFB,0xDE,0xFB,0xDE,0xFB,0xDE,0x17,0xC6,0x54,0xB5,0x54,0xB5,0x54,0xB5,0x74,0xB5,0x74,0xB5,0x74,0xB5,
    0xD6,0xBD,0xD6,0xBD,0xB5,0xBD,0xB5,0xBD,0xB5,0xBD,0x95,0xB5,0x95,0xB5,0xBA,0xD6,0xFB,0xDE,0xFB,0xDE,0xFB,0xDE,0xFB,0xDE,0xFB,0xDE,0xFB,0xDE,0xFB,0xDE,0xFB,0xDE,
    0xFB,0xDE,0xFB,0xDE,0xFB,0xDE,0xFB,0xDE,0xE7,0x51,0x04,0x71,0x65,0x81,0x65,0x89,0x24,0x69,0x04,0x49,0x45,0x71,0x69,0x5A,0x92,0x8C,0x79,0xD6,0xFB,0xDE,0x5D,0xEF,
    0x1C,0xE7,0xDB,0xDE,0xFB,0xDE,0xBA,0xD6,0xDB,0xDE,0x7D,0xEF,0xF7,0xBD,0xAA,0x52,0xAA,0x52,0xB6,0xB5,0xD6,0xBD,0xCF,0x7B,0x28,0x63,0x84,0x5B,0xA5,0x8C,0x66,0x73,
    0x45,0x8C,0xE5,0xBD,0x25,0xC6,0x25,0xC6,0x25,0xC6,0x25,0xC6,0x25,0xC6,0x25,0xC6,0x69,0x8C,0x05,0xC6,0xE6,0xBD,0xA6,0xB5,0x25,0xC6,0x45,0xCE,0xA5,0x83,0x85,0xB5,
    0x45,0xC6,0x85,0xD6,0x44,0x84,0x84,0x94,0x85,0xD6,0x05,0xC6,0x25,0xC6,0x25,0xC6,0x45,0xCE,0x46,0xAD,0x45,0x8C,0x65,0xCE,0x05,0xC6,0x65,0xCE,0x43,0x6B,0x26,0x63,
    0x45,0xA5,0x65,0xCE,0x25,0xC6,0x25,0xC6,0x25,0xC6,0x25,0xC6,0x25,0xC6,0x65,0xCE,0x45,0xAD,0xA4,0x5A,0x65,0xCE,0x05,0xC6,0x25,0xC6,0x25,0xC6,0x25,0xC6,0x85,0xAD,
    0x25,0xC6,0x25,0xC6,0x25,0xC6,0x25,0xC6,0x25,0xC6,0x25,0xC6,0x25,0xC6,0x25,0xC6,0x25,0xC6,0x25,0xC6,0x25,0xC6,0x25,0xC6,0xA5,0xBD,0x45,0xCE,0x05,0xA5,0xE5,0xBD,
    0x25,0xCE,0xE5,0xBD,0xE7,0x5A,0x52,0x8C,0x0C,0x63,0x51,0x8C,0xD3,0x9C,0xBA,0xD6,0xFB,0xDE,0xFB,0xDE,0xFB,0xDE,0xFB,0xDE,0xDB,0xDE,0xFB,0xDE,0xAE,0x73,0xEF,0x7B,
    0x8E,0x7B,0xE3,0x20,0x03,0x39,0x24,0x69,0x82,0x00,0xA2,0x18,0x86,0x31,0x79,0xCE,0xB2,0x94,0x18,0xC6,0xDB,0xDE,0x10,0x84,0x45,0x29,0x14,0xA5,0x2C,0x63,0xB2,0x9C,
    0x5D,0xEF,0xDB,0xDE,0xFB,0xDE,0xFB,0xDE,0xFB,0xDE,0xFB,0xDE,0xFB,0xDE,0xFB,0xDE,0xFB,0xDE,0x17,0xC6,0x74,0xB5,0x54,0xB5,0x54,0xB5,0x74,0xB5,0x74,0xB5,0x74,0xB5,
    0xF7,0xC5,0xF7,0xC5,0xF7,0xC5,0xF7,0xC5,0xF7,0xC5,0xD6,0xBD,0xD6,0xBD,0xDB,0xDE,0xFB,0xDE,0xFB,0xDE,0xFB,0xDE,0xFB,0xDE,0xFB,0xDE,0xFB,0xDE,0xFB,0xDE,0xFB,0xDE,
    0xFB,0xDE,0xDB,0xDE,0x1C,0xE7,0x58,0xC6,0x65,0x49,0x45,0x81,0x65,0x81,0x65,0x81,0x45,0x79,0x03,0x51,0x28,0x4A,0x92,0x8C,0xD7,0xBD,0xFB,0xDE,0xDB,0xDE,0xDB,0xDE,
    0xDB,0xDE,0xFB,0xDE,0xFB,0xDE,0x79,0xCE,0x75,0xAD,0xF7,0xBD,0x71,0x8C,0x6D,0x6B,0xCF,0x7B,0x30,0x84,0x8D,0x8C,0x4B,0x7C,0xA4,0x4A,0x24,0x42,0xC7,0x7B,0x46,0x8C,
    0xC5,0xBD,0x05,0xC6,0x25,0xC6,0x25,0xC6,0x25,0xC6,0x25,0xC6,0x45,0xCE,0xC5,0xBD,0xA8,0xB5,0x85,0xD6,0xC6,0x9C,0x26,0xAD,0x45,0xCE,0x66,0xCE,0x46,0x73,0x65,0xB5,
    0x45,0xCE,0x85,0xD6,0x24,0x84,0xA4,0x94,0x85,0xD6,0x05,0xC6,0x25,0xC6,0x25,0xC6,0x65,0xCE,0x07,0xA5,0xE9,0xA4,0x64,0xCE,0x05,0xC6,0x85,0xD6,0xC6,0x7B,0x89,0x8C,
    0x85,0xB5,0x45,0xCE,0x25,0xC6,0x25,0xC6,0x25,0xC6,0x25,0xC6,0x25,0xC6,0x45,0xCE,0x25,0xA5,0x47,0x8C,0x65,0xCE,0x25,0xC6,0x25,0xC6,0x25,0xC6,0x25,0xC6,0x69,0xCE,
    0x25,0xC6,0x25,0xC6,0x25,0xC6,0x25,0xC6,0x25,0xC6,0x25,0xC6,0x25,0xC6,0x25,0xC6,0x25,0xC6,0x25,0xC6,0x25,0xC6,0x25,0xC6,0x05,0xC6,0x06,0xC6,0xC7,0x9C,0x05,0xC6,
    0x25,0xC6,0x45,0xCE,0xE9,0xA4,0x49,0x4A,0x8D,0x73,0xD3,0x9C,0x10,0x84,0xB6,0xB5,0xDB,0xDE,0xBA,0xD6,0xFB,0xDE,0xFB,0xDE,0xDB,0xDE,0x5D,0xEF,0xD3,0x9C,0x71,0x8C,
    0x0F,0x8C,0x04,0x61,0x24,0x61,0x65,0x81,0xE3,0x30,0x41,0x00,0xC7,0x39,0x1C,0xE7,0xBA,0xD6,0xDB,0xDE,0x79,0xCE,0x6D,0x6B,0x49,0x4A,0x4D,0x6B,0x34,0xA5,0xCF,0x7B,
    0x3C,0xE7,0xDB,0xDE,0xFB,0xDE,0xFB,0xDE,0xFB,0xDE,0xFB,0xDE,0xFB,0xDE,0xFB,0xDE,0xFB,0xDE,0x58,0xCE,0xF7,0xC5,0xF7,0xC5,0xF7,0xC5,0xF7,0xC5,0xF6,0xBD,0xF6,0xBD,
    0xF7,0xC5,0xF7,0xC5,0xF7,0xC5,0xF6,0xC5,0xF7,0xC5,0xD6,0xBD,0xD6,0xBD,0xDB,0xDE,0xFB,0xDE,0xFB,0xDE,0xFB,0xDE,0xFB,0xDE,0xFB,0xDE,0xFB,0xDE,0xFB,0xDE,0xFB,0xDE,
    0xFB,0xDE,0xDB,0xDE,0x1C,0xE7,0xF8,0xBD,0x45,0x49,0x45,0x81,0x65,0x81,0x45,0x79,0xA6,0x71,0xEB,0x6A,0x2C,0x63,0x14,0xA5,0xFB,0xDE,0xFB,0xDE,0xFB,0xDE,0xFB,0xDE,
    0xFB,0xDE,0xFB,0xDE,0xDB,0xDE,0x3C,0xE7,0x96,0xB5,0x71,0x8C,0x4D,0x6B,0xC7,0x39,0xB2,0x94,0x31,0x84,0x4D,0x8C,0x88,0xAD,0xA5,0x8C,0xA5,0x7B,0x65,0xB5,0x05,0x84,
    0x05,0xBE,0x25,0xCE,0x25,0xC6,0x25,0xC6,0x25,0xC6,0x05,0xC6,0x65,0xCE,0x85,0x94,0x44,0xAD,0x85,0xD6,0xC6,0x9C,0x26,0xAD,0x85,0xD6,0x26,0xAD,0x06,0x7C,0x05,0xBE,
    0x05,0xC6,0x85,0xD6,0x25,0x63,0x25,0x84,0x85,0xD6,0x05,0xC6,0x25,0xC6,0x05,0xC6,0x85,0xD6,0x65,0x94,0x65,0x8C,0x65,0xCE,0x25,0xC6,0xC5,0xB5,0xC7,0x94,0x4E,0xAD,
    0x66,0xB5,0x45,0xCE,0x25,0xC6,0x25,0xC6,0x25,0xC6,0x25,0xC6,0x05,0xC6,0x85,0xD6,0x84,0x6B,0x05,0xA5,0x65,0xCE,0x25,0xC6,0x25,0xC6,0x25,0xC6,0x05,0xBE,0xA8,0x94,
    0xA5,0xB5,0x45,0xCE,0x25,0xC6,0x25,0xC6,0x25,0xC6,0xE5,0xBD,0xE5,0xBD,0x25,0xC6,0x25,0xC6,0x25,0xC6,0x25,0xC6,0x25,0xC6,0xE7,0xBD,0x05,0xC6,0xC5,0xBD,0x45,0xCE,
    0x05,0xC6,0x65,0xCE,0x65,0xAD,0xA3,0x10,0x4C,0x6B,0xD3,0x9C,0xC7,0x39,0x71,0x8C,0x18,0xC6,0xBA,0xD6,0xFB,0xDE,0xFB,0xDE,0xDB,0xDE,0x1C,0xE7,0xF7,0xBD,0x2C,0x63,
    0x69,0x5A,0x45,0x79,0x65,0x89,0x65,0x81,0x65,0x81,0x82,0x18,0x28,0x42,0xFB,0xDE,0xFB,0xDE,0xBA,0xD6,0x18,0xC6,0x6D,0x6B,0xCF,0x7B,0x8A,0x52,0x92,0x94,0xCB,0x5A,
    0x3C,0xE7,0xDB,0xDE,0xFB,0xDE,0xFB,0xDE,0xFB,0xDE,0xFB,0xDE,0xFB,0xDE,0xFB,0xDE,0xFB,0xDE,0x59,0xCE,0x17,0xC6,0x17,0xC6,0x17,0xC6,0x17,0xC6,0x17,0xC6,0x17,0xC6,
    0xD6,0xBD,0xD6,0xBD,0xB6,0xBD,0xB5,0xBD,0xB6,0xBD,0x74,0xB5,0x95,0xB5,0xDB,0xDE,0xFB,0xDE,0xFB,0xDE,0xFB,0xDE,0xFB,0xDE,0xFB,0xDE,0xFB,0xDE,0xFB,0xDE,0xFB,0xDE,
    0xFB,0xDE,0xDB,0xDE,0x5D,0xE7,0x51,0x8C,0x04,0x61,0x65,0x89,0x65,0x81,0x45,0x81,0xC7,0x91,0x8E,0x83,0xB2,0x94,0xF7,0xBD,0xFB,0xDE,0xDB,0xDE,0xFB,0xDE,0xFB,0xDE,
    0xFB,0xDE,0xDB,0xDE,0xFB,0xDE,0x59,0xCE,0x34,0xA5,0xD3,0x9C,0x55,0xAD,0xCB,0x5A,0xD3,0x9C,0xD1,0x9C,0xA9,0x52,0x49,0x84,0xA4,0xAD,0x06,0x7C,0xC5,0x9C,0x67,0xAD,
    0xE5,0xBD,0x25,0xC6,0x25,0xC6,0x25,0xC6,0x25,0xC6,0x05,0xC6,0x65,0xCE,0xE5,0x7B,0x85,0xB5,0x45,0xCE,0xC5,0x9C,0x05,0xC6,0x85,0xD6,0x64,0x8C,0x25,0x84,0x85,0xD6,
    0x05,0xC6,0x45,0xCE,0x47,0x63,0x67,0x94,0x85,0xCE,0x05,0xC6,0x25,0xC6,0x25,0xC6,0xE5,0xBD,0x06,0x63,0xE5,0xBD,0x25,0xC6,0x45,0xCE,0x25,0xA5,0xC4,0x73,0x64,0x73,
    0x25,0xAD,0x65,0xCE,0x25,0xC6,0x25,0xC6,0x25,0xC6,0x25,0xC6,0x25,0xC6,0x25,0xCE,0xC4,0x5A,0x85,0xB5,0x45,0xCE,0x25,0xC6,0x25,0xC6,0x45,0xCE,0x85,0xB5,0x25,0x6B,
    0x65,0xB5,0x45,0xCE,0x25,0xC6,0x25,0xC6,0x45,0xCE,0x85,0xB5,0xA5,0xB5,0x45,0xCE,0x25,0xC6,0x25,0xC6,0x25,0xC6,0x25,0xC6,0x66,0xAD,0x25,0xC6,0x25,0xC6,0x25,0xC6,
    0x25,0xC6,0xE5,0xBD,0x85,0xAD,0xC5,0x52,0x0D,0x63,0x71,0x8C,0xCB,0x5A,0x4D,0x6B,0x75,0xAD,0x1C,0xE7,0xDB,0xDE,0xFB,0xDE,0xFB,0xDE,0xFB,0xDE,0x79,0xD6,0x92,0x8C,
    0xCF,0x8B,0x29,0x92,0x45,0x81,0x65,0x81,0x65,0x89,0xE3,0x50,0x65,0x21,0xFB,0xDE,0xFB,0xDE,0x79,0xCE,0x55,0xAD,0x8E,0x73,0x14,0xA5,0x6D,0x6B,0x10,0x84,0x0C,0x63,
    0xDB,0xDE,0xFB,0xDE,0xDB,0xDE,0xFB,0xDE,0xFB,0xDE,0xFB,0xDE,0xFB,0xDE,0xFB,0xDE,0xFB,0xDE,0x79,0xCE,0x17,0xC6,0x17,0xC6,0x17,0xC6,0x17,0xC6,0xF7,0xC5,0xF7,0xC5,
    0xB5,0xBD,0xB5,0xBD,0xB5,0xBD,0xB5,0xBD,0x95,0xBD,0x54,0xB5,0x74,0xB5,0xDB,0xDE,0xFB,0xDE,0xFB,0xDE,0xFB,0xDE,0xFB,0xDE,0xFB,0xDE,0xFB,0xDE,0xFB,0xDE,0xFB,0xDE,
    0xFB,0xDE,0xFB,0xDE,0xDB,0xDE,0x4C,0x7B,0x24,0x79,0x65,0x81,0x65,0x81,0x65,0x89,0x08,0x72,0xEF,0x7B,0xD3,0x9C,0x92,0x94,0x59,0xCE,0x1C,0xE7,0xDB,0xDE,0xFB,0xDE,
    0xFB,0xDE,0xFB,0xDE,0x1C,0xE7,0x3C,0xE7,0x55,0xAD,0x6D,0x6B,0x59,0xCE,0x75,0xAD,0x2C,0x63,0x33,0xA5,0x72,0xB5,0x64,0x84,0x65,0x95,0x4B,0x8C,0xE5,0x9C,0xA5,0x8C,
    0x05,0xBE,0x25,0xC6,0x05,0xC6,0x25,0xC6,0x25,0xC6,0x45,0xC6,0xE6,0xC5,0x46,0x84,0xC5,0xB5,0x25,0xC6,0x26,0xA5,0x05,0xC6,0x65,0xCE,0xA7,0x9C,0x47,0x8C,0x65,0xCE,
    0x45,0xCE,0x84,0xB5,0x47,0x4A,0x08,0x63,0xE5,0xBD,0x25,0xC6,0x25,0xC6,0x25,0xC6,0xE5,0xBD,0xA4,0x52,0x06,0xC6,0x25,0xC6,0x85,0xD6,0x64,0x8C,0x64,0x6B,0x88,0x7B,
    0x45,0xAD,0x45,0xCE,0x25,0xC6,0x25,0xC6,0x25,0xC6,0x25,0xC6,0x45,0xCE,0xC6,0xBD,0x86,0x52,0xE5,0xBD,0x25,0xC6,0x25,0xC6,0x25,0xC6,0x45,0xC6,0xC5,0xBD,0x05,0x6B,
    0x45,0xAD,0x45,0xCE,0x25,0xC6,0x25,0xC6,0x45,0xCE,0x66,0xB5,0xC6,0xBD,0x25,0xC6,0x25,0xC6,0x25,0xC6,0x25,0xC6,0x05,0xC6,0xE5,0xA4,0x25,0xC6,0x25,0xC6,0x05,0xC6,
    0x65,0xCE,0x04,0x84,0xA6,0x94,0x44,0x9D,0xA9,0x52,0xD4,0x9C,0x48,0x42,0xCB,0x5A,0xF7,0xBD,0x1C,0xE7,0xDB,0xDE,0xFB,0xDE,0xFB,0xDE,0xDB,0xDE,0xFB,0xDE,0x10,0x84,
    0xC3,0x10,0x45,0x49,0x65,0x89,0x65,0x81,0x65,0x89,0x24,0x61,0xA2,0x10,0x91,0x9C,0xBE,0xF7,0x55,0xAD,0xAA,0x52,0xB2,0x94,0x34,0xA5,0xD7,0xBD,0xBA,0xD6,0xB2,0x94,
    0x9A,0xD6,0xFB,0xDE,0xDB,0xDE,0xFB,0xDE,0xFB,0xDE,0xFB,0xDE,0xFB,0xDE,0xFB,0xDE,0xFB,0xDE,0x9A,0xD6,0xF6,0xBD,0xD6,0xBD,0xD6,0xBD,0xD6,0xBD,0xD6,0xBD,0xD6,0xBD,
    0xB6,0xBD,0xB6,0xBD,0xB5,0xBD,0xB5,0xBD,0xB5,0xBD,0x74,0xB5,0x74,0xB5,0xDB,0xDE,0xFB,0xDE,0xFB,0xDE,0xFB,0xDE,0xFB,0xDE,0xFB,0xDE,0xFB,0xDE,0xFB,0xDE,0xFB,0xDE,
    0xDB,0xDE,0x1C,0xE7,0x18,0xBE,0x45,0x49,0x45,0x89,0x65,0x81,0x65,0x89,0x45,0x79,0xE7,0x51,0x6D,0x6B,0xEF,0x7B,0x18,0xC6,0xFB,0xDE,0xDB,0xDE,0xFB,0xDE,0xDB,0xDE,
    0xFB,0xDE,0x79,0xCE,0x14,0xA5,0x96,0xB5,0x96,0xB5,0xCF,0x7B,0xF7,0xBD,0x79,0xCE,0x92,0x94,0xAC,0x52,0xAE,0x94,0xE4,0xA4,0xE5,0xA4,0x2C,0x8C,0xA6,0xB5,0x45,0xA5,
    0xC5,0xBD,0xA5,0xB5,0x25,0xC6,0x25,0xCE,0xE5,0xBD,0xE5,0xBD,0x45,0xAD,0x85,0x94,0x45,0xC6,0x25,0xA5,0xA5,0x94,0x85,0xD6,0x44,0xCE,0xE6,0xA4,0xC7,0xA4,0x25,0xC6,
    0x65,0xCE,0x44,0xAD,0x63,0x29,0xA3,0x29,0xA5,0xB5,0x45,0xCE,0x25,0xC6,0x45,0xCE,0x66,0xAD,0x25,0x63,0x45,0xCE,0x05,0xC6,0x86,0xD6,0x45,0x6B,0xA3,0x73,0xC7,0x9C,
    0x85,0xB5,0x45,0xCE,0x25,0xC6,0x25,0xC6,0x25,0xC6,0x25,0xC6,0x65,0xCE,0xA5,0x9C,0x45,0x4A,0x45,0xC6,0x25,0xC6,0x25,0xC6,0x65,0x94,0x05,0xC6,0x25,0xC6,0x64,0x6B,
    0x25,0xA5,0x65,0xCE,0x05,0xC6,0x25,0xC6,0x45,0xCE,0x45,0xAD,0x25,0xC6,0x05,0xA5,0x65,0xAD,0x45,0xCE,0x25,0xC6,0x05,0xC6,0xC4,0x9C,0x25,0xCE,0x25,0xC6,0x25,0xC6,
    0x45,0xCE,0xA5,0xBD,0x45,0xAD,0xA4,0xAD,0x0C,0x9D,0xB1,0x94,0x8D,0x73,0xCF,0x7B,0x96,0xB5,0x79,0xCE,0xFB,0xDE,0xFB,0xDE,0xFB,0xDE,0xDB,0xDE,0x1C,0xE7,0x79,0xCE,
    0xAE,0x73,0x44,0x61,0x85,0x81,0x45,0x61,0x65,0x81,0x65,0x79,0x41,0x10,0x0B,0x73,0xB6,0xB5,0xD3,0x9C,0x24,0x21,0x49,0x4A,0x55,0xAD,0x5D,0xEF,0xDB,0xDE,0xDB,0xDE,
    0xFB,0xDE,0xFB,0xDE,0xFB,0xDE,0xFB,0xDE,0xFB,0xDE,0xFB,0xDE,0xFB,0xDE,0xFB,0xDE,0xFB,0xDE,0x99,0xD6,0xF6,0xBD,0xD6,0xBD,0xD6,0xBD,0xD6,0xBD,0xD6,0xBD,0xD6,0xBD,
    0xD6,0xBD,0xD6,0xBD,0xB5,0xBD,0xB5,0xBD,0xB6,0xBD,0x54,0xB5,0x74,0xB5,0xDB,0xDE,0xFB,0xDE,0xFB,0xDE,0xFB,0xDE,0xFB,0xDE,0xFB,0xDE,0xFB,0xDE,0xFB,0xDE,0xFB,0xDE,
    0xDB,0xDE,0x5D,0xEF,0xD3,0x94,0xC3,0x48,0x65,0x89,0x65,0x81,0x45,0x71,0xC3,0x30,0x85,0x41,0xEF,0x7B,0x75,0xB5,0x34,0xA5,0x79,0xCE,0xDB,0xDE,0xFB,0xDE,0xFB,0xDE,
    0xFB,0xDE,0xDB,0xDE,0x9A,0xD6,0x96,0xB5,0xEB,0x5A,0x18,0xC6,0x3C,0xE7,0xF3,0x9C,0xD3,0x9C,0xF7,0xBD,0x24,0x63,0x87,0x94,0xCB,0x7B,0x4C,0x8C,0x05,0xC6,0x05,0xC6,
    0x25,0xA5,0x05,0xA5,0xC5,0xBD,0x45,0xCE,0x05,0xBE,0xE5,0xBD,0x25,0xC6,0x25,0xC6,0x65,0xB5,0x05,0x84,0xC5,0x83,0xA5,0xB5,0xE6,0xBD,0x69,0x94,0x07,0x8C,0x84,0xCE,
    0xA5,0xAD,0x25,0xA5,0x06,0x3A,0x66,0x4A,0xC5,0xBD,0x25,0xC6,0x05,0xC6,0x65,0xCE,0x05,0xA5,0x28,0x84,0x65,0xCE,0x25,0xC6,0xC5,0xBD,0xC5,0x39,0xC6,0x83,0x24,0xAD,
    0x85,0xB5,0x45,0xCE,0x25,0xC6,0x25,0xC6,0x25,0xC6,0xC5,0xB5,0x85,0xD6,0xC4,0x5A,0x43,0x4A,0x85,0xD6,0x05,0xC6,0x25,0xC6,0x26,0x8C,0x25,0xC6,0xE5,0xBD,0x64,0x94,
    0xA5,0xBD,0x45,0xCE,0x25,0xC6,0x25,0xC6,0x05,0xC6,0x45,0xAD,0x85,0xD6,0x24,0x8C,0xC5,0x9C,0x65,0xCE,0x25,0xC6,0x06,0xC6,0xE6,0x7B,0x25,0xC6,0x25,0xC6,0x25,0xC6,
    0x25,0xC6,0x05,0xC6,0x65,0x8C,0xE5,0xB5,0xE3,0x52,0x88,0x73,0xEE,0x7B,0x30,0x84,0x6D,0x6B,0x59,0xCE,0x1C,0xE7,0xDB,0xDE,0xFB,0xDE,0xFB,0xDE,0xBA,0xD6,0x38,0xCE,
    0x34,0xA5,0x04,0x31,0x24,0x59,0x45,0x71,0x65,0x81,0x45,0x81,0x25,0x61,0x52,0x9C,0x08,0x3A,0x28,0x42,0xAA,0x52,0x2C,0x63,0x18,0xC6,0x1C,0xE7,0xDB,0xDE,0xFB,0xDE,
    0xFB,0xDE,0xFB,0xDE,0xFB,0xDE,0xFB,0xDE,0xFB,0xDE,0xFB,0xDE,0xFB,0xDE,0xFB,0xDE,0xFB,0xDE,0x99,0xD6,0xF6,0xBD,0xD6,0xBD,0xD6,0xBD,0xD6,0xBD,0xD6,0xBD,0xD6,0xBD,
    0xD6,0xBD,0xD6,0xBD,0xB5,0xBD,0xB5,0xBD,0xB6,0xBD,0x54,0xB5,0x74,0xB5,0xDB,0xDE,0xFB,0xDE,0xFB,0xDE,0xFB,0xDE,0xFB,0xDE,0xFB,0xDE,0xFB,0xDE,0xFB,0xDE,0xFB,0xDE,
    0xDB,0xDE,0x5D,0xEF,0x71,0x8C,0xC3,0x58,0x86,0x89,0x65,0x81,0x45,0x71,0x04,0x59,0x86,0x39,0x55,0xA5,0xEF,0x7B,0x34,0xA5,0x1C,0xE7,0xFB,0xDE,0xFB,0xDE,0xFB,0xDE,
    0xFB,0xDE,0xFB,0xDE,0x79,0xCE,0x1C,0xE7,0x14,0xA5,0x2C,0x63,0xCF,0x7B,0xB6,0xB5,0x6D,0x8C,0xEF,0x9C,0x68,0x73,0x89,0x52,0xA7,0x52,0x06,0x7C,0xE5,0xBD,0xE5,0xC5,
    0xE6,0x9C,0x65,0xAD,0xE4,0xAD,0x45,0xCE,0xC5,0xBD,0xC5,0xBD,0x85,0xB5,0x08,0x84,0xC7,0x7B,0xCA,0x83,0x84,0x9C,0xA8,0x94,0x6D,0x84,0xCA,0x62,0x05,0x6B,0x27,0xA5,
    0xE8,0xA4,0x69,0x94,0xD0,0x7B,0xC7,0x62,0x25,0xC6,0x65,0xCE,0x05,0xC6,0x65,0xCE,0x25,0xAD,0x25,0xA5,0x65,0xCE,0xC6,0xB5,0xC5,0x94,0xC6,0x31,0xE7,0x94,0xA5,0xBD,
    0x66,0xB5,0x45,0xCE,0x25,0xC6,0x25,0xC6,0xA5,0xB5,0x45,0xA5,0x65,0xCE,0x4D,0x8C,0xE5,0x62,0x65,0xCE,0x25,0xC6,0x06,0xC6,0x6A,0xAD,0x25,0xC6,0x25,0xC6,0xE6,0xA4,
    0xA5,0xB5,0x45,0xCE,0x25,0xC6,0x45,0xCE,0xA6,0xB5,0x48,0x94,0xA5,0xD6,0x44,0x84,0xC4,0x9C,0x65,0xCE,0x25,0xC6,0xE6,0xBD,0x46,0x73,0x05,0xC6,0x25,0xC6,0x25,0xC6,
    0x25,0xC6,0xE5,0xBD,0x26,0xAD,0x26,0xA5,0xC5,0x6B,0x05,0x3A,0x45,0x29,0xAE,0x73,0xD3,0x9C,0x55,0xAD,0x1C,0xE7,0xDB,0xDE,0xFB,0xDE,0xFB,0xDE,0xDB,0xDE,0xEF,0x83,
    0xAE,0x73,0x6A,0x6A,0x24,0x71,0x65,0x89,0x65,0x81,0x65,0x81,0x65,0x69,0x86,0x39,0x45,0x29,0x86,0x31,0x2C,0x63,0x96,0xB5,0x9A,0xD6,0xFB,0xDE,0xDB,0xDE,0xFB,0xDE,
    0xFB,0xDE,0xFB,0xDE,0xFB,0xDE,0xFB,0xDE,0xFB,0xDE,0xFB,0xDE,0xFB,0xDE,0xFB,0xDE,0xFB,0xDE,0x99,0xD6,0xD6,0xBD,0xB5,0xBD,0xB5,0xBD,0xB5,0xBD,0xB5,0xBD,0xB5,0xBD,
    0xD6,0xBD,0xD6,0xBD,0xB5,0xBD,0xB5,0xBD,0xB6,0xBD,0x53,0xAD,0xB5,0xBD,0xFB,0xDE,0xDB,0xDE,0xFB,0xDE,0xFB,0xDE,0xFB,0xDE,0xFB,0xDE,0xFB,0xDE,0xFB,0xDE,0xFB,0xDE,
    0xDB,0xDE,0x1C,0xDF,0xAA,0x62,0x24,0x79,0x65,0x81,0x65,0x81,0x65,0x81,0x24,0x31,0x55,0xA5,0x8E,0x73,0x4D,0x6B,0xFB,0xDE,0x59,0xCE,0xFB,0xDE,0xFB,0xDE,0xFB,0xDE,
    0xFB,0xDE,0xFB,0xDE,0xDB,0xDE,0x9A,0xD6,0x59,0xCE,0xAE,0x73,0xCA,0x5A,0xE8,0x9C,0xAF,0xB5,0x6B,0xB5,0x65,0x52,0xAA,0x5A,0x63,0x31,0x85,0x52,0xE5,0x9C,0x05,0xA5,
    0x66,0xB5,0xA5,0x8C,0xE5,0xBD,0x45,0xCE,0xE6,0xC5,0xA7,0x94,0xA4,0x94,0x67,0xAD,0xA7,0xB5,0xC5,0x94,0x05,0xC6,0x65,0xCE,0xA5,0xB5,0x87,0x73,0x45,0x84,0x26,0xAD,
    0x65,0x73,0x25,0x4A,0xAC,0x73,0xE8,0x5A,0x65,0x94,0xA5,0xB5,0x05,0xC6,0x45,0xCE,0xE6,0x7B,0x25,0xAD,0x85,0xD6,0xC5,0x9C,0x65,0x8C,0xC3,0x10,0xE4,0x9C,0x46,0xCE,
    0xE6,0xBD,0x25,0xC6,0x25,0xC6,0x25,0xC6,0x05,0x84,0x45,0xC6,0x06,0xA5,0xC8,0x41,0x65,0x7B,0x65,0xCE,0x25,0xC6,0xE6,0xBD,0xA6,0xB5,0x45,0xCE,0x05,0xC6,0xC8,0xB5,
    0xC6,0xBD,0x25,0xC6,0x05,0xC6,0x65,0xCE,0x45,0xAD,0x26,0xA5,0x85,0xD6,0x65,0xAD,0x25,0xAD,0x45,0xCE,0x25,0xC6,0xC5,0xBD,0xC6,0x62,0xE6,0xBD,0x25,0xC6,0x25,0xC6,
    0x25,0xCE,0xE5,0xBD,0xC5,0x94,0x66,0xAD,0x07,0x7C,0x07,0x84,0x25,0x42,0x4D,0x6B,0xD7,0xBD,0xF7,0xBD,0x3C,0xE7,0xDB,0xDE,0xFB,0xDE,0xFB,0xDE,0xDB,0xDE,0x1C,0xE7,
    0x14,0xA5,0x65,0x29,0x44,0x61,0x65,0x89,0x65,0x81,0x65,0x89,0x24,0x61,0x04,0x19,0x08,0x42,0x65,0x29,0xF3,0x9C,0x5D,0xEF,0xDB,0xDE,0xFB,0xDE,0xFB,0xDE,0xFB,0xDE,
    0xFB,0xDE,0xFB,0xDE,0xFB,0xDE,0xFB,0xDE,0xFB,0xDE,0xFB,0xDE,0xFB,0xDE,0xFB,0xDE,0xFB,0xDE,0x99,0xD6,0xF6,0xBD,0xB5,0xBD,0xB5,0xBD,0xB5,0xBD,0xB5,0xBD,0xB5,0xBD,
    0xB5,0xBD,0xB5,0xBD,0xB6,0xBD,0xB6,0xBD,0xD6,0xBD,0x54,0xB5,0xD6,0xBD,0xFB,0xDE,0xDB,0xDE,0xFB,0xDE,0xFB,0xDE,0xFB,0xDE,0xFB,0xDE,0xFB,0xDE,0xFB,0xDE,0xDB,0xDE,
    0x3C,0xE7,0x96,0xAD,0x24,0x49,0x65,0x89,0x65,0x81,0x65,0x89,0x23,0x51,0x10,0x7C,0xB2,0x94,0x49,0x42,0x75,0xAD,0x10,0x84,0x59,0xCE,0x1C,0xE7,0xDB,0xDE,0xFB,0xDE,
    0xFB,0xDE,0xFB,0xDE,0x9A,0xD6,0xD7,0xBD,0xDB,0xDE,0x8E,0x73,0x86,0x31,0x49,0x6B,0x2A,0x63,0x8A,0x94,0x25,0x6B,0xC8,0x62,0xA5,0x31,0x86,0x73,0xA5,0x94,0xE5,0xBD,
    0xA5,0xBD,0x65,0x84,0x25,0xC6,0x05,0xC6,0xC8,0xB5,0x4D,0x63,0xA9,0xB5,0x03,0xAD,0xC6,0x9C,0x08,0xA5,0xC5,0xBD,0x65,0xCE,0xE5,0xC5,0x27,0x84,0xA5,0x8C,0xA5,0xBD,
    0x24,0xA5,0x25,0x42,0x28,0xA5,0x0A,0x84,0xA6,0x9C,0xC5,0xBD,0xC5,0xBD,0xA5,0xB5,0xE6,0x5A,0xE5,0xC5,0x25,0xC6,0x26,0xAD,0x07,0x63,0x03,0x19,0x45,0xA5,0x45,0xCE,
    0x25,0xC6,0x25,0xC6,0x25,0xC6,0xE5,0xBD,0xC5,0x9C,0x65,0xCE,0xC7,0x7B,0x0D,0x63,0x67,0x7B,0x45,0xCE,0x05,0xC6,0x45,0xAD,0x25,0xA5,0x85,0xD6,0xE5,0xA4,0xA9,0x94,
    0x26,0xC6,0x25,0xC6,0x25,0xC6,0x05,0xBE,0x46,0x73,0x28,0x8C,0x85,0xD6,0x26,0xA5,0x45,0xAD,0x45,0xCE,0x25,0xC6,0xC4,0xBD,0x86,0x5A,0xE7,0xBD,0x25,0xC6,0x25,0xC6,
    0x25,0xC6,0x25,0xC6,0x85,0xB5,0xA7,0x94,0xED,0x7B,0xAC,0x94,0xE3,0x41,0xEC,0x5A,0x55,0xAD,0xF3,0x9C,0x18,0xC6,0xFB,0xDE,0xFB,0xDE,0xFB,0xDE,0xDB,0xDE,0xFB,0xDE,
    0x79,0xCE,0xAA,0x52,0x03,0x51,0x45,0x81,0x65,0x81,0x65,0x89,0x24,0x61,0xA2,0x10,0xE7,0x39,0xB2,0x94,0x3C,0xE7,0xDB,0xDE,0xFB,0xDE,0xFB,0xDE,0xFB,0xDE,0xFB,0xDE,
    0xFB,0xDE,0xFB,0xDE,0xFB,0xDE,0xFB,0xDE,0xFB,0xDE,0xFB,0xDE,0xFB,0xDE,0xFB,0xDE,0xFB,0xDE,0xBA,0xD6,0xF7,0xC5,0xB5,0xBD,0xB5,0xBD,0xB5,0xBD,0xB5,0xBD,0xB5,0xBD,
    0xB5,0xBD,0xB5,0xBD,0xD6,0xBD,0xD6,0xBD,0xD6,0xBD,0x54,0xB5,0xD6,0xBD,0xFB,0xDE,0xDB,0xDE,0xFB,0xDE,0xFB,0xDE,0xFB,0xDE,0xFB,0xDE,0xFB,0xDE,0xFB,0xDE,0xDB,0xDE,
    0x7D,0xEF,0x10,0x7C,0x82,0x48,0x86,0x89,0x65,0x89,0xE3,0x48,0xA5,0x41,0x69,0x52,0x8A,0x52,0x51,0x8C,0x92,0x94,0x14,0xA5,0x1C,0xE7,0xFB,0xDE,0xFB,0xDE,0xFB,0xDE,
    0xFB,0xDE,0xFB,0xDE,0xDB,0xDE,0x59,0xCE,0xBA,0xD6,0xF3,0x9C,0x6D,0x6B,0x52,0x8C,0xCE,0x7B,0xE5,0x39,0xC5,0x5A,0x63,0x31,0xE3,0x18,0x29,0x63,0xE6,0xBD,0xA5,0xBD,
    0x86,0x94,0x06,0xA5,0x45,0xCE,0xE5,0xBD,0x87,0x73,0xE6,0x7B,0xC7,0x73,0xA4,0x94,0xC5,0x7B,0xA7,0x8C,0x45,0xC6,0x85,0xB5,0xC5,0xBD,0x84,0x73,0x85,0x84,0x05,0xAD,
    0xA7,0x7B,0x28,0x42,0x6E,0xAD,0xE9,0x7B,0xE5,0xBD,0x65,0xCE,0x45,0xCE,0xA6,0xB5,0x86,0x4A,0x65,0xCE,0x05,0x9D,0xA5,0x94,0xC9,0x5A,0x2B,0x5B,0x45,0xA5,0x45,0xCE,
    0x25,0xC6,0x05,0xC6,0x65,0xCE,0xA5,0x94,0x05,0xA5,0x85,0xB5,0x07,0x4A,0x2A,0x63,0xEA,0x7B,0x25,0xC6,0x05,0xBE,0x05,0xA5,0x45,0xAD,0xA5,0xD6,0x04,0x8C,0x85,0x73,
    0x25,0xC6,0x25,0xC6,0x65,0xCE,0x07,0x8C,0xE8,0x41,0x27,0x94,0x84,0xD6,0x26,0x84,0x86,0xB5,0x45,0xCE,0x25,0xC6,0xC6,0xBD,0x28,0x73,0xC7,0xBD,0x45,0xC6,0x25,0xC6,
    0x25,0xC6,0x05,0xC6,0xA5,0xB5,0x45,0x7B,0xA9,0x9C,0x4B,0xA5,0x68,0x52,0xCD,0x73,0xF5,0xB5,0xCF,0x7B,0x2C,0x63,0x59,0xCE,0x1C,0xE7,0xDB,0xDE,0x1C,0xE7,0xD7,0xBD,
    0xD3,0x9C,0xFB,0xDE,0x30,0x8C,0x44,0x79,0x65,0x81,0x65,0x81,0x65,0x79,0x20,0x08,0x4D,0x6B,0x7D,0xEF,0xDB,0xDE,0xFB,0xDE,0xFB,0xDE,0xFB,0xDE,0xFB,0xDE,0xFB,0xDE,
    0xFB,0xDE,0xFB,0xDE,0xFB,0xDE,0xFB,0xDE,0xFB,0xDE,0xFB,0xDE,0xFB,0xDE,0xFB,0xDE,0xFB,0xDE,0xBA,0xD6,0xF7,0xC5,0xD6,0xBD,0xD6,0xBD,0xD6,0xBD,0xB5,0xBD,0xB5,0xBD,
    0xB5,0xBD,0xB5,0xBD,0xB6,0xBD,0xD6,0xBD,0xB6,0xBD,0x33,0xAD,0xD6,0xBD,0xFB,0xDE,0xDB,0xDE,0xFB,0xDE,0xFB,0xDE,0xFB,0xDE,0xFB,0xDE,0xFB,0xDE,0xFB,0xDE,0xDB,0xDE,
    0x5D,0xEF,0x51,0x94,0xC3,0x58,0x86,0x89,0x65,0x81,0x24,0x61,0xC3,0x38,0x24,0x31,0xCF,0x73,0x14,0xA5,0xEF,0x7B,0x18,0xC6,0x79,0xCE,0xFB,0xDE,0xDB,0xDE,0xFB,0xDE,
    0xFB,0xDE,0xDB,0xDE,0xD7,0xBD,0xB6,0xB5,0x3C,0xE7,0x92,0x94,0x07,0x42,0x6C,0x6B,0x0B,0x63,0xA6,0x7B,0xA8,0x94,0x65,0x29,0x42,0x08,0xE4,0xA4,0x65,0xAD,0x45,0xAD,
    0x86,0x9C,0x26,0xCE,0xA6,0xAD,0x08,0x84,0x04,0x84,0xC5,0x9C,0xE4,0x5A,0x44,0x84,0x44,0x6B,0xC5,0x7B,0x65,0xCE,0x25,0xAD,0xC5,0xBD,0x84,0x73,0xC5,0x83,0xA5,0xB5,
    0x85,0x7B,0x4D,0x73,0x99,0xCE,0xEB,0x7B,0x45,0xAD,0x06,0xC6,0x65,0xCE,0x25,0xA5,0x24,0x63,0x85,0xD6,0xA5,0xB5,0x07,0x84,0xCB,0x5A,0xA9,0x52,0x46,0xA5,0x45,0xCE,
    0x25,0xC6,0x25,0xC6,0x66,0xCE,0x46,0x8C,0xC6,0xBD,0x25,0x8C,0x6B,0x52,0x8C,0x94,0x88,0x7B,0xE5,0xBD,0xE5,0xBD,0x47,0xAD,0xA6,0x9C,0x85,0xD6,0xA7,0x7B,0x48,0x73,
    0x05,0xC6,0x25,0xC6,0x25,0xC6,0x88,0x73,0xCB,0x7B,0x86,0xAD,0x65,0xCE,0xC4,0x83,0xC5,0xBD,0x25,0xC6,0x45,0xCE,0xC6,0x9C,0xE5,0x62,0x05,0xC6,0x25,0xC6,0x25,0xC6,
    0x45,0xCE,0xA5,0xB5,0xA5,0x94,0xC5,0x73,0x48,0x6B,0xA6,0xB5,0x6D,0x94,0xA3,0x29,0xF4,0xB5,0x2D,0x6B,0x2C,0x63,0x9A,0xD6,0xFB,0xDE,0xFB,0xDE,0xDB,0xDE,0x1C,0xE7,
    0xB2,0x94,0xAE,0x73,0x14,0xAD,0xC7,0x89,0x45,0x81,0x65,0x81,0x65,0x81,0x82,0x18,0x8A,0x52,0x9A,0xD6,0xFB,0xDE,0xDB,0xDE,0xFB,0xDE,0xFB,0xDE,0xFB,0xDE,0xFB,0xDE,
    0xFB,0xDE,0xFB,0xDE,0xFB,0xDE,0xFB,0xDE,0xFB,0xDE,0xFB,0xDE,0xFB,0xDE,0xFB,0xDE,0xFB,0xDE,0xBA,0xD6,0xF7,0xC5,0xD6,0xBD,0xD6,0xBD,0xD6,0xBD,0xB5,0xBD,0xB5,0xBD,
    0xB6,0xBD,0xB6,0xBD,0xD6,0xBD,0xD6,0xBD,0xD6,0xBD,0x53,0xB5,0xD6,0xBD,0xFB,0xDE,0xDB,0xDE,0xFB,0xDE,0xFB,0xDE,0xFB,0xDE,0xFB,0xDE,0xFB,0xDE,0xFB,0xDE,0xDB,0xDE,
    0x5D,0xE7,0x51,0xAC,0x04,0x81,0x65,0x81,0x65,0x81,0x65,0x89,0x24,0x69,0x86,0x49,0x4D,0x63,0x6D,0x6B,0x51,0x8C,0x14,0xA5,0xDB,0xDE,0xFB,0xDE,0xFB,0xDE,0xFB,0xDE,
    0xFB,0xDE,0xFB,0xDE,0xDB,0xDE,0x34,0xA5,0x10,0x84,0x71,0x8C,0xCB,0x5A,0x4A,0xA5,0x05,0x21,0x44,0x8C,0x0E,0xC6,0x25,0x21,0x02,0x21,0x25,0xA5,0x05,0xA5,0x65,0xAD,
    0x45,0xAD,0x24,0xA5,0xC9,0x62,0x4B,0xA5,0x84,0x94,0x67,0x94,0xEE,0xBD,0x45,0xAD,0x24,0x63,0xE5,0x83,0x65,0xCE,0xA6,0xB5,0xE5,0xBD,0x84,0x73,0x64,0x73,0xA5,0xB5,
    0x47,0xAD,0x96,0xB5,0x3D,0xE7,0x2D,0x8C,0xC4,0xA4,0xC5,0xBD,0x65,0xCE,0xC6,0x94,0x45,0xAD,0x06,0xC6,0x07,0xA5,0x66,0x7B,0x76,0xB5,0xC8,0x5A,0xC7,0xBD,0x45,0xCE,
    0x25,0xC6,0x44,0xCE,0xAC,0xBD,0x87,0x9C,0x85,0xB5,0xA7,0x5A,0x6D,0x73,0xD0,0xBD,0x43,0x4A,0xA4,0xB5,0xAC,0xB5,0xEB,0xBD,0x67,0xA5,0x04,0xC6,0xA7,0x94,0x89,0xAD,
    0xE4,0xBD,0x65,0xCE,0x85,0x8C,0xC5,0x7B,0x4B,0x73,0x66,0xAD,0x65,0xCE,0x65,0x73,0xC5,0xBD,0x45,0xC6,0x45,0xCE,0xA5,0xB5,0x23,0x63,0x05,0xC6,0x25,0xC6,0x25,0xC6,
    0x05,0xC6,0x65,0xCE,0xA6,0x9C,0x05,0x63,0xC5,0x5A,0xC6,0xBD,0xC6,0x39,0x49,0x42,0xF3,0x9C,0xCF,0x7B,0x55,0xAD,0xFB,0xDE,0xDB,0xDE,0xDB,0xDE,0x3C,0xE7,0x96,0xB5,
    0x8E,0x73,0xEF,0x7B,0x6A,0x8A,0x86,0x89,0x45,0x81,0x65,0x81,0x85,0x81,0x23,0x49,0xB2,0x94,0x3C,0xE7,0xDB,0xDE,0xFB,0xDE,0xFB,0xDE,0xFB,0xDE,0xFB,0xDE,0xFB,0xDE,
    0xFB,0xDE,0xFB,0xDE,0xFB,0xDE,0xFB,0xDE,0xFB,0xDE,0xFB,0xDE,0xFB,0xDE,0xFB,0xDE,0xFB,0xDE,0xBA,0xD6,0xF7,0xC5,0xD6,0xBD,0xD6,0xBD,0xD6,0xBD,0xB5,0xBD,0xB5,0xBD,
    0xB6,0xBD,0xB6,0xBD,0xD6,0xBD,0xD6,0xBD,0xD6,0xBD,0x53,0xB5,0xD6,0xBD,0xFB,0xDE,0xDB,0xDE,0xFB,0xDE,0xFB,0xDE,0xFB,0xDE,0xFB,0xDE,0xFB,0xDE,0xFB,0xDE,0xDB,0xDE,
    0x5D,0xE7,0xCF,0x9B,0x04,0x79,0x65,0x81,0x65,0x81,0x65,0x81,0x65,0x81,0xA6,0x59,0x0C,0x63,0xD3,0x9C,0x34,0xA5,0x96,0xB5,0x1C,0xE7,0xDB,0xDE,0xFB,0xDE,0xFB,0xDE,
    0xFB,0xDE,0xDB,0xDE,0x3C,0xE7,0xD7,0xBD,0xEF,0x7B,0xA7,0x31,0x04,0x42,0x66,0x4A,0xE4,0x18,0x88,0x84,0xE5,0x52,0x83,0x10,0xA4,0x52,0x45,0xA5,0xC7,0xBD,0x27,0xAD,
    0x85,0x39,0x85,0x39,0x0C,0x6B,0xA6,0x4A,0x05,0x84,0x64,0x94,0x49,0xAD,0xE9,0xBD,0xA3,0x73,0xE5,0xA4,0x65,0xCE,0x28,0xAD,0x45,0xAD,0xC3,0x73,0x25,0x42,0xA5,0x94,
    0x28,0x8C,0xB6,0xBD,0x9A,0xCE,0xCB,0x83,0x24,0xA5,0xC5,0xBD,0x66,0xCE,0x87,0x73,0x45,0xA5,0xA5,0xBD,0xA4,0x7B,0x4E,0x94,0x14,0xA5,0x27,0x6B,0x44,0xCE,0xA5,0xB5,
    0x05,0xC6,0x25,0xC6,0x45,0x94,0x26,0xA5,0x85,0x94,0x48,0x5A,0x91,0x94,0xB8,0xB5,0xA7,0x5A,0xC3,0xB5,0x30,0xC6,0x88,0xB5,0xA4,0xB5,0x45,0xCE,0xE4,0xA4,0x44,0xAD,
    0xC5,0xBD,0x85,0x94,0xA5,0x94,0x28,0x63,0x6B,0x73,0x26,0xA5,0x25,0xC6,0x0A,0x84,0x06,0xC6,0x25,0xC6,0x25,0xC6,0xA5,0x9C,0xE5,0xA4,0xE5,0xC5,0x25,0xC6,0x25,0xC6,
    0x25,0xC6,0x65,0xCE,0xA5,0x94,0xE6,0x7B,0xC6,0x5A,0x64,0xAD,0x0A,0x74,0xA5,0x31,0x65,0x29,0x10,0x84,0x75,0xAD,0xDB,0xDE,0xFB,0xDE,0xDB,0xDE,0x1C,0xE7,0xD7,0xBD,
    0xCB,0x5A,0x0B,0x5B,0x2B,0x83,0xC7,0x89,0x66,0x81,0x45,0x81,0x65,0x89,0x23,0x51,0x95,0xB5,0x3C,0xE7,0xDB,0xDE,0xFB,0xDE,0xFB,0xDE,0xFB,0xDE,0xFB,0xDE,0xFB,0xDE,
    0xFB,0xDE,0xFB,0xDE,0xFB,0xDE,0xFB,0xDE,0xFB,0xDE,0xFB,0xDE,0xFB,0xDE,0xFB,0xDE,0xFB,0xDE,0xBA,0xD6,0xF7,0xC5,0xD6,0xBD,0xD6,0xBD,0xD6,0xBD,0xB5,0xBD,0xB5,0xBD,
    0xB6,0xBD,0xB6,0xBD,0xD6,0xBD,0xD6,0xBD,0xD6,0xBD,0x53,0xB5,0xD6,0xBD,0xFB,0xDE,0xDB,0xDE,0xFB,0xDE,0xFB,0xDE,0xFB,0xDE,0xFB,0xDE,0xFB,0xDE,0xFB,0xDE,0xDB,0xDE,
    0x5D,0xE7,0x71,0xB4,0xE3,0x78,0x65,0x81,0x65,0x81,0x65,0x81,0x65,0x81,0x44,0x79,0xEA,0x62,0x38,0xC6,0x2C,0x63,0x9A,0xD6,0xD7,0xBD,0xBA,0xD6,0xFB,0xDE,0xFB,0xDE,
    0xFB,0xDE,0xFB,0xDE,0xDB,0xDE,0xDB,0xDE,0xB6,0xB5,0xAF,0x73,0x09,0x84,0x68,0x4A,0x46,0x4A,0x84,0x84,0x44,0x21,0x25,0x21,0x87,0x31,0xC7,0x7B,0xE6,0xBD,0xA9,0x5A,
    0x84,0x52,0xAA,0x7B,0x87,0x8C,0x88,0x94,0x45,0x8C,0x64,0x94,0x24,0x6B,0xC8,0xBD,0x64,0x94,0x25,0xAD,0x85,0xCE,0x28,0x8C,0x65,0x94,0x04,0x84,0xA8,0x5A,0x84,0x8C,
    0xAB,0x9C,0xDC,0xDE,0xFC,0xDE,0xCC,0x83,0x65,0x94,0x46,0xCE,0x05,0xC6,0xE6,0x62,0xA5,0xB5,0xA6,0xBD,0xA6,0x9C,0x19,0xC6,0xCF,0x7B,0x07,0x6B,0x46,0xC6,0x65,0xA5,
    0x65,0xCE,0x27,0xA5,0x26,0xAD,0x66,0x8C,0xE8,0x62,0x27,0x52,0x75,0xAD,0x13,0xAD,0xAD,0x83,0x67,0xAD,0x4B,0xA5,0xE6,0x9C,0xA4,0xB5,0x45,0xCE,0x05,0xA5,0xC5,0xBD,
    0xE5,0xA4,0x05,0x63,0xE5,0x94,0x2F,0x94,0xCD,0x9C,0x05,0xC6,0xC4,0xBD,0xAA,0x94,0x46,0xCE,0x05,0xC6,0x05,0xC6,0x66,0x94,0xC8,0xBD,0xE5,0xBD,0x25,0xC6,0x25,0xC6,
    0x25,0xC6,0x45,0xCE,0xE5,0x94,0x86,0x8C,0x65,0x4A,0x65,0xCE,0x25,0x6B,0x62,0x10,0x8A,0x52,0xB2,0x94,0x79,0xCE,0xFB,0xDE,0xDB,0xDE,0xFB,0xDE,0xFB,0xDE,0xDB,0xDE,
    0xEF,0x7B,0x28,0x42,0x27,0x4A,0x6D,0x9B,0x66,0x89,0x65,0x81,0x65,0x89,0x03,0x51,0xB2,0x94,0x5D,0xEF,0xDB,0xDE,0xFB,0xDE,0xFB,0xDE,0xFB,0xDE,0xFB,0xDE,0xFB,0xDE,
    0xFB,0xDE,0xFB,0xDE,0xFB,0xDE,0xFB,0xDE,0xFB,0xDE,0xFB,0xDE,0xFB,0xDE,0xFB,0xDE,0xFB,0xDE,0xBA,0xD6,0xF7,0xC5,0xD6,0xBD,0xD6,0xBD,0xD6,0xBD,0xB5,0xBD,0xB5,0xBD,
    0xB5,0xBD,0xB5,0xBD,0xD6,0xBD,0xD6,0xBD,0xB6,0xBD,0x53,0xAD,0xD6,0xBD,0xFB,0xDE,0xDB,0xDE,0xFB,0xDE,0xFB,0xDE,0xFB,0xDE,0xFB,0xDE,0xFB,0xDE,0xFB,0xDE,0xDB,0xDE,
    0x3C,0xE7,0x14,0xB5,0xC3,0x58,0x65,0x89,0x65,0x81,0x65,0x81,0x65,0x81,0x04,0x79,0xEC,0x92,0xB3,0x9C,0xF7,0xBD,0xD7,0xBD,0x9A,0xD6,0x79,0xCE,0xDB,0xDE,0xFB,0xDE,
    0xFB,0xDE,0xDB,0xDE,0xFB,0xDE,0x96,0xB5,0x30,0x84,0xCF,0x7B,0x6A,0x4A,0xA3,0x10,0xC8,0x7B,0x85,0x73,0x25,0x29,0xE4,0x39,0xE9,0x73,0xC8,0x94,0xC4,0x83,0x46,0x4A,
    0x07,0x95,0xE7,0x5A,0xA4,0x9C,0x87,0x73,0x06,0x9D,0x86,0x84,0x28,0xA5,0xAC,0xB5,0xC5,0x9C,0x67,0xB5,0xC6,0xD6,0xEA,0xA4,0x48,0xAD,0x4D,0x8C,0xCA,0x5A,0x46,0x8C,
    0xAB,0x7B,0xB2,0x9C,0xF6,0xBD,0x32,0xAD,0x86,0x83,0xC6,0xB5,0x85,0x73,0x24,0x8C,0x66,0xCE,0x43,0xAD,0x6D,0xAD,0xDC,0xDE,0xAF,0x7B,0xA5,0x73,0x05,0xB6,0x05,0xBE,
    0x26,0x9D,0xC5,0x7B,0x06,0xAD,0xC9,0x9C,0xEB,0x5A,0x2B,0x6B,0x99,0xD6,0x10,0xAD,0xB0,0x7B,0x66,0x94,0x05,0x7C,0xC5,0xA4,0x65,0xAD,0xE4,0x9C,0xA6,0x7B,0x06,0x9D,
    0xC7,0x5A,0xE7,0x83,0x46,0x8C,0x91,0x9C,0x8D,0xB5,0x04,0xC6,0xE7,0xBD,0xE4,0x83,0x45,0xCE,0x45,0xCE,0x05,0xC6,0x85,0xB5,0xA6,0x8C,0x45,0xA5,0x65,0xCE,0x25,0xC6,
    0x05,0xC6,0x65,0xCE,0x44,0x94,0x67,0x94,0x47,0x63,0xA6,0xAD,0x29,0x63,0xC3,0x18,0x6D,0x6B,0x71,0x8C,0x9A,0xD6,0x1C,0xE7,0xDB,0xDE,0xFB,0xDE,0xFB,0xDE,0xDB,0xDE,
    0x55,0xAD,0xEB,0x5A,0x85,0x21,0xC7,0x61,0x86,0x91,0x45,0x81,0x66,0x89,0xC3,0x40,0x6D,0x63,0x1C,0xE7,0xDB,0xDE,0xFB,0xDE,0xFB,0xDE,0xFB,0xDE,0xFB,0xDE,0xFB,0xDE,
    0xFB,0xDE,0xFB,0xDE,0xFB,0xDE,0xFB,0xDE,0xFB,0xDE,0xFB,0xDE,0xFB,0xDE,0xFB,0xDE,0xFB,0xDE,0xDA,0xDE,0xF7,0xC5,0xD6,0xBD,0xD6,0xBD,0xD6,0xBD,0xB5,0xBD,0xB5,0xBD,
    0xB5,0xBD,0xB5,0xBD,0xD6,0xBD,0xD6,0xBD,0xB6,0xBD,0x53,0xAD,0x17,0xC6,0x1C,0xDF,0xDB,0xDE,0xFB,0xDE,0xFB,0xDE,0xFB,0xDE,0xFB,0xDE,0xFB,0xDE,0xFB,0xDE,0xDB,0xDE,
    0x3C,0xE7,0x96,0xAD,0x86,0x39,0x45,0x79,0x65,0x81,0x65,0x81,0x65,0x81,0x65,0x89,0x04,0x71,0xB3,0x9C,0xF7,0xBD,0x14,0xA5,0x9A,0xD6,0x79,0xCE,0x9A,0xD6,0xFB,0xDE,
    0xFB,0xDE,0xFB,0xDE,0xFB,0xDE,0xFB,0xDE,0xB6,0xB5,0x8A,0x52,0xEB,0x5A,0xEC,0x5A,0xA6,0x5A,0xA7,0x7B,0xA7,0x5A,0xC3,0x39,0x85,0x6B,0x85,0x8C,0x25,0x6B,0x26,0xC6,
    0xE5,0xBD,0xE5,0x9C,0x45,0xAD,0x06,0x42,0x04,0x21,0x65,0x29,0x67,0x8C,0xCB,0x83,0xEE,0x83,0xED,0x83,0xCF,0x9C,0xCD,0x7B,0xE6,0x39,0xE3,0x20,0x66,0x29,0x29,0x4A,
    0xEB,0x5A,0x89,0x52,0x30,0x8C,0x4B,0x6B,0x65,0x7B,0x6A,0xCE,0x67,0x73,0x03,0x63,0xA4,0x94,0x45,0x8C,0xB2,0xB5,0x39,0xC6,0x8B,0x7B,0x05,0x9D,0x85,0xAD,0xE5,0xC5,
    0x2C,0x84,0x47,0xAD,0x87,0x9C,0xAF,0x7B,0x0F,0x84,0xB6,0xBD,0xDA,0xDE,0x1B,0xDF,0x56,0xAD,0xC3,0x7B,0x44,0x6B,0x48,0x84,0x27,0xC6,0xE5,0x83,0x48,0x73,0x07,0x84,
    0x86,0x31,0xC5,0x83,0xAB,0x7B,0x8C,0x73,0xEA,0xA4,0xA5,0xD6,0xE9,0xA4,0x25,0xA5,0x65,0xCE,0x25,0xAD,0x45,0xAD,0x65,0xAD,0x05,0x6B,0xE6,0xBD,0x05,0xBE,0x25,0xC6,
    0x05,0xC6,0x65,0xCE,0x85,0x9C,0x85,0x6B,0x84,0x4A,0x47,0x8C,0x45,0x73,0xA8,0x52,0x92,0x94,0x38,0xC6,0xF7,0xBD,0x9A,0xD6,0xFB,0xDE,0xDB,0xDE,0xFB,0xDE,0x38,0xC6,
    0xF3,0x9C,0x1C,0xDF,0x31,0xA4,0xC3,0x38,0x65,0x81,0x65,0x81,0x65,0x81,0xC3,0x38,0x86,0x29,0xBA,0xDE,0xFB,0xDE,0xDB,0xDE,0xFB,0xDE,0xFB,0xDE,0xFB,0xDE,0xFB,0xDE,
    0xFB,0xDE,0xFB,0xDE,0xFB,0xDE,0xFB,0xDE,0xFB,0xDE,0xFB,0xDE,0xFB,0xDE,0xFB,0xDE,0xFB,0xDE,0xDB,0xDE,0x38,0xC6,0xD6,0xBD,0xD6,0xBD,0xD6,0xBD,0xB6,0xBD,0xB6,0xBD,
    0xB5,0xBD,0xB5,0xBD,0xD6,0xBD,0xD6,0xBD,0xB6,0xBD,0x53,0xAD,0x38,0xCE,0x1C,0xDF,0xDB,0xDE,0xFB,0xDE,0xFB,0xDE,0xFB,0xDE,0xFB,0xDE,0xFB,0xDE,0xFB,0xDE,0xDB,0xDE,
    0xFB,0xDE,0x79,0xD6,0xEB,0x52,0x24,0x59,0x65,0x89,0x65,0x81,0x65,0x81,0x65,0x89,0xE3,0x58,0xEF,0x7B,0x92,0x94,0x30,0x84,0xB6,0xB5,0xDB,0xDE,0x9A,0xD6,0xFB,0xDE,
    0xDB,0xDE,0xFB,0xDE,0xDB,0xDE,0xFB,0xDE,0xDB,0xDE,0x6D,0x6B,0xE7,0x39,0x24,0x21,0xCF,0x7B,0x69,0x8C,0x84,0x4A,0x66,0x31,0x67,0x8C,0x89,0x8C,0x24,0xA5,0x05,0xA5,
    0xE5,0xBD,0x05,0x9D,0x05,0xBE,0xE5,0xA4,0x64,0x29,0xC3,0x18,0x62,0x08,0x82,0x10,0x61,0x08,0x21,0x00,0x41,0x08,0x62,0x08,0x62,0x08,0x82,0x10,0x82,0x10,0xA2,0x10,
    0x82,0x10,0x82,0x10,0xA2,0x10,0x82,0x10,0x65,0x29,0xEB,0x5A,0xEA,0x7B,0xAA,0xB5,0x49,0x73,0x2A,0x73,0x75,0xB5,0x34,0xAD,0x0A,0x6B,0xE6,0xA4,0x25,0xC6,0x65,0x8C,
    0x87,0x8C,0x2C,0xC6,0xC6,0x62,0x31,0x8C,0x50,0x8C,0x18,0xC6,0xB8,0xD6,0xB8,0xD6,0xF9,0xBD,0xAA,0x94,0xC3,0x62,0x07,0x6B,0x06,0xC6,0xA6,0x9C,0x64,0xB5,0x27,0x84,
    0x6A,0x8C,0xE4,0x9C,0xE8,0x41,0xCF,0x7B,0xE6,0x62,0x46,0xCE,0x23,0x42,0x24,0xAD,0xE7,0xBD,0x07,0x8C,0x45,0xAD,0x25,0xA5,0xE7,0xA4,0xE5,0xBD,0x85,0xAD,0x45,0xCE,
    0x05,0xC6,0x65,0xCE,0x45,0x94,0x06,0x7C,0xE6,0x73,0x04,0x63,0xE4,0x6A,0x2D,0x84,0xB3,0x94,0x10,0x84,0xF3,0x9C,0xFB,0xDE,0xDB,0xDE,0xDB,0xDE,0xFB,0xDE,0xFB,0xDE,
    0x4D,0x6B,0x6D,0x6B,0x51,0xA4,0xC8,0x61,0x04,0x69,0x65,0x81,0x65,0x89,0xE3,0x40,0x04,0x19,0x9A,0xD6,0xFB,0xDE,0xDB,0xDE,0xFB,0xDE,0xFB,0xDE,0xFB,0xDE,0xFB,0xDE,
    0xFB,0xDE,0xFB,0xDE,0xFB,0xDE,0xFB,0xDE,0xFB,0xDE,0xFB,0xDE,0xFB,0xDE,0xFB,0xDE,0xFB,0xDE,0xDB,0xDE,0x38,0xC6,0xD6,0xBD,0xD6,0xBD,0xD6,0xBD,0xB6,0xBD,0xB6,0xBD,
    0xD6,0xBD,0xD6,0xBD,0xB6,0xBD,0xB6,0xBD,0xB6,0xBD,0x33,0xAD,0x38,0xCE,0x1C,0xDF,0xDB,0xDE,0xFB,0xDE,0xFB,0xDE,0xFB,0xDE,0xFB,0xDE,0xFB,0xDE,0xFB,0xDE,0xFB,0xDE,
    0xDB,0xDE,0x5D,0xEF,0x10,0x84,0x61,0x10,0x65,0x81,0x65,0x81,0x65,0x81,0x65,0x89,0x04,0x61,0x0F,0x8C,0xB6,0xB5,0xAE,0x73,0x38,0xC6,0x18,0xC6,0x9A,0xD6,0xFB,0xDE,
    0xFB,0xDE,0xFB,0xDE,0xFB,0xDE,0xFB,0xDE,0x1C,0xE7,0xBA,0xD6,0x34,0xA5,0xA6,0x31,0x28,0x42,0x6D,0x84,0x44,0x42,0x27,0x52,0x45,0x8C,0x64,0x6B,0x85,0xCE,0x65,0x8C,
    0xE5,0x8C,0x84,0x42,0x65,0x94,0x65,0xCE,0x05,0xC6,0x27,0xA5,0xA9,0x5A,0x82,0x10,0x04,0x21,0x08,0x42,0x24,0x21,0x82,0x10,0xA2,0x10,0x82,0x10,0xC3,0x18,0x82,0x10,
    0xA2,0x10,0x82,0x10,0x82,0x10,0x82,0x10,0x61,0x08,0x41,0x08,0xA3,0x10,0x68,0x4A,0xB1,0x9C,0xB2,0x9C,0xB1,0x9C,0x70,0x94,0x88,0x52,0x84,0xB5,0x07,0xA5,0x88,0x8C,
    0xE5,0x9C,0x88,0x94,0xF1,0x7B,0x74,0xB5,0xCE,0x83,0x1C,0xE7,0x57,0xCE,0xB6,0xBD,0x15,0xAD,0x90,0xB5,0xC3,0x52,0x45,0x6B,0x47,0x84,0xE6,0x9C,0xE5,0xBD,0xA5,0x52,
    0xE5,0x9C,0xE4,0x7B,0xAE,0x83,0x6E,0x8C,0xC5,0x94,0xA4,0x7B,0x05,0x21,0xE5,0xA4,0x05,0x9D,0x69,0xAD,0x66,0xA5,0x86,0x8C,0xCA,0x9C,0x25,0xC6,0xA5,0x9C,0x25,0xC6,
    0x25,0xC6,0x45,0xCE,0x25,0xAD,0x85,0x94,0x85,0x8C,0x04,0x63,0x44,0x5A,0xC6,0x39,0xAE,0x73,0x10,0x84,0x9A,0xD6,0x1C,0xE7,0xDB,0xDE,0xFB,0xDE,0xFB,0xDE,0x9A,0xD6,
    0xB2,0x94,0x8E,0x6B,0xCA,0x6A,0xA6,0x81,0x45,0x81,0x65,0x81,0x65,0x89,0xE3,0x40,0x04,0x19,0x9A,0xD6,0xFB,0xDE,0xDB,0xDE,0xFB,0xDE,0xFB,0xDE,0xFB,0xDE,0xFB,0xDE,
    0xFB,0xDE,0xFB,0xDE,0xFB,0xDE,0xFB,0xDE,0xFB,0xDE,0xFB,0xDE,0xFB,0xDE,0xFB,0xDE,0xFB,0xDE,0xDB,0xDE,0x18,0xC6,0xD6,0xBD,0xD6,0xBD,0xD6,0xBD,0xB6,0xBD,0xB6,0xBD,
    0xD6,0xBD,0xD6,0xBD,0xB6,0xBD,0xD6,0xBD,0x95,0xBD,0x33,0xAD,0x38,0xCE,0x1C,0xDF,0xDB,0xDE,0xFB,0xDE,0xFB,0xDE,0xFB,0xDE,0xFB,0xDE,0xFB,0xDE,0xFB,0xDE,0xFB,0xDE,
    0xDB,0xDE,0xFB,0xDE,0xBA,0xD6,0x86,0x29,0xE3,0x48,0x65,0x89,0x65,0x81,0x65,0x89,0xE3,0x60,0x69,0x5A,0x10,0x7C,0x30,0x84,0xF7,0xBD,0xD7,0xBD,0xDB,0xDE,0xFB,0xDE,
    0xFB,0xDE,0xDB,0xDE,0xFB,0xDE,0x59,0xCE,0xBA,0xD6,0x51,0x8C,0x8E,0x73,0xC7,0x39,0x48,0x6B,0x88,0x6B,0x67,0x63,0x48,0x63,0x46,0x84,0xAA,0x94,0x65,0xCE,0xC5,0x8C,
    0x24,0xBE,0x27,0xA5,0xE7,0xA4,0x25,0xC6,0x25,0xC6,0xA6,0xD6,0x8E,0x9C,0x62,0x08,0xC7,0x39,0x96,0xB5,0x55,0xAD,0x14,0xA5,0x14,0xA5,0x34,0xA5,0x49,0x4A,0x04,0x19,
    0xEE,0x3A,0x8C,0x32,0xAC,0x32,0xC8,0x29,0x04,0x19,0xC3,0x18,0x81,0x10,0x61,0x08,0xC3,0x10,0x8D,0x73,0xB5,0xB5,0xCF,0x7B,0xC7,0x83,0xE5,0xBD,0xE5,0x73,0xD0,0xBD,
    0x49,0xAD,0x28,0x6B,0xF4,0xBD,0xD6,0xBD,0x73,0xAD,0xBA,0xD6,0xFC,0xDE,0x75,0xB5,0x4B,0x7B,0x70,0x94,0xC9,0x83,0x04,0x9D,0x85,0x73,0x85,0xAD,0x27,0x84,0x27,0x7C,
    0x23,0x84,0x48,0x4A,0x4E,0x8C,0x2B,0x6B,0xE5,0x9C,0xA8,0x73,0x07,0x52,0xA8,0x7B,0x09,0x63,0x86,0x94,0x84,0xAD,0xAA,0x94,0xCB,0x9C,0x44,0xCE,0x04,0x42,0x85,0xB5,
    0x45,0xCE,0x25,0xC6,0xE5,0xBD,0xA5,0x94,0xE5,0x9C,0x05,0x8C,0x85,0x62,0xC3,0x18,0xE7,0x39,0x10,0x84,0xF7,0xBD,0xFB,0xDE,0xFB,0xDE,0xDB,0xDE,0xFB,0xDE,0x9A,0xD6,
    0xD3,0x9C,0xB6,0xB5,0x08,0x72,0x65,0x81,0x65,0x81,0x65,0x81,0x65,0x89,0xE3,0x48,0x04,0x19,0x9A,0xD6,0xFB,0xDE,0xDB,0xDE,0xFB,0xDE,0xFB,0xDE,0xFB,0xDE,0xFB,0xDE,
    0xFB,0xDE,0xFB,0xDE,0xFB,0xDE,0xFB,0xDE,0xFB,0xDE,0xFB,0xDE,0xFB,0xDE,0xFB,0xDE,0xFB,0xDE,0xDB,0xDE,0x17,0xC6,0xB6,0xBD,0xB6,0xBD,0xB6,0xBD,0xD6,0xBD,0xD6,0xBD,
    0xD6,0xBD,0xD6,0xBD,0xB6,0xBD,0xD6,0xBD,0x95,0xBD,0x33,0xAD,0x38,0xCE,0x1C,0xDF,0xDB,0xDE,0xFB,0xDE,0xFB,0xDE,0xFB,0xDE,0xFB,0xDE,0xFB,0xDE,0xFB,0xDE,0xFB,0xDE,
    0xFB,0xDE,0xDB,0xDE,0x5D,0xEF,0x2C,0x63,0x41,0x08,0x65,0x79,0x65,0x81,0x65,0x81,0x65,0x81,0xE3,0x38,0xF3,0x9C,0xB2,0x94,0xAA,0x52,0xB6,0xB5,0x3C,0xE7,0xFB,0xDE,
    0xFB,0xDE,0xFB,0xDE,0xFB,0xDE,0x9A,0xD6,0x34,0xA5,0xF7,0xBD,0x55,0xAD,0x28,0x42,0xAA,0x7B,0x08,0x84,0xA6,0x73,0x63,0x52,0x85,0x63,0xC7,0x6B,0x85,0xAD,0xE5,0x94,
    0x25,0xC6,0xA6,0xB5,0x46,0x84,0xE5,0xC5,0x25,0xC6,0x06,0xC6,0x6A,0x73,0xC3,0x18,0xE7,0x39,0xDB,0xDE,0x3C,0xE7,0x1C,0xE7,0x7D,0xEF,0x58,0xCE,0x45,0x21,0xD5,0x53,
    0x36,0x54,0xF4,0x4B,0xB2,0x4B,0x91,0x43,0x70,0x43,0xCD,0x3A,0x46,0x21,0xA2,0x10,0x82,0x10,0x41,0x08,0xF3,0x9C,0x31,0x8C,0x47,0x84,0xC5,0x9C,0xAA,0x94,0xF4,0xC5,
    0xF0,0x83,0x34,0xAD,0xDA,0xDE,0xD7,0xBD,0x97,0xD6,0x97,0xD6,0xF8,0xDE,0x58,0xCE,0x34,0xAD,0x13,0xA5,0x09,0x6B,0xE4,0xA4,0xC6,0x83,0x64,0xAD,0xA6,0x73,0x6B,0x8C,
    0xA2,0x52,0xCF,0x83,0xD1,0x9C,0xD2,0x9C,0xA9,0x9C,0x68,0x6B,0x25,0x74,0x6A,0xB5,0x2B,0xAD,0x84,0x73,0xE5,0x83,0x86,0x7B,0x69,0xB5,0xE5,0xBD,0xE3,0x39,0x05,0xBE,
    0x25,0xC6,0x25,0xC6,0x25,0xC6,0x05,0xA5,0xC5,0x94,0x26,0x84,0x65,0x4A,0xE3,0x28,0xCE,0x73,0x96,0xB5,0x55,0xAD,0xFB,0xDE,0xDB,0xDE,0xFB,0xDE,0xDB,0xDE,0x5D,0xEF,
    0xD3,0x9C,0x49,0x42,0xED,0x92,0x45,0x81,0x65,0x81,0x65,0x81,0x65,0x89,0x04,0x61,0xE3,0x10,0x59,0xCE,0x1C,0xE7,0xDB,0xDE,0xFB,0xDE,0xFB,0xDE,0xFB,0xDE,0xFB,0xDE,
    0xFB,0xDE,0xFB,0xDE,0xFB,0xDE,0xFB,0xDE,0xFB,0xDE,0xFB,0xDE,0xFB,0xDE,0xFB,0xDE,0xFB,0xDE,0xDB,0xDE,0x17,0xC6,0xD6,0xBD,0xB6,0xBD,0xB6,0xBD,0xD6,0xBD,0xD6,0xBD,
    0xB6,0xBD,0xB6,0xBD,0xD6,0xBD,0xD6,0xBD,0xB5,0xBD,0x33,0xAD,0x38,0xCE,0x1C,0xDF,0xDB,0xDE,0xFB,0xDE,0xFB,0xDE,0xFB,0xDE,0xFB,0xDE,0xFB,0xDE,0xFB,0xDE,0xFB,0xDE,
    0xFB,0xDE,0xDB,0xDE,0x3C,0xE7,0x14,0xA5,0xE3,0x18,0x04,0x49,0x65,0x89,0x45,0x79,0x65,0x61,0x03,0x49,0x2C,0x63,0x14,0xA5,0x30,0x84,0x92,0x94,0x18,0xC6,0x18,0xC6,
    0xFB,0xDE,0xDB,0xDE,0xDB,0xDE,0xFB,0xDE,0xFB,0xDE,0x75,0xAD,0xB2,0x94,0xCB,0x5A,0xC9,0x5A,0xCC,0x73,0x85,0x6B,0x47,0x73,0xC5,0x5A,0x45,0x4A,0xA5,0x8C,0x65,0x94,
    0x05,0xC6,0xE5,0xBD,0xC5,0xB5,0x05,0xC6,0x65,0xCE,0xE6,0x9C,0x4C,0x6B,0x04,0x21,0xC7,0x39,0xBA,0xD6,0xDB,0xDE,0xBA,0xD6,0x3C,0xE7,0xB2,0x9C,0xC9,0x21,0x99,0x64,
    0x16,0x54,0x79,0x5C,0xF0,0x42,0x45,0x21,0xB2,0x4B,0x91,0x43,0x91,0x43,0xA7,0x21,0x82,0x10,0xA2,0x10,0xA2,0x10,0x0D,0x63,0x4C,0xA5,0x67,0x8C,0x11,0xA5,0x10,0x8C,
    0x95,0xB5,0xBB,0xD6,0xB5,0xB5,0x17,0xC6,0x59,0xCE,0xFB,0xDE,0x94,0xD6,0x18,0xC6,0x35,0xAD,0x7A,0xD6,0x6B,0x73,0xA4,0x94,0xE5,0x83,0x86,0x94,0x87,0x73,0xE7,0x7B,
    0x49,0x6B,0x14,0xA5,0x17,0xC6,0xF4,0xBD,0xEB,0xA4,0xA3,0x62,0xC9,0x94,0x0C,0xA5,0x44,0x84,0x45,0xAD,0xC6,0x73,0x89,0x7B,0xC4,0xB5,0xE4,0x9C,0x43,0x29,0x25,0xC6,
    0x25,0xC6,0x05,0xC6,0x45,0xA5,0x85,0x8C,0x45,0xA5,0xA5,0x7B,0x44,0x6B,0xC3,0x18,0x69,0x4A,0x30,0x84,0xBA,0xD6,0xFB,0xDE,0xDB,0xDE,0xFB,0xDE,0xDB,0xDE,0x5D,0xEF,
    0x71,0x8C,0x08,0x42,0x48,0x62,0x45,0x81,0x65,0x81,0x65,0x81,0x65,0x89,0x65,0x69,0x81,0x10,0x51,0x8C,0x5D,0xEF,0xDB,0xDE,0xFB,0xDE,0xFB,0xDE,0xFB,0xDE,0xFB,0xDE,
    0xFB,0xDE,0xFB,0xDE,0xFB,0xDE,0xFB,0xDE,0xFB,0xDE,0xFB,0xDE,0xFB,0xDE,0xFB,0xDE,0xFB,0xDE,0xFB,0xDE,0x38,0xC6,0xD6,0xBD,0xB6,0xBD,0xB6,0xBD,0xD6,0xBD,0xD6,0xBD,
    0xB5,0xBD,0xB6,0xBD,0xD6,0xBD,0xD6,0xBD,0xB5,0xBD,0x33,0xAD,0x38,0xCE,0x1C,0xDF,0xDB,0xDE,0xFB,0xDE,0xFB,0xDE,0xFB,0xDE,0xFB,0xDE,0xFB,0xDE,0xFB,0xDE,0xFB,0xDE,
    0xFB,0xDE,0xFB,0xDE,0xDB,0xDE,0x3C,0xE7,0x69,0x4A,0x61,0x10,0x45,0x69,0x45,0x71,0x24,0x59,0x61,0x18,0xE7,0x39,0xF3,0xA4,0x0C,0x63,0xD7,0xBD,0x79,0xCE,0xF3,0x9C,
    0x1C,0xE7,0xDB,0xDE,0xFB,0xDE,0xDB,0xDE,0x7D,0xEF,0x34,0xA5,0x30,0x84,0xB3,0x94,0xCD,0x9C,0x67,0x8C,0x06,0xA5,0x06,0x63,0xE6,0x62,0xE7,0x8B,0x65,0x94,0x65,0x9C,
    0xE5,0xBD,0x25,0xCE,0x45,0xCE,0x05,0xC6,0x85,0xD6,0x63,0x63,0xEB,0x62,0x4D,0x6B,0x61,0x08,0xD7,0xBD,0x3C,0xE7,0xDB,0xDE,0x3D,0xE7,0x0B,0x63,0xEA,0x29,0x78,0x5C,
    0x17,0x54,0x16,0x54,0x46,0x21,0x82,0x10,0xF6,0x53,0x16,0x54,0xF5,0x53,0x51,0x43,0x04,0x21,0xA2,0x10,0xC2,0x18,0x49,0x4A,0x51,0xA5,0x44,0x95,0x2F,0xAD,0xB7,0xBD,
    0xDB,0xDE,0x39,0xC6,0xB2,0xB5,0x77,0xCE,0x98,0xD6,0xB9,0xD6,0xDB,0xDE,0x17,0xBE,0x8C,0x8C,0x95,0xB5,0xCB,0x83,0xE7,0xB5,0x29,0x6B,0xE5,0x7B,0xED,0x9C,0x65,0x52,
    0x30,0x8C,0xF7,0xBD,0xFB,0xDE,0x90,0xB5,0x67,0x4A,0x09,0x6B,0xC5,0x83,0xCA,0x9C,0x86,0x94,0xA4,0x83,0x86,0x94,0x29,0x8C,0x65,0xCE,0xA7,0x5A,0x45,0x4A,0x25,0x9D,
    0x85,0xAD,0x25,0xC6,0xE5,0x94,0x45,0x8C,0x25,0x7C,0xC6,0x7B,0x67,0x6B,0xA6,0x39,0x08,0x42,0xAA,0x52,0x9A,0xD6,0xFB,0xDE,0xDB,0xDE,0xDB,0xDE,0xFB,0xDE,0xBA,0xD6,
    0x51,0x8C,0xA6,0x39,0x24,0x51,0x45,0x81,0x65,0x81,0x65,0x81,0x65,0x81,0x65,0x71,0xC2,0x20,0xF0,0x7B,0x5D,0xEF,0xDB,0xDE,0xFB,0xDE,0xFB,0xDE,0xFB,0xDE,0xFB,0xDE,
    0xFB,0xDE,0xFB,0xDE,0xFB,0xDE,0xFB,0xDE,0xFB,0xDE,0xFB,0xDE,0xFB,0xDE,0xFB,0xDE,0xFB,0xDE,0xFB,0xDE,0x79,0xCE,0xD6,0xBD,0xD6,0xBD,0xD6,0xBD,0xD6,0xBD,0xD6,0xBD,
    0xB5,0xBD,0xB6,0xBD,0xD6,0xBD,0xD6,0xBD,0xB5,0xBD,0x33,0xAD,0x38,0xCE,0x1C,0xDF,0xDB,0xDE,0xFB,0xDE,0xFB,0xDE,0xFB,0xDE,0xFB,0xDE,0xFB,0xDE,0xFB,0xDE,0xFB,0xDE,
    0xFB,0xDE,0xFB,0xDE,0xDB,0xDE,0x3C,0xE7,0x75,0xAD,0xA2,0x10,0xE3,0x28,0x45,0x71,0x24,0x59,0x04,0x71,0x8E,0x8B,0x8A,0x4A,0x4D,0x6B,0x75,0xAD,0x38,0xC6,0x79,0xCE,
    0xFB,0xDE,0xDB,0xDE,0xDB,0xDE,0xFB,0xDE,0x38,0xC6,0x59,0xCE,0xB2,0x94,0x49,0x4A,0xC9,0x5A,0xC8,0x5A,0x66,0xA5,0xA3,0x52,0x43,0x42,0x45,0x94,0x45,0x8C,0x65,0x9C,
    0xE5,0xBD,0x25,0xC6,0x25,0xC6,0x05,0xC6,0x65,0xCE,0x84,0x52,0x11,0x84,0x38,0xCE,0x24,0x21,0x96,0xB5,0x3C,0xE7,0xBA,0xD6,0x3C,0xE7,0x4C,0x6B,0xEB,0x29,0x99,0x64,
    0x17,0x54,0xF5,0x53,0xE3,0x18,0x87,0x21,0x37,0x5C,0x37,0x5C,0x58,0x5C,0x73,0x4B,0xE3,0x18,0x08,0x42,0x0C,0x63,0xCF,0x7B,0xD2,0x9C,0x31,0xA5,0x96,0xB5,0xBA,0xD6,
    0x78,0xCE,0x98,0xD6,0xB3,0xB5,0x99,0xD6,0x1B,0xE7,0xBB,0xD6,0xFB,0xDE,0x79,0xCE,0x14,0xC6,0x59,0xCE,0x2C,0x84,0x28,0x84,0x28,0x4A,0xC8,0x5A,0xEC,0x62,0x49,0x52,
    0xB6,0xB5,0x59,0xCE,0x3B,0xE7,0x06,0x7C,0xC9,0x5A,0xA9,0x94,0xAB,0xBD,0x89,0x9C,0x25,0x8C,0xC5,0x73,0x25,0x84,0x67,0xAD,0x06,0xA5,0xAD,0x7B,0xE9,0x7B,0x05,0x9D,
    0xE5,0xBD,0x05,0xC6,0x25,0x9D,0x06,0x84,0xE4,0x62,0x8D,0x94,0xED,0x5A,0x07,0x42,0x4D,0x6B,0xAE,0x73,0x38,0xC6,0x1C,0xE7,0xDB,0xDE,0xDB,0xDE,0x3C,0xE7,0x75,0xAD,
    0x55,0xAD,0xCF,0x7B,0x82,0x28,0x65,0x81,0x65,0x81,0x65,0x81,0x65,0x89,0x65,0x71,0xC2,0x18,0x92,0x94,0x5D,0xEF,0xDB,0xDE,0xFB,0xDE,0xFB,0xDE,0xFB,0xDE,0xFB,0xDE,
    0xFB,0xDE,0xFB,0xDE,0xFB,0xDE,0xFB,0xDE,0xFB,0xDE,0xFB,0xDE,0xFB,0xDE,0xFB,0xDE,0xFB,0xDE,0xFB,0xDE,0x59,0xCE,0xD6,0xBD,0xD6,0xBD,0xD6,0xBD,0xD6,0xBD,0xD6,0xBD,
    0xB5,0xBD,0xB6,0xBD,0xD6,0xBD,0xD6,0xBD,0x95,0xB5,0x33,0xAD,0x99,0xD6,0xFB,0xDE,0xDB,0xDE,0xFB,0xDE,0xFB,0xDE,0xFB,0xDE,0xFB,0xDE,0xFB,0xDE,0xFB,0xDE,0xFB,0xDE,
    0xFB,0xDE,0xFB,0xDE,0xFB,0xDE,0xDB,0xDE,0x3C,0xE7,0x08,0x42,0xA2,0x08,0x86,0x61,0x65,0x89,0x65,0x89,0x65,0x51,0xC7,0x29,0xB2,0x94,0x14,0xA5,0x30,0x84,0x38,0xC6,
    0x1C,0xE7,0xDB,0xDE,0xDB,0xDE,0x1C,0xE7,0x18,0xC6,0xBA,0xD6,0x59,0xCE,0xCF,0x7B,0xE9,0x5A,0xC7,0x63,0x88,0x8C,0xE4,0x62,0xA3,0x31,0x87,0x94,0xA5,0x9C,0x45,0x94,
    0xE5,0xC5,0x25,0xC6,0x25,0xCE,0x25,0xC6,0xA5,0xB5,0x45,0x4A,0x35,0xA5,0xFB,0xDE,0xB2,0x94,0xF3,0x9C,0x1C,0xE7,0xFB,0xDE,0x9E,0xF7,0xD7,0xBD,0x66,0x21,0x16,0x54,
    0x38,0x5C,0x37,0x5C,0xB4,0x53,0xD5,0x53,0x37,0x5C,0x16,0x54,0x79,0x5C,0x0A,0x32,0x40,0x08,0x30,0x84,0xBA,0xD6,0x79,0xCE,0x13,0xA5,0x34,0xAD,0x59,0xCE,0xF6,0xBD,
    0xB6,0xD6,0xD5,0xB5,0xD5,0xB5,0xF7,0xDE,0x39,0xC6,0x93,0xB5,0xFB,0xDE,0xFB,0xDE,0x10,0xA5,0x0C,0x63,0xEC,0x5A,0x29,0x42,0xC7,0x39,0xE7,0x39,0xB1,0x9C,0x33,0xAD,
    0xB6,0xBD,0xB7,0xBD,0xF3,0xBD,0x23,0x8C,0xC7,0x83,0x4F,0x94,0xD6,0xDE,0x8B,0x94,0xEB,0x62,0xA5,0x94,0xE6,0x9C,0x05,0xC6,0x25,0x8C,0xC5,0x9C,0x04,0x6B,0x25,0xA5,
    0x05,0xA5,0x25,0xC6,0xA7,0xAD,0xA7,0x7B,0x86,0x94,0x05,0x63,0x4A,0x4A,0x41,0x08,0x0C,0x63,0x30,0x84,0x38,0xC6,0xFB,0xDE,0xDB,0xDE,0xFB,0xDE,0xFB,0xDE,0xFB,0xDE,
    0x79,0xCE,0x14,0xA5,0xCF,0x73,0x24,0x69,0x65,0x89,0x65,0x81,0x45,0x81,0x04,0x49,0xA2,0x20,0x72,0xA4,0x3C,0xE7,0xDB,0xDE,0xFB,0xDE,0xFB,0xDE,0xFB,0xDE,0xFB,0xDE,
    0xFB,0xDE,0xFB,0xDE,0xFB,0xDE,0xFB,0xDE,0xFB,0xDE,0xFB,0xDE,0xFB,0xDE,0xFB,0xDE,0xFB,0xDE,0xFB,0xDE,0x59,0xCE,0xF6,0xBD,0xD6,0xBD,0xD6,0xBD,0xF6,0xBD,0xF7,0xBD,
    0xB5,0xBD,0xB6,0xBD,0xD6,0xBD,0xD6,0xBD,0x95,0xB5,0x13,0xAD,0x99,0xD6,0xFB,0xDE,0xDB,0xDE,0xFB,0xDE,0xFB,0xDE,0xFB,0xDE,0xFB,0xDE,0xFB,0xDE,0xFB,0xDE,0xFB,0xDE,
    0xFB,0xDE,0xFB,0xDE,0xFB,0xDE,0xDB,0xDE,0x3C,0xE7,0xD3,0x9C,0x61,0x08,0x65,0x31,0x85,0x79,0x03,0x39,0x82,0x18,0x8B,0x8A,0x51,0x8C,0xD7,0xBD,0xEB,0x5A,0xF7,0xBD,
    0x1C,0xE7,0xDB,0xDE,0xFB,0xDE,0xDB,0xDE,0x3C,0xE7,0xB6,0xB5,0xB6,0xB5,0x6D,0x6B,0xC6,0x39,0x0B,0x63,0x45,0x42,0x64,0x4A,0x22,0x29,0x64,0x94,0xA4,0x9C,0xC5,0x9C,
    0xE5,0xBD,0x45,0xCE,0x85,0xAD,0x45,0xCE,0x45,0xA5,0x24,0x21,0xD2,0x9C,0x1C,0xDF,0xFB,0xDE,0xFB,0xDE,0x99,0xCE,0x38,0xC6,0x14,0xA5,0x34,0xA5,0x03,0x21,0x68,0x21,
    0x16,0x5C,0x78,0x64,0x78,0x5C,0x58,0x5C,0x16,0x54,0x78,0x5C,0x52,0x4B,0xA2,0x10,0xE7,0x39,0xDB,0xDE,0xFB,0xDE,0xFB,0xDE,0x38,0xCE,0xB1,0x9C,0x38,0xC6,0x18,0xC6,
    0x38,0xCE,0x33,0xA5,0x75,0xAD,0x39,0xCE,0x95,0xB5,0xB6,0xB5,0x96,0xB5,0x89,0x52,0x61,0x08,0x20,0x00,0x20,0x08,0x20,0x08,0x81,0x10,0xA2,0x10,0xC7,0x31,0xCA,0x5A,
    0x4C,0x6B,0x76,0xAD,0x2C,0xC6,0xC4,0x9C,0x88,0x73,0x76,0xAD,0x7E,0xEF,0xB2,0x9C,0x69,0x52,0x26,0xA5,0xE5,0x9C,0x06,0xA5,0x85,0x73,0x45,0xA5,0xC7,0x6A,0xE7,0xA4,
    0x65,0x73,0xA4,0xB5,0x89,0x94,0x29,0xAD,0x67,0xA5,0x85,0x52,0xE4,0x18,0x04,0x21,0xA6,0x31,0xB6,0xB5,0x3C,0xE7,0xFB,0xDE,0xDB,0xDE,0xDB,0xDE,0x3C,0xE7,0x75,0xAD,
    0x8E,0x73,0x75,0xAD,0xCE,0x93,0x85,0x61,0x45,0x81,0x65,0x81,0x45,0x81,0x04,0x51,0xC3,0x50,0xD1,0xC3,0x3C,0xE7,0xDB,0xDE,0xFB,0xDE,0xFB,0xDE,0xFB,0xDE,0xFB,0xDE,
    0xFB,0xDE,0xFB,0xDE,0xFB,0xDE,0xFB,0xDE,0xFB,0xDE,0xFB,0xDE,0xFB,0xDE,0xFB,0xDE,0xFB,0xDE,0xFB,0xDE,0x59,0xCE,0xF7,0xC5,0xF7,0xC5,0xF7,0xC5,0xF7,0xC5,0xF7,0xC5,
    0xB5,0xBD,0xB6,0xBD,0xD6,0xBD,0xD6,0xBD,0x74,0xB5,0x13,0xAD,0x99,0xD6,0xFB,0xDE,0xDB,0xDE,0xFB,0xDE,0xFB,0xDE,0xFB,0xDE,0xFB,0xDE,0xFB,0xDE,0xFB,0xDE,0xFB,0xDE,
    0xFB,0xDE,0xFB,0xDE,0xFB,0xDE,0xFB,0xDE,0xFB,0xDE,0xDB,0xDE,0x65,0x29,0x61,0x08,0x24,0x59,0x65,0x79,0x65,0x81,0x04,0x59,0x6E,0x7B,0x10,0x84,0xAE,0x73,0x0C,0x63,
    0xFB,0xDE,0xFB,0xDE,0xFB,0xDE,0xFB,0xDE,0xFB,0xDE,0x59,0xCE,0x96,0xB5,0x10,0x84,0x71,0x8C,0xE8,0x39,0x64,0x31,0x69,0x52,0x42,0x29,0x05,0xA5,0xC6,0x7B,0x46,0x7C,
    0x05,0xC6,0x45,0xCE,0x65,0x8C,0xE5,0xBD,0xC5,0xB5,0x05,0x3A,0xAB,0x5A,0x1C,0xE7,0xFB,0xDE,0xDB,0xDE,0x8E,0x73,0x28,0x4A,0x61,0x08,0xA2,0x10,0xC3,0x18,0x20,0x08,
    0xE3,0x18,0x4B,0x32,0x32,0x43,0xD6,0x53,0x99,0x64,0x52,0x4B,0xC3,0x18,0xC6,0x39,0xF7,0xBD,0x1C,0xE7,0xDB,0xDE,0xFB,0xDE,0xDB,0xDE,0xD6,0xBD,0x9A,0xD6,0x59,0xCE,
    0xBA,0xD6,0x17,0xC6,0x38,0xC6,0xF7,0xBD,0x13,0xA5,0x17,0xC6,0x75,0xAD,0x41,0x08,0xA2,0x10,0x04,0x21,0xEA,0x29,0x09,0x2A,0x25,0x21,0xA2,0x10,0x41,0x08,0x20,0x08,
    0x20,0x00,0x04,0x21,0xA4,0x5A,0x07,0x6B,0x75,0xB5,0x1C,0xE7,0x79,0xD6,0x71,0x8C,0x47,0x6B,0xC5,0x9C,0xA5,0x94,0x46,0x8C,0x25,0x84,0x65,0xAD,0xC4,0x39,0x44,0x8C,
    0xA5,0x73,0xA5,0xB5,0xA5,0x7B,0x84,0x6B,0xA5,0x84,0x28,0x63,0xA3,0x10,0x45,0x21,0xEF,0x7B,0x79,0xCE,0x96,0xB5,0x9A,0xD6,0xFB,0xDE,0xDB,0xDE,0x3C,0xE7,0x71,0x8C,
    0x24,0x29,0x8E,0x6B,0x6D,0xA3,0xE3,0x58,0x45,0x71,0x65,0x81,0x65,0x89,0x24,0x61,0x82,0x28,0x6F,0xA3,0x3C,0xE7,0xDB,0xDE,0xFB,0xDE,0xFB,0xDE,0xFB,0xDE,0xFB,0xDE,
    0xFB,0xDE,0xFB,0xDE,0xFB,0xDE,0xFB,0xDE,0xFB,0xDE,0xFB,0xDE,0xFB,0xDE,0xFB,0xDE,0xFB,0xDE,0xFB,0xDE,0x59,0xCE,0xF7,0xC5,0xF7,0xC5,0xF7,0xC5,0xF7,0xC5,0xF7,0xC5,
    0xD6,0xBD,0xD6,0xBD,0xD6,0xBD,0xF6,0xBD,0x95,0xB5,0x33,0xAD,0x9A,0xD6,0xFB,0xDE,0xDB,0xDE,0xFB,0xDE,0xFB,0xDE,0xFB,0xDE,0xFB,0xDE,0xFB,0xDE,0xFB,0xDE,0xFB,0xDE,
    0xFB,0xDE,0xFB,0xDE,0xFB,0xDE,0xFB,0xDE,0xDB,0xDE,0x5D,0xEF,0x51,0x8C,0xA2,0x08,0x65,0x59,0x65,0x89,0x45,0x81,0x45,0x69,0x6E,0x9B,0x49,0x42,0xAA,0x52,0x4D,0x6B,
    0x38,0xC6,0xBA,0xD6,0xFB,0xDE,0xDB,0xDE,0x1C,0xE7,0xF7,0xBD,0xD7,0xBD,0x8E,0x73,0xB6,0xB5,0x14,0xA5,0x86,0x31,0xA6,0x31,0xC5,0x39,0x06,0xC6,0x85,0x94,0xAA,0x73,
    0x05,0xC6,0x25,0xCE,0x85,0xB5,0xE5,0xBD,0x85,0xD6,0x44,0x84,0xE7,0x39,0x1C,0xE7,0xBA,0xD6,0x78,0xCE,0xF2,0x9C,0xD2,0x9C,0x14,0x9D,0x14,0xA5,0x4D,0x6B,0x08,0x42,
    0x86,0x31,0x85,0x31,0x45,0x21,0x05,0x19,0x87,0x21,0x82,0x10,0x89,0x52,0x18,0xC6,0x1C,0xE7,0xDB,0xDE,0xFB,0xDE,0xFB,0xDE,0x9A,0xD6,0x9A,0xD6,0xBA,0xD6,0xFB,0xDE,
    0xFB,0xDE,0xDB,0xDE,0xDB,0xDE,0xBA,0xD6,0xD7,0xBD,0x58,0xCE,0xB6,0xB5,0x8E,0x73,0x61,0x08,0x51,0x4B,0x16,0x54,0x50,0x43,0x50,0x43,0x0E,0x3B,0x4A,0x32,0x25,0x19,
    0xE3,0x18,0xA2,0x10,0x42,0x08,0x62,0x10,0x50,0x8C,0x7D,0xEF,0x17,0xC6,0x51,0x8C,0x11,0xC6,0x65,0x84,0x05,0xAD,0xE5,0xA4,0x05,0xA5,0x85,0xAD,0xC4,0x7B,0x45,0x8C,
    0x49,0x7C,0x25,0xA5,0x83,0x73,0xE4,0x52,0xA5,0x7B,0xC5,0x52,0x83,0x10,0x44,0x29,0xEB,0x5A,0x38,0xC6,0xF7,0xBD,0xF7,0xBD,0x1C,0xE7,0xDB,0xDE,0x1C,0xE7,0x96,0xB5,
    0xAA,0x5A,0xAE,0x6B,0xE7,0x61,0x45,0x89,0x65,0x81,0x65,0x81,0x65,0x89,0x45,0x71,0x82,0x20,0xCF,0x73,0x3C,0xE7,0xDB,0xDE,0xFB,0xDE,0xFB,0xDE,0xFB,0xDE,0xFB,0xDE,
    0xFB,0xDE,0xFB,0xDE,0xFB,0xDE,0xFB,0xDE,0xFB,0xDE,0xFB,0xDE,0xFB,0xDE,0xFB,0xDE,0xFB,0xDE,0xFB,0xDE,0x79,0xCE,0x17,0xC6,0xF7,0xC5,0xF7,0xC5,0xF7,0xC5,0xF7,0xC5,
    0xD6,0xBD,0xF6,0xBD,0xF7,0xBD,0xF7,0xC5,0x95,0xB5,0x54,0xB5,0x9A,0xD6,0xFB,0xDE,0xDB,0xDE,0xFB,0xDE,0xFB,0xDE,0xFB,0xDE,0xFB,0xDE,0xFB,0xDE,0xFB,0xDE,0xFB,0xDE,
    0xFB,0xDE,0xFB,0xDE,0xFB,0xDE,0xFB,0xDE,0xDB,0xDE,0x1C,0xE7,0xF7,0xBD,0xC3,0x10,0x65,0x51,0x65,0x89,0x45,0x81,0x86,0x89,0x89,0x6A,0xC7,0x41,0x8E,0x6B,0x51,0x8C,
    0x18,0xC6,0xDB,0xDE,0xFB,0xDE,0x1C,0xE7,0xFB,0xDE,0xBA,0xD6,0x59,0xCE,0x14,0xA5,0xD3,0x9C,0x59,0xCE,0x8A,0x52,0x48,0x4A,0xA3,0x10,0x85,0xB5,0x25,0xAD,0x07,0x8C,
    0x65,0xCE,0x45,0xCE,0xC5,0x94,0xA5,0xB5,0x65,0xCE,0xC4,0xBD,0xC9,0x5A,0xFC,0xDE,0x79,0xCE,0xAF,0x94,0x8B,0x73,0xF8,0xBD,0x3C,0xE7,0x5D,0xEF,0x1C,0xE7,0xFB,0xDE,
    0xFC,0xDE,0xFB,0xDE,0x79,0xCE,0xF7,0xC5,0x71,0x94,0x2C,0x63,0x34,0xA5,0xDB,0xDE,0xDB,0xDE,0xFB,0xDE,0xFB,0xDE,0xFB,0xDE,0xFB,0xDE,0xFB,0xDE,0xDB,0xDE,0xFB,0xDE,
    0xFB,0xDE,0xBA,0xD6,0x1C,0xE7,0x59,0xCE,0xF7,0xBD,0xFB,0xDE,0x7D,0xEF,0xB2,0x94,0x25,0x11,0x78,0x5C,0xB4,0x53,0x82,0x10,0x31,0x43,0x15,0x54,0xB2,0x4B,0x91,0x43,
    0xCD,0x32,0x04,0x21,0xE3,0x18,0xA2,0x10,0xE3,0x18,0xEB,0x62,0x18,0xC6,0x16,0xC6,0xFB,0xDE,0xE7,0x9C,0xC7,0x7B,0x46,0xAD,0x05,0xB6,0x45,0xCE,0xA4,0x94,0x85,0x94,
    0x44,0x53,0xA7,0x8C,0x87,0x73,0xC3,0x4A,0xA6,0x6B,0x04,0x4A,0x82,0x10,0xA2,0x10,0xC7,0x31,0xF3,0x9C,0x1C,0xE7,0xFB,0xDE,0xFB,0xDE,0xDB,0xDE,0x3C,0xE7,0x55,0xAD,
    0x8E,0x73,0x8E,0x73,0x8A,0x52,0xC3,0x60,0x65,0x89,0x65,0x81,0x65,0x81,0x65,0x81,0xA2,0x40,0x4D,0x6B,0x3C,0xE7,0xDB,0xDE,0xFB,0xDE,0xFB,0xDE,0xFB,0xDE,0xFB,0xDE,
    0xFB,0xDE,0xFB,0xDE,0xFB,0xDE,0xFB,0xDE,0xFB,0xDE,0xFB,0xDE,0xFB,0xDE,0xFB,0xDE,0xFB,0xDE,0xFB,0xDE,0x9A,0xD6,0x17,0xC6,0xF7,0xC5,0xF7,0xC5,0xF7,0xC5,0xF7,0xC5,
    0xD6,0xBD,0xF6,0xBD,0xF7,0xBD,0xF7,0xC5,0x95,0xB5,0x54,0xB5,0x9A,0xD6,0xFB,0xDE,0xDB,0xDE,0xFB,0xDE,0xFB,0xDE,0xFB,0xDE,0xFB,0xDE,0xFB,0xDE,0xFB,0xDE,0xFB,0xDE,
    0xFB,0xDE,0xFB,0xDE,0xFB,0xDE,0xFB,0xDE,0xFB,0xDE,0xDB,0xDE,0x38,0xC6,0xCB,0x52,0xA2,0x30,0x65,0x89,0x45,0x69,0x45,0x81,0x45,0x51,0x87,0x41,0xD3,0x9C,0x51,0x8C,
    0xF7,0xBD,0x9A,0xD6,0xBA,0xD6,0x59,0xCE,0xFB,0xDE,0xFB,0xDE,0xF7,0xBD,0xCF,0x7B,0x2C,0x63,0xB6,0xB5,0x8A,0x52,0x28,0x42,0x62,0x08,0x26,0x84,0x45,0x9D,0x45,0xA5,
    0x25,0xC6,0x25,0xC6,0xC5,0x9C,0xC5,0xB5,0xC6,0xBD,0xE5,0xBD,0x09,0x63,0xDC,0xDE,0x98,0xD6,0xF1,0xA4,0x96,0xB5,0x79,0xCE,0xFB,0xDE,0xDB,0xDE,0xDB,0xDE,0xFB,0xDE,
    0xFB,0xDE,0xFB,0xDE,0x1C,0xE7,0x1C,0xE7,0x3D,0xE7,0x1C,0xE7,0xFB,0xDE,0xFB,0xDE,0xFB,0xDE,0xFB,0xDE,0xFB,0xDE,0xFB,0xDE,0xFB,0xDE,0xFB,0xDE,0xFB,0xDE,0xFB,0xDE,
    0xFB,0xDE,0x79,0xCE,0xDB,0xDE,0xFB,0xDE,0xDB,0xDE,0xDB,0xDE,0x5D,0xEF,0x0F,0x84,0x68,0x19,0xBA,0x64,0xCE,0x3A,0x00,0x08,0x10,0x43,0x79,0x5C,0x17,0x54,0x37,0x5C,
    0xD4,0x4B,0x25,0x21,0xC3,0x18,0xA2,0x10,0xA2,0x10,0x00,0x00,0x6A,0x4A,0x19,0xE7,0x56,0xCE,0x6F,0xB5,0x26,0x84,0xA5,0xB5,0xA5,0xB5,0x44,0xCE,0xE8,0x7B,0x07,0x9D,
    0x64,0x73,0x47,0xAD,0xA7,0x39,0xE8,0x73,0x88,0x84,0xA4,0x41,0xC3,0x18,0xA2,0x10,0x4D,0x6B,0x0C,0x63,0x96,0xB5,0xFB,0xDE,0xFB,0xDE,0xFB,0xDE,0xDB,0xDE,0x92,0x94,
    0x55,0xAD,0x51,0x8C,0x0C,0x5B,0x86,0x69,0x45,0x89,0x65,0x81,0x65,0x81,0x65,0x79,0xA2,0x40,0xEB,0x5A,0x5D,0xEF,0xDB,0xDE,0xFB,0xDE,0xFB,0xDE,0xFB,0xDE,0xFB,0xDE,
    0xFB,0xDE,0xFB,0xDE,0xFB,0xDE,0xFB,0xDE,0xFB,0xDE,0xFB,0xDE,0xFB,0xDE,0xFB,0xDE,0xFB,0xDE,0xFB,0xDE,0x9A,0xD6,0x17,0xC6,0xF7,0xC5,0xF7,0xC5,0xF7,0xC5,0xF7,0xC5,
    0xD6,0xBD,0xD6,0xBD,0xD6,0xBD,0xF7,0xBD,0x95,0xB5,0x54,0xB5,0x9A,0xD6,0xFB,0xDE,0xDB,0xDE,0xFB,0xDE,0xFB,0xDE,0xFB,0xDE,0xFB,0xDE,0xFB,0xDE,0xFB,0xDE,0xFB,0xDE,
    0xFB,0xDE,0xFB,0xDE,0xFB,0xDE,0xFB,0xDE,0xDB,0xDE,0xFB,0xDE,0xFB,0xDE,0xB2,0x94,0xC3,0x18,0x65,0x69,0x44,0x61,0x45,0x81,0x07,0x7A,0x48,0x62,0x30,0x8C,0x49,0x4A,
    0x75,0xAD,0x34,0xA5,0xB6,0xB5,0x14,0xA5,0x1C,0xE7,0x96,0xB5,0x96,0xB5,0x18,0xC6,0x75,0xAD,0x71,0x8C,0x45,0x29,0xC3,0x18,0x82,0x10,0x44,0x4A,0x85,0xCE,0xE5,0x9C,
    0xE5,0x9C,0x85,0x94,0xA5,0xB5,0xE5,0x9C,0xA5,0x94,0x25,0xC6,0xC5,0x7B,0x19,0xC6,0x57,0xC6,0x36,0xC6,0x58,0xCE,0xFB,0xDE,0xDB,0xDE,0xFB,0xDE,0xFB,0xDE,0xFB,0xDE,
    0xFB,0xDE,0xFB,0xDE,0xDB,0xDE,0xDB,0xDE,0xDB,0xDE,0xDB,0xDE,0xDB,0xDE,0xDB,0xDE,0xFB,0xDE,0xFB,0xDE,0xFB,0xDE,0xFB,0xDE,0xFB,0xDE,0xFB,0xDE,0xFB,0xDE,0xFB,0xDE,
    0xFB,0xDE,0xFB,0xDE,0xFB,0xDE,0xFB,0xDE,0xFB,0xDE,0xDB,0xDE,0xFB,0xDE,0x50,0x8C,0xA8,0x21,0x78,0x5C,0x11,0x43,0xA8,0x21,0xF5,0x53,0x37,0x5C,0x17,0x54,0x37,0x5C,
    0xF6,0x53,0xC3,0x10,0xA6,0x31,0xB2,0x94,0xC7,0x39,0xA2,0x10,0x21,0x00,0xF1,0x9C,0xB4,0xBD,0xCD,0x9C,0x83,0x94,0xC5,0x7B,0xA5,0xD6,0x25,0xC6,0xE8,0x7B,0xA7,0xB5,
    0xC5,0xBD,0x65,0xCE,0x03,0x42,0x87,0x31,0xEA,0x83,0x63,0x29,0xA3,0x10,0x04,0x21,0x55,0xAD,0x92,0x94,0x38,0xC6,0x18,0xC6,0xDB,0xDE,0xDB,0xDE,0xD6,0xBD,0x49,0x4A,
    0xF7,0xBD,0x71,0x94,0xCA,0x52,0xC7,0x71,0x45,0x81,0x65,0x81,0x65,0x81,0x45,0x79,0xE3,0x60,0x8D,0x83,0x3C,0xE7,0xDB,0xDE,0xFB,0xDE,0xFB,0xDE,0xFB,0xDE,0xFB,0xDE,
    0xFB,0xDE,0xFB,0xDE,0xFB,0xDE,0xFB,0xDE,0xFB,0xDE,0xFB,0xDE,0xFB,0xDE,0xFB,0xDE,0xFB,0xDE,0xFB,0xDE,0x9A,0xD6,0x17,0xC6,0xF7,0xC5,0xF7,0xC5,0xF7,0xC5,0xF7,0xC5,
    0xD6,0xBD,0xD6,0xBD,0xD6,0xBD,0xD6,0xBD,0x95,0xB5,0x54,0xB5,0x9A,0xD6,0xFB,0xDE,0xDB,0xDE,0xFB,0xDE,0xFB,0xDE,0xFB,0xDE,0xFB,0xDE,0xFB,0xDE,0xFB,0xDE,0xFB,0xDE,
    0xFB,0xDE,0xFB,0xDE,0xFB,0xDE,0xFB,0xDE,0xFB,0xDE,0xFB,0xDE,0xDB,0xDE,0x55,0xAD,0x03,0x21,0x65,0x71,0x45,0x79,0x24,0x61,0x65,0x81,0xA5,0x61,0xAE,0x6B,0xEB,0x5A,
    0x79,0xCE,0x96,0xB5,0x9A,0xD6,0x79,0xCE,0xFB,0xDE,0x9A,0xD6,0x18,0xC6,0x55,0xAD,0xDB,0xDE,0x55,0xAD,0x8A,0x52,0x8A,0x52,0x62,0x08,0xE8,0x5A,0x05,0xC6,0x85,0xB5,
    0x25,0xA5,0x05,0x7C,0x85,0xA5,0x85,0xB5,0xC6,0x9C,0x45,0xCE,0x66,0x94,0x19,0xC6,0xDA,0xDE,0xDB,0xDE,0xFB,0xDE,0xDB,0xDE,0xFB,0xDE,0xFB,0xDE,0xFB,0xDE,0xFB,0xDE,
    0xFB,0xDE,0xFB,0xDE,0xFB,0xDE,0xFB,0xDE,0xFB,0xDE,0xFB,0xDE,0xFB,0xDE,0xFB,0xDE,0xFB,0xDE,0xFB,0xDE,0xFB,0xDE,0xFB,0xDE,0xFB,0xDE,0xFB,0xDE,0xFB,0xDE,0xFB,0xDE,
    0xFB,0xDE,0xFB,0xDE,0xFB,0xDE,0xFB,0xDE,0xDB,0xDE,0x1C,0xE7,0xD2,0x9C,0x8D,0x73,0x65,0x29,0xB4,0x4B,0x79,0x5C,0x17,0x54,0x37,0x5C,0x17,0x5C,0x17,0x5C,0x37,0x54,
    0x16,0x5C,0x61,0x08,0x6D,0x73,0x9E,0xF7,0x55,0xAD,0x49,0x4A,0x40,0x08,0xC7,0x31,0x2D,0x6B,0xEE,0xA4,0x28,0x63,0x85,0x73,0x25,0xC6,0x65,0xAD,0x65,0x84,0x65,0xAD,
    0x65,0xCE,0xE5,0xBD,0x88,0x73,0x04,0x21,0x6B,0x6B,0x86,0x4A,0x25,0x21,0xCB,0x5A,0xEF,0x7B,0xB6,0xB5,0x5D,0xEF,0xD7,0xBD,0xDB,0xD6,0x14,0xC5,0x38,0xD6,0x92,0x8C,
    0xD3,0x9C,0x92,0x94,0x28,0x42,0x85,0x71,0x45,0x89,0x65,0x81,0x65,0x81,0x45,0x79,0xE3,0x58,0x4C,0x7B,0x3C,0xE7,0xDB,0xDE,0xFB,0xDE,0xFB,0xDE,0xFB,0xDE,0xFB,0xDE,
    0xFB,0xDE,0xFB,0xDE,0xFB,0xDE,0xFB,0xDE,0xFB,0xDE,0xFB,0xDE,0xFB,0xDE,0xFB,0xDE,0xFB,0xDE,0xFB,0xDE,0x99,0xD6,0xF7,0xBD,0xD6,0xBD,0xD6,0xBD,0xD6,0xBD,0xD6,0xBD,
    0xD6,0xBD,0xD6,0xBD,0xD6,0xBD,0xD6,0xBD,0x95,0xB5,0x95,0xB5,0xDB,0xDE,0xFB,0xDE,0xFB,0xDE,0xFB,0xDE,0xFB,0xDE,0xFB,0xDE,0xFB,0xDE,0xFB,0xDE,0xFB,0xDE,0xFB,0xDE,
    0xFB,0xDE,0xFB,0xDE,0xFB,0xDE,0xFB,0xDE,0xFB,0xDE,0xFB,0xDE,0xBA,0xD6,0x75,0xAD,0x24,0x21,0xE3,0x48,0x45,0x71,0x24,0x61,0x45,0x81,0x66,0x81,0x24,0x51,0x6D,0x6B,
    0xD7,0xBD,0x6D,0x6B,0x75,0xAD,0xBA,0xD6,0xFB,0xDE,0xFB,0xDE,0xDB,0xDE,0x34,0xA5,0xF7,0xBD,0xF3,0x9C,0xF3,0x9C,0x8E,0x73,0xA2,0x10,0x69,0x8C,0x26,0xC6,0x25,0xC6,
    0xA6,0xB5,0x29,0xA5,0x44,0x9D,0x26,0x84,0xC7,0x94,0xC6,0x9C,0xA5,0xBD,0xD6,0xBD,0x3C,0xE7,0xDB,0xDE,0xDB,0xDE,0xFB,0xDE,0xFB,0xDE,0xFB,0xDE,0xFB,0xDE,0xFB,0xDE,
    0xFB,0xDE,0xFB,0xDE,0xFB,0xDE,0xFB,0xDE,0xFB,0xDE,0xFB,0xDE,0xFB,0xDE,0xFB,0xDE,0xFB,0xDE,0xFB,0xDE,0xFB,0xDE,0xFB,0xDE,0xFB,0xDE,0xFB,0xDE,0xFB,0xDE,0xFB,0xDE,
    0xFB,0xDE,0xFB,0xDE,0xFB,0xDE,0xFB,0xDE,0xDB,0xDE,0x1C,0xE7,0x18,0xC6,0x28,0x42,0x41,0x08,0x26,0x19,0x72,0x4B,0x99,0x64,0x57,0x5C,0x17,0x54,0x37,0x5C,0x99,0x64,
    0x10,0x43,0x41,0x08,0xF3,0x9C,0x3C,0xE7,0xFB,0xDE,0xDB,0xDE,0x8E,0x73,0xA2,0x10,0xA2,0x10,0x4D,0x6B,0xC8,0x39,0xA4,0x52,0xE5,0xBD,0xE5,0x9C,0x25,0x84,0x65,0xA5,
    0x65,0xCE,0x03,0x84,0x09,0x5B,0x65,0x31,0xA6,0x39,0xC6,0x39,0xC3,0x18,0x49,0x4A,0xAE,0x73,0xD3,0x9C,0x3C,0xE7,0x59,0xCE,0xFB,0xDE,0xD8,0xDD,0xB0,0xB3,0x95,0xB5,
    0x72,0x8C,0xD3,0x9C,0x30,0x84,0x45,0x69,0x65,0x89,0x65,0x81,0x65,0x89,0x45,0x71,0xA2,0x48,0x2C,0x83,0x3C,0xDF,0xDB,0xDE,0xFB,0xDE,0xFB,0xDE,0xFB,0xDE,0xFB,0xDE,
    0xFB,0xDE,0xFB,0xDE,0xFB,0xDE,0xFB,0xDE,0xFB,0xDE,0xFB,0xDE,0xFB,0xDE,0xFB,0xDE,0xFB,0xDE,0xFB,0xDE,0x99,0xD6,0xF7,0xBD,0xD6,0xBD,0xD6,0xBD,0xD6,0xBD,0xD6,0xBD,
    0xD6,0xBD,0xD6,0xBD,0xD6,0xBD,0xD6,0xBD,0x75,0xB5,0x75,0xB5,0xDB,0xDE,0xFB,0xDE,0xFB,0xDE,0xFB,0xDE,0xFB,0xDE,0xFB,0xDE,0xFB,0xDE,0xFB,0xDE,0xFB,0xDE,0xFB,0xDE,
    0xFB,0xDE,0xFB,0xDE,0xFB,0xDE,0xFB,0xDE,0xFB,0xDE,0xDB,0xDE,0xFB,0xDE,0xB2,0x94,0x86,0x39,0x82,0x20,0x45,0x79,0x24,0x61,0x24,0x69,0x86,0x91,0xA2,0x58,0x2C,0x5B,
    0xAE,0x73,0x08,0x42,0xD3,0x9C,0xF7,0xBD,0xDB,0xDE,0xFB,0xDE,0x59,0xCE,0xF3,0x9C,0xCB,0x5A,0xCF,0x7B,0x96,0xB5,0xCB,0x5A,0x62,0x08,0x24,0x5B,0xC5,0x9C,0x45,0xCE,
    0x65,0xA5,0x86,0xB5,0x85,0xAD,0x86,0x94,0x06,0x9D,0x25,0xC6,0xC3,0xBD,0x93,0xB5,0x1C,0xE7,0xDB,0xDE,0xFB,0xDE,0xFB,0xDE,0xFB,0xDE,0xFB,0xDE,0xFB,0xDE,0xFB,0xDE,
    0xFB,0xDE,0xFB,0xDE,0xFB,0xDE,0xFB,0xDE,0xFB,0xDE,0xFB,0xDE,0xFB,0xDE,0xFB,0xDE,0xFB,0xDE,0xFB,0xDE,0xFB,0xDE,0xFB,0xDE,0xFB,0xDE,0xFB,0xDE,0xFB,0xDE,0xFB,0xDE,
    0xFB,0xDE,0xFB,0xDE,0xFB,0xDE,0xFB,0xDE,0xFB,0xDE,0xDB,0xDE,0x1C,0xE7,0xDB,0xDE,0x92,0x94,0xE7,0x41,0xA2,0x10,0x2B,0x2A,0x53,0x4B,0x78,0x64,0x16,0x54,0x4C,0x32,
    0x61,0x08,0xEF,0x83,0x3C,0xE7,0xBA,0xD6,0x1C,0xE7,0xFB,0xDE,0x49,0x4A,0x61,0x08,0x49,0x4A,0xC2,0x18,0x83,0x10,0x24,0x42,0x05,0xBE,0x85,0xB5,0xA5,0xBD,0x25,0xC6,
    0x65,0xCE,0x64,0x73,0xEA,0x5A,0x07,0x4A,0x03,0x21,0x44,0x29,0x4D,0x63,0x49,0x4A,0xEF,0x7B,0x92,0x94,0xF7,0xBD,0x1C,0xE7,0x1C,0xDF,0xD8,0xD5,0xF4,0xC4,0x0F,0x7C,
    0x51,0x8C,0xCF,0x73,0x8A,0x4A,0xE3,0x48,0x65,0x89,0x45,0x81,0x65,0x89,0x24,0x71,0x45,0x39,0x8E,0x7B,0xBA,0xD6,0xFB,0xDE,0xDB,0xDE,0xFB,0xDE,0xFB,0xDE,0xFB,0xDE,
    0xFB,0xDE,0xFB,0xDE,0xFB,0xDE,0xFB,0xDE,0xFB,0xDE,0xFB,0xDE,0xFB,0xDE,0xFB,0xDE,0xFB,0xDE,0xFB,0xDE,0x9A,0xD6,0xF7,0xC5,0xD6,0xBD,0xD6,0xBD,0xD6,0xBD,0xD6,0xBD,
    0xD6,0xBD,0xD6,0xBD,0xD6,0xBD,0xD6,0xBD,0x74,0xB5,0x75,0xB5,0xDB,0xDE,0xFB,0xDE,0xFB,0xDE,0xFB,0xDE,0xFB,0xDE,0xFB,0xDE,0xFB,0xDE,0xFB,0xDE,0xFB,0xDE,0xFB,0xDE,
    0xFB,0xDE,0xFB,0xDE,0xFB,0xDE,0xFB,0xDE,0xFB,0xDE,0xDB,0xDE,0x1C,0xE7,0x38,0xC6,0xCB,0x72,0x04,0x49,0x45,0x69,0x45,0x71,0x24,0x59,0x86,0x91,0xE3,0x60,0x0F,0x8C,
    0x51,0x84,0xE7,0x39,0x96,0xB5,0xB2,0x94,0xDB,0xDE,0xBA,0xD6,0xF7,0xBD,0xD3,0x9C,0xB2,0x94,0x71,0x8C,0xB2,0x94,0x28,0x42,0x62,0x08,0x06,0x63,0xE5,0xBD,0x25,0xC6,
    0xA5,0xB5,0x85,0xAD,0x85,0xAD,0x25,0x74,0x05,0x6C,0x65,0xB5,0x86,0xAD,0xEC,0x83,0xDB,0xDE,0xFB,0xDE,0xFB,0xDE,0xFB,0xDE,0xFB,0xDE,0xFB,0xDE,0xFB,0xDE,0xFB,0xDE,
    0xFB,0xDE,0xFB,0xDE,0xFB,0xDE,0xFB,0xDE,0xFB,0xDE,0xFB,0xDE,0xFB,0xDE,0xFB,0xDE,0xFB,0xDE,0xFB,0xDE,0xFB,0xDE,0xFB,0xDE,0xFB,0xDE,0xFB,0xDE,0xFB,0xDE,0xFB,0xDE,
    0xFB,0xDE,0xDB,0xDE,0xFB,0xDE,0xFB,0xDE,0xFB,0xDE,0xFB,0xDE,0xDB,0xDE,0xDB,0xDE,0x5D,0xEF,0xB6,0xBD,0xEF,0x83,0x07,0x42,0xE4,0x18,0x25,0x21,0x25,0x19,0xE3,0x20,
    0x92,0x94,0x3C,0xE7,0xDB,0xDE,0x3C,0xE7,0xDB,0xDE,0x28,0x42,0x00,0x00,0xAE,0x73,0x51,0x8C,0x04,0x21,0xC3,0x18,0x27,0x4A,0xA5,0xB5,0x65,0xCE,0x45,0xA5,0xE5,0xBD,
    0x65,0xCE,0x25,0x8C,0x66,0x63,0x85,0x29,0x24,0x21,0x86,0x31,0x6D,0x6B,0x92,0x94,0xEF,0x7B,0x75,0xAD,0x3C,0xE7,0xDB,0xDE,0x3C,0xE7,0xD2,0x9C,0x17,0xC6,0xF3,0x9C,
    0x49,0x4A,0xE7,0x69,0xC7,0x79,0x24,0x59,0x65,0x89,0x65,0x81,0x65,0x81,0x65,0x79,0xA2,0x10,0x30,0x84,0x1C,0xE7,0xDB,0xDE,0xFB,0xDE,0xFB,0xDE,0xFB,0xDE,0xFB,0xDE,
    0xFB,0xDE,0xFB,0xDE,0xFB,0xDE,0xFB,0xDE,0xFB,0xDE,0xFB,0xDE,0xFB,0xDE,0xFB,0xDE,0xFB,0xDE,0xFB,0xDE,0xDB,0xDE,0x18,0xC6,0xD7,0xBD,0xD7,0xBD,0xD6,0xBD,0xD6,0xBD,
    0xD6,0xBD,0xD6,0xBD,0xD6,0xBD,0xD6,0xBD,0x74,0xB5,0x75,0xB5,0xDB,0xDE,0xFB,0xDE,0xFB,0xDE,0xFB,0xDE,0xFB,0xDE,0xFB,0xDE,0xFB,0xDE,0xFB,0xDE,0xFB,0xDE,0xFB,0xDE,
    0xFB,0xDE,0xFB,0xDE,0xFB,0xDE,0xFB,0xDE,0xFB,0xDE,0xDB,0xDE,0xFB,0xDE,0xFB,0xDE,0x8E,0x73,0xC3,0x40,0x65,0x69,0x45,0x81,0x24,0x61,0x65,0x81,0x44,0x81,0x49,0x9A,
    0x92,0xA4,0xC7,0x31,0x96,0xB5,0xD3,0x9C,0xFB,0xDE,0x18,0xC6,0x18,0xC6,0x5D,0xEF,0x59,0xCE,0x51,0x8C,0x75,0xAD,0x8D,0x73,0x00,0x00,0xEA,0x83,0x46,0xCE,0x25,0xC6,
    0x65,0xCE,0x25,0xA5,0x05,0x74,0xE5,0x94,0xE5,0x94,0x66,0x9C,0x26,0x7C,0x4B,0x84,0x9B,0xD6,0xFB,0xDE,0xDB,0xDE,0xFB,0xDE,0xFB,0xDE,0xFB,0xDE,0xFB,0xDE,0xFB,0xDE,
    0xFB,0xDE,0xFB,0xDE,0xFB,0xDE,0xFB,0xDE,0xFB,0xDE,0xFB,0xDE,0xFB,0xDE,0xFB,0xDE,0xFB,0xDE,0xFB,0xDE,0xFB,0xDE,0xFB,0xDE,0xFB,0xDE,0xFB,0xDE,0xFB,0xDE,0xFB,0xDE,
    0xFB,0xDE,0xFB,0xDE,0xFB,0xDE,0xFB,0xDE,0xFB,0xDE,0xFB,0xDE,0xFB,0xDE,0xFB,0xDE,0xDB,0xDE,0xFB,0xDE,0xFB,0xDE,0xD7,0xBD,0xF3,0xA4,0xCA,0x5A,0x44,0x29,0x04,0x19,
    0x14,0xA5,0xDB,0xDE,0x1C,0xE7,0x18,0xC6,0xE7,0x39,0xA2,0x10,0x4D,0x6B,0xD7,0xBD,0xC3,0x18,0xE4,0x39,0x0A,0x5B,0x66,0x73,0x45,0xCE,0x25,0xCE,0xA5,0x8C,0xE5,0xBD,
    0x65,0xCE,0x85,0xAD,0xA4,0x94,0x25,0x4A,0xE4,0x18,0x8A,0x52,0xEB,0x5A,0x71,0x8C,0xCF,0x7B,0xB2,0x94,0xF7,0xBD,0xDB,0xDE,0x3C,0xE7,0x35,0xCD,0x6D,0xA3,0xEF,0x83,
    0x24,0x59,0x45,0x89,0x45,0x81,0x65,0x89,0x65,0x81,0x65,0x81,0x65,0x89,0x04,0x51,0x04,0x19,0x18,0xC6,0x1C,0xE7,0xDB,0xDE,0xFB,0xDE,0xFB,0xDE,0xFB,0xDE,0xFB,0xDE,
    0xFB,0xDE,0xFB,0xDE,0xFB,0xDE,0xFB,0xDE,0xFB,0xDE,0xFB,0xDE,0xFB,0xDE,0xFB,0xDE,0xFB,0xDE,0xFB,0xDE,0xDB,0xDE,0x18,0xC6,0xD7,0xBD,0xD7,0xBD,0xD7,0xBD,0xD6,0xBD,
    0xD6,0xBD,0xD6,0xBD,0xD6,0xBD,0xD6,0xBD,0x74,0xB5,0x75,0xB5,0xDB,0xDE,0xFB,0xDE,0xFB,0xDE,0xFB,0xDE,0xFB,0xDE,0xFB,0xDE,0xFB,0xDE,0xFB,0xDE,0xFB,0xDE,0xFB,0xDE,
    0xFB,0xDE,0xFB,0xDE,0xFB,0xDE,0xFB,0xDE,0xFB,0xDE,0xDB,0xDE,0xFB,0xDE,0xDB,0xDE,0xEF,0x73,0x45,0x51,0x04,0x51,0x45,0x81,0x65,0x71,0x24,0x49,0x45,0x79,0x24,0x71,
    0x24,0x69,0x08,0x42,0x51,0x8C,0xCF,0x7B,0x38,0xC6,0xB6,0xB5,0x55,0xAD,0x3C,0xE7,0xFB,0xDE,0xFB,0xDE,0x59,0xCE,0x28,0x42,0x82,0x10,0xC7,0x94,0x65,0xCE,0xC5,0xBD,
    0x25,0xC6,0x05,0xC6,0x05,0x9D,0x65,0xA5,0x44,0xA5,0x4A,0xAD,0x6C,0xAD,0x2F,0xA5,0xF8,0xC5,0x1C,0xE7,0xDB,0xDE,0xFB,0xDE,0xFB,0xDE,0xFB,0xDE,0xFB,0xDE,0xFB,0xDE,
    0xFB,0xDE,0xFB,0xDE,0xFB,0xDE,0xFB,0xDE,0xFB,0xDE,0xFB,0xDE,0xFB,0xDE,0xFB,0xDE,0xFB,0xDE,0xFB,0xDE,0xFB,0xDE,0xFB,0xDE,0xFB,0xDE,0xFB,0xDE,0xFB,0xDE,0xDB,0xDE,
    0xFB,0xDE,0x38,0xC6,0x9A,0xD6,0xFB,0xDE,0xFB,0xDE,0xFB,0xDE,0xFB,0xDE,0xFB,0xDE,0xFB,0xDE,0xFB,0xDE,0xFB,0xDE,0x1C,0xE7,0xDB,0xDE,0x59,0xCE,0x71,0x8C,0x69,0x4A,
    0x45,0x29,0x0C,0x63,0xBA,0xD6,0x10,0x84,0x71,0x8C,0xBA,0xD6,0x1C,0xE7,0x69,0x4A,0x21,0x00,0x24,0x5B,0x08,0x7C,0x28,0xA5,0x45,0xCE,0x25,0xC6,0xC5,0x8C,0xE5,0xBD,
    0x45,0xCE,0xA5,0xB5,0xE4,0x9C,0xE4,0x41,0xE4,0x18,0xE7,0x39,0x30,0x84,0x10,0x84,0xB6,0xB5,0xB6,0xB5,0x38,0xC6,0xFB,0xDE,0xDB,0xDE,0xCD,0xAA,0x2C,0x83,0x89,0x62,
    0x04,0x71,0x65,0x81,0x65,0x81,0x65,0x81,0x65,0x81,0x65,0x81,0x04,0x51,0xC3,0x10,0x30,0x84,0xFB,0xDE,0xDB,0xDE,0xFB,0xDE,0xFB,0xDE,0xFB,0xDE,0xFB,0xDE,0xFB,0xDE,
    0xFB,0xDE,0xFB,0xDE,0xFB,0xDE,0xFB,0xDE,0xFB,0xDE,0xFB,0xDE,0xFB,0xDE,0xFB,0xDE,0xFB,0xDE,0xFB,0xDE,0xDA,0xDE,0x17,0xC6,0xF7,0xBD,0xF7,0xBD,0xF7,0xBD,0xD6,0xBD,
    0xD6,0xBD,0xD6,0xBD,0xD6,0xBD,0xD6,0xBD,0x74,0xB5,0x75,0xB5,0xDB,0xDE,0xFB,0xDE,0xFB,0xDE,0xFB,0xDE,0xFB,0xDE,0xFB,0xDE,0xFB,0xDE,0xFB,0xDE,0xFB,0xDE,0xFB,0xDE,
    0xFB,0xDE,0xFB,0xDE,0xFB,0xDE,0xFB,0xDE,0xFB,0xDE,0xFB,0xDE,0xFB,0xDE,0xDB,0xDE,0x5D,0xEF,0x2C,0x73,0x82,0x30,0x65,0x79,0x65,0x89,0x44,0x69,0x24,0x69,0x24,0x51,
    0x03,0x59,0xAA,0x52,0xB6,0xB5,0x86,0x31,0x18,0xC6,0x38,0xC6,0xF7,0xBD,0x3C,0xE7,0xDB,0xDE,0xDB,0xDE,0xFB,0xDE,0xCA,0x5A,0x62,0x08,0xC9,0x94,0x65,0xCE,0x85,0xAD,
    0xE5,0xBD,0x25,0xCE,0x66,0xB5,0x25,0x9D,0xA4,0xB5,0xAB,0xAD,0x4D,0x8C,0x68,0x73,0xD1,0x9C,0x1C,0xE7,0xDB,0xDE,0xFB,0xDE,0xFB,0xDE,0xFB,0xDE,0xFB,0xDE,0xFB,0xDE,
    0xFB,0xDE,0xFB,0xDE,0xFB,0xDE,0xFB,0xDE,0xFB,0xDE,0xFB,0xDE,0xFB,0xDE,0xFB,0xDE,0xFB,0xDE,0xFB,0xDE,0xFB,0xDE,0xFB,0xDE,0xFB,0xDE,0xFB,0xDE,0xFB,0xDE,0xFB,0xDE,
    0xFB,0xDE,0x79,0xCE,0xDB,0xDE,0xFB,0xDE,0xFB,0xDE,0xFB,0xDE,0xFB,0xDE,0xFB,0xDE,0xFB,0xDE,0xFB,0xDE,0xFB,0xDE,0xDB,0xDE,0x1C,0xE7,0x17,0xBE,0x2F,0x84,0x96,0xB5,
    0x55,0xAD,0xD2,0x9C,0x59,0xCE,0x3D,0xE7,0x3C,0xE7,0x3C,0xE7,0x75,0xAD,0xE8,0x39,0xC4,0x73,0x44,0x9D,0x87,0x6B,0x68,0x6B,0x25,0xCE,0x45,0xCE,0xE5,0xBD,0x05,0xC6,
    0x65,0xCE,0x07,0xA5,0xA5,0x94,0x63,0x29,0x6E,0x6B,0x4D,0x6B,0xE7,0x39,0xAE,0x73,0x34,0xA5,0xBA,0xD6,0x1C,0xE7,0x1C,0xE7,0x79,0xD6,0x2C,0x7B,0x6A,0x5A,0xC7,0x91,
    0x45,0x81,0x65,0x81,0x65,0x81,0x65,0x81,0x65,0x81,0x65,0x81,0xC2,0x18,0xCB,0x52,0x3C,0xE7,0xFB,0xDE,0xDB,0xDE,0xFB,0xDE,0xFB,0xDE,0xFB,0xDE,0xFB,0xDE,0xFB,0xDE,
    0xFB,0xDE,0xFB,0xDE,0xFB,0xDE,0xFB,0xDE,0xFB,0xDE,0xFB,0xDE,0xFB,0xDE,0xFB,0xDE,0xFB,0xDE,0xFB,0xDE,0xBA,0xD6,0x17,0xC6,0xF7,0xC5,0xF7,0xC5,0xF7,0xC5,0xD6,0xBD,
    0xD6,0xBD,0xD6,0xBD,0xD6,0xBD,0xD6,0xBD,0x74,0xB5,0x75,0xB5,0xDB,0xDE,0xFB,0xDE,0xFB,0xDE,0xFB,0xDE,0xFB,0xDE,0xFB,0xDE,0xFB,0xDE,0xFB,0xDE,0xFB,0xDE,0xFB,0xDE,
    0xFB,0xDE,0xFB,0xDE,0xFB,0xDE,0xFB,0xDE,0xFB,0xDE,0xFB,0xDE,0xFB,0xDE,0xDB,0xDE,0x5D,0xEF,0x51,0x8C,0x61,0x18,0x65,0x71,0x65,0x89,0x65,0x81,0x45,0x71,0x24,0x61,
    0xC3,0x40,0x45,0x21,0xAE,0x73,0x30,0x84,0xF3,0x9C,0x3C,0xE7,0xF7,0xBD,0x59,0xCE,0x1C,0xE7,0x9A,0xD6,0x79,0xCE,0xB2,0x94,0x62,0x08,0xE4,0x9C,0x85,0xD6,0xC5,0xBD,
    0xC5,0xB5,0x65,0xCE,0xE7,0xA4,0xE6,0x9C,0x44,0xC6,0x47,0xAD,0x86,0x39,0x2F,0x8C,0xB0,0x9C,0xDB,0xDE,0xFB,0xDE,0xFB,0xDE,0xFB,0xDE,0xFB,0xDE,0xFB,0xDE,0xFB,0xDE,
    0xFB,0xDE,0xFB,0xDE,0xFB,0xDE,0xFB,0xDE,0xFB,0xDE,0xFB,0xDE,0xFB,0xDE,0xFB,0xDE,0xFB,0xDE,0xFB,0xDE,0xFB,0xDE,0xFB,0xDE,0xFB,0xDE,0xFB,0xDE,0xFB,0xDE,0xFB,0xDE,
    0xFB,0xDE,0xFB,0xDE,0xFB,0xDE,0xFB,0xDE,0xFB,0xDE,0xFB,0xDE,0xFB,0xDE,0xFB,0xDE,0xFB,0xDE,0xFB,0xDE,0xFB,0xDE,0xFB,0xDE,0xFB,0xDE,0xFB,0xDE,0x76,0xCE,0x95,0xB5,
    0xBA,0xD6,0x74,0xB5,0xB0,0x9C,0x99,0xD6,0xDB,0xDE,0x1C,0xE7,0xD7,0xBD,0x05,0x42,0x65,0xCE,0xC6,0xBD,0x87,0x73,0x63,0x4A,0x45,0xCE,0x25,0xA5,0xA5,0xB5,0x25,0xCE,
    0x65,0xCE,0x46,0x84,0x85,0x94,0x46,0x4A,0x93,0x94,0xCF,0x7B,0x14,0xA5,0xDB,0xDE,0xDB,0xDE,0xFB,0xDE,0xFB,0xDE,0x96,0xB5,0xB6,0xBD,0x14,0xAD,0x24,0x39,0x45,0x81,
    0x65,0x81,0x65,0x81,0x65,0x81,0x65,0x81,0x65,0x89,0xE3,0x50,0x65,0x29,0x79,0xCE,0xFB,0xE6,0xDB,0xDE,0xFB,0xDE,0xFB,0xDE,0xFB,0xDE,0xFB,0xDE,0xFB,0xDE,0xFB,0xDE,
    0xFB,0xDE,0xFB,0xDE,0xFB,0xDE,0xFB,0xDE,0xFB,0xDE,0xFB,0xDE,0xFB,0xDE,0xFB,0xDE,0xFB,0xDE,0xFB,0xDE,0xBA,0xD6,0x17,0xC6,0xF7,0xC5,0xF7,0xC5,0xF7,0xC5,0xD6,0xBD,
    0xD6,0xBD,0xD6,0xBD,0xD6,0xBD,0xD6,0xBD,0x74,0xB5,0x95,0xBD,0xFB,0xDE,0xFB,0xDE,0xFB,0xDE,0xFB,0xDE,0xFB,0xDE,0xFB,0xDE,0xFB,0xDE,0xFB,0xDE,0xFB,0xDE,0xFB,0xDE,
    0xFB,0xDE,0xFB,0xDE,0xFB,0xDE,0xFB,0xDE,0xFB,0xDE,0xFB,0xDE,0xFB,0xDE,0xDB,0xDE,0x3C,0xE7,0x96,0xB5,0xC3,0x18,0x45,0x71,0x65,0x89,0x65,0x81,0x04,0x51,0x24,0x69,
    0x24,0x51,0x20,0x08,0x2C,0x63,0x14,0xA5,0x2C,0x63,0xDB,0xDE,0x38,0xC6,0xD7,0xBD,0xFB,0xDE,0x9A,0xD6,0x18,0xC6,0xEF,0x7B,0x82,0x10,0xE5,0x73,0x25,0xC6,0xA7,0xB5,
    0xC6,0x9C,0x45,0xCE,0x25,0xAD,0x25,0xA5,0x85,0xD6,0xE4,0xA4,0xA4,0x39,0x75,0xB5,0x55,0xAD,0x9A,0xD6,0xFB,0xDE,0xFB,0xDE,0xFB,0xDE,0xFB,0xDE,0xFB,0xDE,0xFB,0xDE,
    0xFB,0xDE,0xFB,0xDE,0xFB,0xDE,0xFB,0xDE,0xFB,0xDE,0xFB,0xDE,0xFB,0xDE,0xFB,0xDE,0xFB,0xDE,0xFB,0xDE,0xFB,0xDE,0xFB,0xDE,0xFB,0xDE,0xFB,0xDE,0xFB,0xDE,0xFB,0xDE,
    0xFB,0xDE,0xDB,0xDE,0xFB,0xDE,0xFB,0xDE,0xFB,0xDE,0xFB,0xDE,0xFB,0xDE,0xFB,0xDE,0xFB,0xDE,0xFB,0xDE,0xFB,0xDE,0xFB,0xDE,0xFB,0xDE,0xDA,0xDE,0x1A,0xDF,0x18,0xC6,
    0x58,0xCE,0x19,0xC6,0xF3,0xC5,0xB4,0xB5,0xDB,0xDE,0x3C,0xE7,0xD0,0x7B,0xA6,0x94,0xC5,0xDE,0x47,0x8C,0x46,0x84,0xC8,0x52,0xC7,0xB5,0xC5,0x9C,0xC5,0x9C,0x45,0xCE,
    0x65,0xCE,0xA4,0x7B,0x04,0xA5,0xA8,0x52,0xD3,0x9C,0x18,0xC6,0xDB,0xDE,0xFB,0xDE,0xDB,0xDE,0x1C,0xDF,0x73,0xBC,0xAA,0x7A,0xEF,0x83,0xED,0x82,0xE3,0x40,0x65,0x89,
    0x65,0x81,0x65,0x81,0x65,0x81,0x65,0x81,0x45,0x69,0x61,0x18,0xF0,0x7B,0x7D,0xEF,0xDB,0xDE,0xFB,0xDE,0xFB,0xDE,0xFB,0xDE,0xFB,0xDE,0xFB,0xDE,0xFB,0xDE,0xFB,0xDE,
    0xFB,0xDE,0xFB,0xDE,0xFB,0xDE,0xFB,0xDE,0xFB,0xDE,0xFB,0xDE,0xFB,0xDE,0xFB,0xDE,0xFB,0xDE,0xFB,0xDE,0xDA,0xDE,0x17,0xC6,0xF7,0xC5,0xF7,0xC5,0xF7,0xC5,0xD6,0xBD,
    0xD6,0xBD,0xD6,0xBD,0xD6,0xBD,0xF6,0xBD,0x54,0xB5,0xD6,0xBD,0xFB,0xDE,0xDB,0xDE,0xFB,0xDE,0xFB,0xDE,0xFB,0xDE,0xFB,0xDE,0xFB,0xDE,0xFB,0xDE,0xFB,0xDE,0xFB,0xDE,
    0xFB,0xDE,0xFB,0xDE,0xFB,0xDE,0xFB,0xDE,0xFB,0xDE,0xFB,0xDE,0xFB,0xDE,0xDB,0xDE,0x1C,0xE7,0x59,0xCE,0x86,0x29,0x04,0x51,0x65,0x89,0x65,0x81,0x65,0x81,0x25,0x71,
    0x65,0x79,0xE3,0x48,0x69,0x42,0x2C,0x63,0x08,0x42,0x71,0x8C,0x55,0xA5,0x71,0x8C,0x71,0x8C,0xDB,0xDE,0xD7,0xBD,0x2C,0x63,0x82,0x10,0x25,0x7C,0x45,0xC6,0xE5,0xBD,
    0xC5,0x8C,0xE5,0xBD,0x45,0xCE,0x66,0xAD,0x05,0xBE,0x46,0xAD,0x87,0x52,0xB9,0xDE,0xDB,0xDE,0xDB,0xDE,0xFB,0xDE,0xFB,0xDE,0xFB,0xDE,0xFB,0xDE,0xFB,0xDE,0xFB,0xDE,
    0xFB,0xDE,0xFB,0xDE,0xFB,0xDE,0xFB,0xDE,0xFB,0xDE,0xFB,0xDE,0xFB,0xDE,0xFB,0xDE,0xFB,0xDE,0xFB,0xDE,0xFB,0xDE,0xFB,0xDE,0xFB,0xDE,0xFB,0xDE,0xFB,0xDE,0xFB,0xDE,
    0xFB,0xDE,0xFB,0xDE,0xFB,0xDE,0xFB,0xDE,0xFB,0xDE,0xFB,0xDE,0xFB,0xDE,0xFB,0xDE,0xFB,0xDE,0xFB,0xDE,0xFB,0xDE,0xFB,0xDE,0xFB,0xDE,0xFB,0xDE,0xDB,0xDE,0xFC,0xDE,
    0xFB,0xDE,0x77,0xCE,0x9A,0xD6,0x1C,0xE7,0x3C,0xE7,0xB3,0x9C,0x06,0xA5,0x85,0xD6,0x85,0xAD,0xA5,0x4A,0x65,0x63,0x86,0x31,0x46,0xAD,0x05,0xC6,0x05,0x8C,0x45,0xC6,
    0x65,0xCE,0xC6,0x7B,0x24,0xA5,0x84,0x31,0xB3,0x94,0x7D,0xEF,0xDB,0xDE,0xFB,0xDE,0xFB,0xDE,0xDB,0xD6,0xD3,0xBC,0x6D,0x7B,0xEB,0x7A,0x2E,0x8B,0x04,0x61,0x65,0x89,
    0x65,0x81,0x65,0x81,0x65,0x81,0x65,0x71,0x04,0x61,0xA6,0x41,0xDB,0xD6,0xFB,0xDE,0xFB,0xDE,0xFB,0xDE,0xFB,0xDE,0xFB,0xDE,0xFB,0xDE,0xFB,0xDE,0xFB,0xDE,0xFB,0xDE,
    0xFB,0xDE,0xFB,0xDE,0xFB,0xDE,0xFB,0xDE,0xFB,0xDE,0xFB,0xDE,0xFB,0xDE,0xFB,0xDE,0xFB,0xDE,0xFB,0xDE,0xFB,0xDE,0x38,0xCE,0xF6,0xBD,0xD6,0xBD,0xD6,0xBD,0xD6,0xBD,
    0xD6,0xBD,0xD6,0xBD,0xD6,0xBD,0xF6,0xBD,0x54,0xB5,0xD6,0xBD,0xFB,0xDE,0xDB,0xDE,0xFB,0xDE,0xFB,0xDE,0xFB,0xDE,0xFB,0xDE,0xFB,0xDE,0xFB,0xDE,0xFB,0xDE,0xFB,0xDE,
    0xFB,0xDE,0xFB,0xDE,0xFB,0xDE,0xFB,0xDE,0xFB,0xDE,0xFB,0xDE,0xFB,0xDE,0xFB,0xDE,0xDB,0xDE,0x5D,0xEF,0x8E,0x6B,0x82,0x18,0x65,0x81,0x45,0x79,0x65,0x81,0x45,0x81,
    0x85,0x81,0x65,0x71,0x61,0x18,0xAA,0x5A,0x28,0x42,0xEB,0x5A,0x34,0xA5,0x75,0xAD,0x30,0x84,0xFB,0xDE,0x38,0xC6,0x8A,0x52,0x62,0x08,0x05,0xA5,0x85,0xD6,0x85,0xAD,
    0x45,0x7C,0xE5,0xBD,0x05,0xC6,0x25,0xA5,0x25,0xC6,0x47,0xCE,0xC6,0x62,0xF0,0x83,0x5D,0xEF,0xDB,0xDE,0xFB,0xDE,0xFB,0xDE,0xFB,0xDE,0xFB,0xDE,0xFB,0xDE,0xFB,0xDE,
    0xFB,0xDE,0xFB,0xDE,0xFB,0xDE,0xFB,0xDE,0xFB,0xDE,0xFB,0xDE,0xFB,0xDE,0xFB,0xDE,0xFB,0xDE,0xFB,0xDE,0xFB,0xDE,0xFB,0xDE,0xFB,0xDE,0xFB,0xDE,0xFB,0xDE,0xFB,0xDE,
    0xFB,0xDE,0xFB,0xDE,0xFB,0xDE,0xFB,0xDE,0xFB,0xDE,0xFB,0xDE,0xFB,0xDE,0xFB,0xDE,0xFB,0xDE,0xFB,0xDE,0xFB,0xDE,0xFB,0xDE,0xFB,0xDE,0xFB,0xDE,0xFB,0xDE,0xDB,0xDE,
    0xFB,0xDE,0xFB,0xDE,0xB6,0xD6,0xFA,0xDE,0x2D,0x7C,0xC6,0x94,0x25,0xC6,0x05,0xA5,0xC5,0x39,0x24,0x21,0xA4,0x4A,0x24,0x29,0xE4,0xA4,0x45,0xC6,0xC5,0x94,0x45,0xCE,
    0x25,0xC6,0x05,0x63,0xE5,0xC5,0xE2,0x41,0x72,0x8C,0x5C,0xEF,0xDB,0xDE,0xDB,0xDE,0xBA,0xD6,0x59,0xD6,0x8F,0xAB,0x10,0x84,0xAE,0x8B,0x69,0x92,0x45,0x81,0x65,0x81,
    0x65,0x81,0x65,0x81,0x44,0x69,0xA5,0x61,0x24,0x61,0x91,0x9C,0x3C,0xE7,0xDB,0xDE,0xFB,0xDE,0xFB,0xDE,0xFB,0xDE,0xFB,0xDE,0xFB,0xDE,0xFB,0xDE,0xFB,0xDE,0xFB,0xDE,
    0xFB,0xDE,0xFB,0xDE,0xFB,0xDE,0xFB,0xDE,0xFB,0xDE,0xFB,0xDE,0xFB,0xDE,0xFB,0xDE,0xFB,0xDE,0xFB,0xDE,0xFB,0xDE,0x38,0xCE,0xF6,0xBD,0xD6,0xBD,0xD6,0xBD,0xD6,0xBD,
    0xD6,0xBD,0xD6,0xBD,0xD6,0xBD,0xD6,0xBD,0x33,0xAD,0xD6,0xBD,0xFB,0xDE,0xDB,0xDE,0xFB,0xDE,0xFB,0xDE,0xFB,0xDE,0xFB,0xDE,0xFB,0xDE,0xFB,0xDE,0xFB,0xDE,0xFB,0xDE,
    0xFB,0xDE,0xFB,0xDE,0xFB,0xDE,0xFB,0xDE,0xFB,0xDE,0xFB,0xDE,0xFB,0xDE,0xFB,0xDE,0xDB,0xDE,0x5D,0xEF,0x92,0x94,0xE3,0x18,0x65,0x69,0x45,0x79,0x45,0x71,0x24,0x61,
    0x65,0x81,0x45,0x79,0x04,0x49,0x24,0x41,0xE7,0x39,0xA2,0x20,0x53,0xC4,0x51,0x84,0x14,0xA5,0x1C,0xE7,0xFB,0xDE,0x69,0x4A,0xE4,0x18,0x06,0x9D,0x45,0xCE,0x25,0xC6,
    0xC5,0xBD,0x45,0x84,0xE5,0xBD,0x25,0xC6,0x05,0xBE,0x65,0xCE,0x83,0x52,0x46,0x29,0x99,0xD6,0x1C,0xE7,0xDB,0xDE,0xFB,0xDE,0xFB,0xDE,0xFB,0xDE,0xFB,0xDE,0xFB,0xDE,
    0xFB,0xDE,0xFB,0xDE,0xFB,0xDE,0xFB,0xDE,0xFB,0xDE,0xFB,0xDE,0xFB,0xDE,0xFB,0xDE,0xFB,0xDE,0xFB,0xDE,0xFB,0xDE,0xFB,0xDE,0xFB,0xDE,0xFB,0xDE,0xFB,0xDE,0xFB,0xDE,
    0xFB,0xDE,0xFB,0xDE,0xFB,0xDE,0xFB,0xDE,0xFB,0xDE,0xFB,0xDE,0xFB,0xDE,0xFB,0xDE,0xFB,0xDE,0xFB,0xDE,0xFB,0xDE,0xFB,0xDE,0xFB,0xDE,0xFB,0xDE,0xFB,0xDE,0xFB,0xDE,
    0xFB,0xDE,0xFB,0xDE,0x99,0xD6,0x55,0xAD,0xE8,0x83,0x04,0xA5,0x65,0x73,0x24,0x4A,0x44,0x29,0x66,0x42,0x03,0x21,0xA7,0x31,0xE9,0xBD,0x04,0xC6,0x05,0xBE,0x25,0xC6,
    0x05,0xC6,0x23,0x63,0xA6,0xD6,0x62,0x73,0xED,0x5A,0x5C,0xEF,0xFB,0xDE,0x9A,0xD6,0x96,0xB5,0x79,0xCE,0x92,0x9C,0xB2,0x94,0x71,0x8C,0x65,0x79,0x45,0x81,0x65,0x81,
    0x65,0x89,0x24,0x69,0x84,0x51,0x03,0x59,0xE7,0x39,0x1C,0xE7,0xDB,0xDE,0xFB,0xDE,0xFB,0xDE,0xFB,0xDE,0xFB,0xDE,0xFB,0xDE,0xFB,0xDE,0xFB,0xDE,0xFB,0xDE,0xFB,0xDE,
    0xFB,0xDE,0xFB,0xDE,0xFB,0xDE,0xFB,0xDE,0xFB,0xDE,0xFB,0xDE,0xFB,0xDE,0xFB,0xDE,0xFB,0xDE,0xFB,0xDE,0xFB,0xDE,0x38,0xCE,0xF6,0xBD,0xD6,0xBD,0xD6,0xBD,0xD6,0xBD,
    0xD6,0xBD,0xD6,0xBD,0xD6,0xBD,0xB6,0xBD,0x13,0xAD,0xB6,0xBD,0xFC,0xDE,0xDB,0xDE,0xFB,0xDE,0xFB,0xDE,0xFB,0xDE,0xFB,0xDE,0xFB,0xDE,0xFB,0xDE,0xFB,0xDE,0xFB,0xDE,
    0xFB,0xDE,0xFB,0xDE,0xFB,0xDE,0xFB,0xDE,0xFB,0xDE,0xFB,0xDE,0xFB,0xDE,0xFB,0xDE,0xFB,0xDE,0xFB,0xDE,0x79,0xCE,0x6D,0x6B,0x03,0x29,0x65,0x79,0x45,0x71,0x45,0x79,
    0x65,0x89,0x65,0x81,0x45,0x79,0x24,0x61,0x24,0x69,0xA2,0x38,0x6A,0x8A,0x69,0x5A,0xCF,0x7B,0xB6,0xB5,0x92,0x94,0x48,0x4A,0x87,0x31,0xC9,0x9C,0x44,0xCE,0xC5,0xBD,
    0xE5,0xBD,0xA5,0x7B,0x45,0xA5,0x45,0xCE,0x05,0xC6,0x65,0xCE,0xC5,0x5A,0xE4,0x18,0xEB,0x62,0xDB,0xDE,0xDB,0xDE,0xFB,0xDE,0xFB,0xDE,0xFB,0xDE,0xFB,0xDE,0xFB,0xDE,
    0xFB,0xDE,0xFB,0xDE,0xFB,0xDE,0xFB,0xDE,0xFB,0xDE,0xFB,0xDE,0xFB,0xDE,0xFB,0xDE,0xFB,0xDE,0xFB,0xDE,0xFB,0xDE,0xFB,0xDE,0xFB,0xDE,0xFB,0xDE,0xFB,0xDE,0xFB,0xDE,
    0xFB,0xDE,0xFB,0xDE,0xFB,0xDE,0xFB,0xDE,0xFB,0xDE,0xFB,0xDE,0xFB,0xDE,0xFB,0xDE,0xFB,0xDE,0xFB,0xDE,0xFB,0xDE,0xFB,0xDE,0xFB,0xDE,0xFB,0xDE,0xFB,0xDE,0xFB,0xDE,
    0xFB,0xDE,0x3C,0xE7,0xF7,0xC5,0xEE,0x83,0xA8,0x73,0xE5,0x39,0x04,0x63,0x06,0x63,0xC7,0x7B,0x69,0x4A,0xE9,0x5A,0xAB,0x52,0x88,0xB5,0x85,0xB5,0x65,0xB5,0x65,0xCE,
    0xC5,0xBD,0x44,0x6B,0x85,0xD6,0x67,0x94,0xAC,0x52,0x99,0xD6,0x18,0xC6,0x9A,0xD6,0xF7,0xBD,0x34,0xA5,0xEB,0x5A,0xAA,0x52,0x06,0x62,0x45,0x81,0x65,0x81,0x65,0x81,
    0x65,0x81,0x65,0x89,0x85,0x79,0xA2,0x20,0x34,0xAD,0x3C,0xE7,0xDB,0xDE,0xFB,0xDE,0xFB,0xDE,0xFB,0xDE,0xFB,0xDE,0xFB,0xDE,0xFB,0xDE,0xFB,0xDE,0xFB,0xDE,0xFB,0xDE,
    0xFB,0xDE,0xFB,0xDE,0xFB,0xDE,0xFB,0xDE,0xFB,0xDE,0xFB,0xDE,0xFB,0xDE,0xFB,0xDE,0xFB,0xDE,0xFB,0xDE,0xFB,0xDE,0x17,0xC6,0xD6,0xBD,0xD6,0xBD,0xD6,0xBD,0xD6,0xBD,
    0xD6,0xBD,0xD6,0xBD,0xD6,0xBD,0xD6,0xBD,0x13,0xAD,0xB6,0xBD,0xFC,0xDE,0xDB,0xDE,0xFB,0xDE,0xFB,0xDE,0xFB,0xDE,0xFB,0xDE,0xFB,0xDE,0xFB,0xDE,0xFB,0xDE,0xFB,0xDE,
    0xFB,0xDE,0xFB,0xDE,0xFB,0xDE,0xFB,0xDE,0xFB,0xDE,0xFB,0xDE,0xFB,0xDE,0xFB,0xDE,0xFB,0xDE,0xDB,0xDE,0x3C,0xE7,0xCF,0x7B,0xA6,0x31,0x24,0x69,0x65,0x81,0xE3,0x30,
    0x04,0x49,0x45,0x71,0x65,0x89,0x65,0x81,0x65,0x89,0x45,0x71,0xE3,0x40,0xE3,0x40,0x4D,0x63,0x71,0x8C,0xCF,0x7B,0xE7,0x39,0xA7,0x31,0x65,0x8C,0x85,0xD6,0x65,0xAD,
    0x85,0xAD,0xE4,0x5A,0x85,0x94,0x05,0xC6,0x45,0xCE,0xC4,0xB5,0x2B,0x8C,0x2E,0x63,0x61,0x08,0x49,0x4A,0x79,0xCE,0xFB,0xDE,0xDB,0xDE,0xFB,0xDE,0xFB,0xDE,0xFB,0xDE,
    0xFB,0xDE,0xFB,0xDE,0xFB,0xDE,0xFB,0xDE,0xFB,0xDE,0xFB,0xDE,0xFB,0xDE,0xFB,0xDE,0xFB,0xDE,0xFB,0xDE,0xFB,0xDE,0xFB,0xDE,0xFB,0xDE,0xFB,0xDE,0xFB,0xDE,0xFB,0xDE,
    0xFB,0xDE,0xFB,0xDE,0xFB,0xDE,0xFB,0xDE,0xFB,0xDE,0xFB,0xDE,0xFB,0xDE,0xFB,0xDE,0xFB,0xDE,0xFB,0xDE,0xFB,0xDE,0xFB,0xDE,0xFB,0xDE,0xFB,0xDE,0xFB,0xDE,0xFB,0xDE,
    0xDB,0xDE,0xF7,0xC5,0x4D,0x6B,0x69,0x4A,0x6A,0x4A,0x6C,0x73,0x84,0x29,0x26,0x42,0x07,0x5B,0x86,0x31,0xEE,0x7B,0x6E,0x73,0xE5,0xA4,0x25,0xC6,0xC5,0xBD,0x45,0xCE,
    0x85,0xB5,0xC5,0x9C,0x85,0xD6,0xE9,0x9C,0x0D,0x63,0x38,0xC6,0xF7,0xBD,0x96,0xB5,0x8E,0x73,0x96,0xB5,0xA6,0x31,0xE3,0x38,0x85,0x81,0x45,0x81,0x65,0x81,0x65,0x81,
    0x65,0x71,0x44,0x61,0xC3,0x50,0x28,0x4A,0x1C,0xE7,0xDB,0xDE,0xFB,0xDE,0xFB,0xDE,0xFB,0xDE,0xFB,0xDE,0xFB,0xDE,0xFB,0xDE,0xFB,0xDE,0xFB,0xDE,0xFB,0xDE,0xFB,0xDE,
    0xFB,0xDE,0xFB,0xDE,0xFB,0xDE,0xFB,0xDE,0xFB,0xDE,0xFB,0xDE,0xFB,0xDE,0xFB,0xDE,0xFB,0xDE,0xFB,0xDE,0xDB,0xDE,0x18,0xC6,0xF6,0xBD,0xD6,0xBD,0xD6,0xBD,0xD6,0xBD,
    0xB6,0xBD,0xB5,0xBD,0xB5,0xBD,0x95,0xB5,0x13,0xAD,0xB6,0xBD,0xFC,0xDE,0xDB,0xDE,0xFB,0xDE,0xFB,0xDE,0xFB,0xDE,0xFB,0xDE,0xFB,0xDE,0xFB,0xDE,0xFB,0xDE,0xFB,0xDE,
    0xFB,0xDE,0xFB,0xDE,0xFB,0xDE,0xFB,0xDE,0xFB,0xDE,0xFB,0xDE,0xFB,0xDE,0xFB,0xDE,0xFB,0xDE,0xDB,0xDE,0x1C,0xE7,0x18,0xC6,0xB2,0x8C,0x85,0x41,0x24,0x69,0x24,0x61,
    0xE3,0x38,0xE3,0x38,0x45,0x71,0x65,0x89,0x65,0x81,0x65,0x81,0x65,0x79,0x24,0x59,0xAB,0x52,0x0C,0x63,0x69,0x52,0xA6,0x31,0x49,0x4A,0x24,0x7C,0xA5,0xD6,0x05,0xA5,
    0x05,0xC6,0x04,0x5B,0x65,0x94,0xE5,0xC5,0x45,0xC6,0x24,0x8C,0xED,0xBD,0x2D,0x63,0xEB,0x5A,0xE7,0x39,0x14,0xA5,0x59,0xCE,0xDB,0xDE,0xFB,0xDE,0xFB,0xDE,0xFB,0xDE,
    0xFB,0xDE,0xFB,0xDE,0xFB,0xDE,0xFB,0xDE,0xFB,0xDE,0xFB,0xDE,0xFB,0xDE,0xFB,0xDE,0xFB,0xDE,0xFB,0xDE,0xDB,0xDE,0xFB,0xDE,0xFB,0xDE,0xFB,0xDE,0xFB,0xDE,0xFB,0xDE,
    0xFB,0xDE,0xFB,0xDE,0xFB,0xDE,0xFB,0xDE,0xFB,0xDE,0xFB,0xDE,0xFB,0xDE,0xFB,0xDE,0xFB,0xDE,0xFB,0xDE,0xFB,0xDE,0xFB,0xDE,0xFB,0xDE,0xFB,0xDE,0xFB,0xDE,0xFB,0xDE,
    0xDB,0xDE,0xF7,0xC5,0x28,0x4A,0xC7,0x39,0x86,0x31,0x69,0x4A,0x25,0x42,0x45,0x29,0x04,0x21,0xE7,0x39,0x0C,0x63,0xEC,0x62,0x26,0xAD,0x45,0x9D,0x05,0xBE,0x45,0xCE,
    0x65,0xAD,0x25,0xA5,0x65,0xCE,0x85,0x8C,0x49,0x4A,0x79,0xCE,0x96,0xB5,0x18,0xC6,0xB2,0x94,0x14,0x9D,0x04,0x31,0x65,0x81,0x65,0x81,0x65,0x81,0x65,0x89,0x45,0x79,
    0x04,0x51,0x45,0x71,0x04,0x51,0xB6,0xCD,0x3C,0xDF,0xDB,0xDE,0xFB,0xDE,0xFB,0xDE,0xFB,0xDE,0xFB,0xDE,0xFB,0xDE,0xFB,0xDE,0xFB,0xDE,0xFB,0xDE,0xFB,0xDE,0xFB,0xDE,
    0xFB,0xDE,0xFB,0xDE,0xFB,0xDE,0xFB,0xDE,0xFB,0xDE,0xFB,0xDE,0xFB,0xDE,0xFB,0xDE,0xFB,0xDE,0xFB,0xDE,0xDB,0xDE,0x17,0xC6,0xD6,0xBD,0xB6,0xBD,0xB6,0xBD,0xB6,0xBD,
    0x54,0xAD,0x34,0xAD,0x34,0xAD,0x54,0xAD,0x33,0xAD,0xD6,0xBD,0xFC,0xDE,0xDB,0xDE,0xFB,0xDE,0xFB,0xDE,0xFB,0xDE,0xFB,0xDE,0xFB,0xDE,0xFB,0xDE,0xFB,0xDE,0xFB,0xDE,
    0xFB,0xDE,0xFB,0xDE,0xFB,0xDE,0xFB,0xDE,0xFB,0xDE,0xFB,0xDE,0xFB,0xDE,0xFB,0xDE,0xFB,0xDE,0xFB,0xDE,0xFB,0xDE,0x79,0xCE,0x92,0x94,0x28,0x42,0xC3,0x28,0x65,0x89,
    0x24,0x61,0xC2,0x10,0xC3,0x18,0x24,0x61,0x65,0x89,0x65,0x81,0x45,0x79,0x25,0x81,0xE7,0x61,0x04,0x21,0xE8,0x39,0x89,0x52,0x05,0x4A,0x85,0x94,0x65,0xCE,0xC5,0xB5,
    0x45,0xCE,0x84,0x73,0x25,0xA5,0x25,0xC6,0x25,0xC6,0x05,0x8C,0x46,0xCE,0x8C,0x73,0xD3,0x9C,0x89,0x52,0x08,0x42,0xDB,0xDE,0xFB,0xDE,0xDB,0xDE,0xFB,0xDE,0xFB,0xDE,
    0xFB,0xDE,0xFB,0xDE,0xFB,0xDE,0xFB,0xDE,0xFB,0xDE,0xFB,0xDE,0xFB,0xDE,0xFB,0xDE,0xDB,0xDE,0xDB,0xDE,0x1C,0xE7,0xFB,0xDE,0xFB,0xDE,0xFB,0xDE,0xFB,0xDE,0xDB,0xDE,
    0xFB,0xDE,0xFB,0xDE,0xFB,0xDE,0xFB,0xDE,0xFB,0xDE,0xFB,0xDE,0xFB,0xDE,0xFB,0xDE,0xFB,0xDE,0xFB,0xDE,0xFB,0xDE,0xFB,0xDE,0xFB,0xDE,0xFB,0xDE,0xDB,0xDE,0xDB,0xDE,
    0x1B,0xE7,0xCB,0x5A,0x86,0x31,0xC7,0x39,0xA2,0x10,0xA9,0x52,0x66,0x8C,0xC5,0x31,0x66,0x31,0x10,0x84,0xEF,0x7B,0x28,0x42,0x26,0xAD,0x85,0xAD,0x05,0xBE,0x65,0xA5,
    0xC8,0x9C,0x66,0xAD,0x05,0xBE,0x84,0x84,0x69,0x4A,0x75,0xAD,0x8E,0x73,0x14,0xA5,0x54,0x9D,0xE7,0x41,0x04,0x69,0x65,0x89,0x65,0x81,0x65,0x81,0x45,0x79,0x04,0x49,
    0x44,0x59,0x24,0x79,0x29,0x62,0xFB,0xE6,0xFB,0xDE,0xFB,0xDE,0xFB,0xDE,0xFB,0xDE,0xFB,0xDE,0xFB,0xDE,0xFB,0xDE,0xFB,0xDE,0xFB,0xDE,0xFB,0xDE,0xFB,0xDE,0xFB,0xDE,
    0xFB,0xDE,0xFB,0xDE,0xFB,0xDE,0xFB,0xDE,0xFB,0xDE,0xFB,0xDE,0xFB,0xDE,0xFB,0xDE,0xFB,0xDE,0xDB,0xDE,0xFB,0xDE,0x17,0xC6,0x74,0xB5,0x54,0xB5,0x54,0xB5,0x74,0xB5,
    0x54,0xAD,0x34,0xAD,0x34,0xAD,0x54,0xAD,0x13,0xAD,0xD6,0xBD,0xFC,0xDE,0xDB,0xDE,0xFB,0xDE,0xFB,0xDE,0xFB,0xDE,0xFB,0xDE,0xFB,0xDE,0xFB,0xDE,0xFB,0xDE,0xFB,0xDE,
    0xFB,0xDE,0xFB,0xDE,0xFB,0xDE,0xFB,0xDE,0xFB,0xDE,0xFB,0xDE,0xFB,0xDE,0xFB,0xDE,0xFB,0xDE,0xFB,0xDE,0xDB,0xDE,0xFB,0xDE,0xFB,0xDE,0xB2,0x9C,0x04,0x19,0xE3,0x38,
    0x65,0x71,0x03,0x21,0x44,0x59,0xE3,0x30,0x24,0x51,0x65,0x89,0x45,0x71,0x45,0x71,0x85,0x89,0xE2,0x20,0x04,0x39,0x64,0x31,0x46,0x3A,0x06,0x9D,0x65,0xCE,0xC5,0xB5,
    0xE5,0xBD,0x64,0x6B,0x66,0x8C,0x45,0xCE,0x05,0xC6,0x04,0x8C,0x48,0xCE,0xCE,0x7B,0x28,0x42,0x8A,0x52,0x86,0x31,0xEB,0x5A,0x1C,0xE7,0x1C,0xE7,0xDB,0xDE,0xFB,0xDE,
    0xFB,0xDE,0xFB,0xDE,0xFB,0xDE,0xFB,0xDE,0xFB,0xDE,0xFB,0xDE,0xFB,0xDE,0xFB,0xDE,0x9A,0xD6,0x79,0xCE,0xF7,0xBD,0x9A,0xD6,0xFB,0xDE,0x9A,0xD6,0xFB,0xDE,0x1C,0xDF,
    0xFB,0xDE,0xFB,0xDE,0xFB,0xDE,0xFB,0xDE,0xFB,0xDE,0xFB,0xDE,0xFB,0xDE,0xFB,0xDE,0xFB,0xDE,0xFB,0xDE,0xFB,0xDE,0xFB,0xDE,0xFB,0xDE,0xDB,0xDE,0xDB,0xDE,0x9E,0xF7,
    0x50,0x8C,0xC3,0x18,0xEB,0x5A,0xC7,0x39,0xE7,0x39,0x49,0x4A,0x8A,0x52,0x6D,0x6B,0x6D,0x6B,0x0C,0x63,0x14,0xA5,0x8B,0x52,0x84,0x94,0x85,0xD6,0x25,0xCE,0x05,0x95,
    0xE4,0x9C,0xC5,0xBD,0x65,0xCE,0x45,0xA5,0xEB,0x5A,0xB2,0x9C,0x8E,0x73,0xD7,0xBD,0xEC,0x82,0x25,0x41,0x45,0x81,0x65,0x81,0x65,0x81,0x65,0x81,0x45,0x79,0x04,0x49,
    0x85,0x69,0xA2,0x38,0x14,0xA5,0x3C,0xE7,0xDB,0xDE,0xFB,0xDE,0xFB,0xDE,0xFB,0xDE,0xFB,0xDE,0xFB,0xDE,0xFB,0xDE,0xFB,0xDE,0xFB,0xDE,0xFB,0xDE,0xFB,0xDE,0xFB,0xDE,
    0xFB,0xDE,0xFB,0xDE,0xFB,0xDE,0xFB,0xDE,0xFB,0xDE,0xFB,0xDE,0xFB,0xDE,0xFB,0xDE,0xFB,0xDE,0xDB,0xDE,0xFB,0xDE,0x37,0xC6,0x74,0xB5,0x54,0xB5,0x54,0xB5,0x54,0xB5,
    0x74,0xB5,0x74,0xB5,0x54,0xB5,0x74,0xB5,0x33,0xAD,0x38,0xCE,0x1C,0xDF,0xDB,0xDE,0xFB,0xDE,0xFB,0xDE,0xFB,0xDE,0xFB,0xDE,0xFB,0xDE,0xFB,0xDE,0xFB,0xDE,0xFB,0xDE,
    0xFB,0xDE,0xFB,0xDE,0xFB,0xDE,0xFB,0xDE,0xFB,0xDE,0xFB,0xDE,0xFB,0xDE,0xFB,0xDE,0xFB,0xDE,0xFB,0xDE,0xFB,0xDE,0xDB,0xDE,0xFB,0xDE,0x1C,0xE7,0x71,0x8C,0x82,0x10,
    0xC3,0x30,0x44,0x61,0x24,0x61,0x65,0x81,0x03,0x39,0xE3,0x28,0x45,0x71,0x24,0x49,0x24,0x61,0x45,0x71,0x65,0x81,0xC2,0x28,0x28,0x42,0xE8,0x9C,0x84,0xD6,0x25,0xA5,
    0x05,0x9D,0xE4,0x5A,0xA5,0x83,0x45,0xCE,0x05,0xC6,0x63,0x6B,0x2A,0xC6,0x72,0x8C,0xF3,0x9C,0x92,0x94,0x71,0x8C,0x41,0x08,0xAA,0x52,0x9A,0xD6,0x1C,0xE7,0xDB,0xDE,
    0xDB,0xDE,0xFB,0xDE,0xFB,0xDE,0xFB,0xDE,0xFB,0xDE,0xFB,0xDE,0xFB,0xDE,0xFB,0xDE,0xFB,0xDE,0xFB,0xDE,0x79,0xCE,0xBA,0xD6,0xFB,0xDE,0x18,0xC6,0x13,0xAD,0x79,0xCE,
    0xFB,0xDE,0xFB,0xDE,0xFB,0xDE,0xFB,0xDE,0xFB,0xDE,0xFB,0xDE,0xFB,0xDE,0xFB,0xDE,0xFB,0xDE,0xFB,0xDE,0xFB,0xDE,0xFB,0xDE,0xDB,0xDE,0xFB,0xDE,0x5D,0xEF,0xCF,0x7B,
    0x62,0x08,0x86,0x31,0x8A,0x52,0x96,0xB5,0x55,0xAD,0xB2,0x94,0xF7,0xBD,0xB6,0xB5,0x59,0xCE,0x1C,0xE7,0xF7,0xBD,0xA7,0x39,0x85,0x94,0x85,0xCE,0x05,0xC6,0xC7,0xBD,
    0x25,0xA5,0xA5,0xB5,0x65,0xCE,0x68,0xAD,0x8A,0x52,0x34,0xAD,0x89,0x4A,0x14,0xB5,0x2A,0x92,0xA3,0x20,0x45,0x79,0x65,0x81,0x65,0x81,0x65,0x81,0x45,0x79,0x04,0x51,
    0xE3,0x58,0x49,0x4A,0xFB,0xE6,0xFB,0xDE,0xFB,0xDE,0xFB,0xDE,0xFB,0xDE,0xFB,0xDE,0xFB,0xDE,0xFB,0xDE,0xFB,0xDE,0xFB,0xDE,0xFB,0xDE,0xFB,0xDE,0xFB,0xDE,0xFB,0xDE,
    0xFB,0xDE,0xFB,0xDE,0xFB,0xDE,0xFB,0xDE,0xFB,0xDE,0xFB,0xDE,0xFB,0xDE,0xFB,0xDE,0xFB,0xDE,0xDB,0xDE,0xFB,0xDE,0x38,0xC6,0x95,0xB5,0x75,0xB5,0x75,0xB5,0x95,0xB5,
    0xF7,0xC5,0xF6,0xC5,0xF6,0xC5,0xF6,0xC5,0x95,0xBD,0x79,0xCE,0xFB,0xDE,0xDB,0xDE,0xFB,0xDE,0xFB,0xDE,0xFB,0xDE,0xFB,0xDE,0xFB,0xDE,0xFB,0xDE,0xFB,0xDE,0xFB,0xDE,
    0xFB,0xDE,0xFB,0xDE,0xFB,0xDE,0xFB,0xDE,0xFB,0xDE,0xFB,0xDE,0xFB,0xDE,0xFB,0xDE,0xFB,0xDE,0xFB,0xDE,0xFB,0xDE,0xFB,0xDE,0xDB,0xDE,0xFB,0xDE,0xDB,0xDE,0x4D,0x6B,
    0xC3,0x10,0x04,0x51,0x65,0x89,0x65,0x81,0xE3,0x40,0xE3,0x40,0x04,0x49,0x45,0x71,0x04,0x49,0x45,0x71,0x65,0x91,0x24,0x41,0x29,0x42,0x87,0x9C,0x65,0xCE,0x05,0xC6,
    0xA5,0xBD,0xA4,0x5A,0x45,0x94,0x45,0xCE,0x05,0xC6,0x63,0x6B,0xAA,0xAD,0xAF,0x73,0x59,0xCE,0x38,0xC6,0x14,0xA5,0x86,0x31,0x20,0x00,0x24,0x21,0x55,0xAD,0x5D,0xEF,
    0xFB,0xDE,0xDB,0xDE,0xFB,0xDE,0xFB,0xDE,0xFB,0xDE,0xFB,0xDE,0xFB,0xDE,0xFB,0xDE,0xFB,0xDE,0xFB,0xDE,0xFB,0xDE,0xFB,0xDE,0xDB,0xDE,0x1C,0xE7,0xBA,0xD6,0x79,0xD6,
    0xFB,0xDE,0xFB,0xDE,0xFB,0xDE,0xFB,0xDE,0xFB,0xDE,0xFB,0xDE,0xFB,0xDE,0xFB,0xDE,0xFB,0xDE,0xFB,0xDE,0xDB,0xDE,0xDB,0xDE,0x7D,0xEF,0xBA,0xD6,0xEF,0x7B,0xA2,0x10,
    0x0C,0x63,0x0C,0x63,0xB2,0x94,0x3C,0xE7,0x1C,0xE7,0xDB,0xDE,0x59,0xCE,0xDB,0xDE,0x79,0xCE,0x7A,0xDE,0x96,0xAD,0xA3,0x20,0xC5,0x9C,0x85,0xCE,0xC5,0xBD,0x46,0xB5,
    0xE5,0x62,0xC5,0x8C,0xA5,0xDE,0xB0,0xB5,0x08,0x3A,0xEF,0x7B,0x28,0x4A,0x69,0x62,0x45,0x39,0xA2,0x20,0x65,0x81,0x65,0x81,0x65,0x81,0x65,0x81,0x04,0x59,0x45,0x69,
    0x82,0x20,0x96,0xAD,0x3C,0xE7,0xDB,0xDE,0xFB,0xDE,0xFB,0xDE,0xFB,0xDE,0xFB,0xDE,0xFB,0xDE,0xFB,0xDE,0xFB,0xDE,0xFB,0xDE,0xFB,0xDE,0xFB,0xDE,0xFB,0xDE,0xFB,0xDE,
    0xFB,0xDE,0xFB,0xDE,0xFB,0xDE,0xFB,0xDE,0xFB,0xDE,0xFB,0xDE,0xFB,0xDE,0xFB,0xDE,0xFB,0xDE,0xFB,0xDE,0xFB,0xDE,0x59,0xCE,0x17,0xC6,0x17,0xC6,0x17,0xC6,0x17,0xC6,
    0xF7,0xC5,0xF6,0xC5,0xF6,0xC5,0xD6,0xBD,0x95,0xBD,0x79,0xCE,0xFB,0xDE,0xDB,0xDE,0xFB,0xDE,0xFB,0xDE,0xFB,0xDE,0xFB,0xDE,0xFB,0xDE,0xFB,0xDE,0xFB,0xDE,0xFB,0xDE,
    0xFB,0xDE,0xFB,0xDE,0xFB,0xDE,0xFB,0xDE,0xFB,0xDE,0xFB,0xDE,0xFB,0xDE,0xFB,0xDE,0xFB,0xDE,0xFB,0xDE,0xFB,0xDE,0xFB,0xDE,0xFB,0xDE,0xFB,0xDE,0xDB,0xDE,0x79,0xCE,
    0x51,0x8C,0x82,0x08,0x04,0x49,0x65,0x81,0xC3,0x20,0x04,0x49,0x65,0x91,0x45,0x81,0x65,0x71,0x03,0x31,0x45,0x81,0xE3,0x40,0x09,0x42,0x09,0xA5,0x44,0xCE,0x25,0xC6,
    0x65,0xAD,0xA9,0x7B,0x06,0xC6,0x25,0xC6,0x05,0xC6,0x42,0x6B,0x6B,0xCE,0x8A,0x52,0x92,0x94,0x38,0xC6,0xAE,0x73,0xE3,0x18,0x82,0x10,0x82,0x10,0xA2,0x10,0x10,0x84,
    0xFB,0xDE,0x1C,0xE7,0xDB,0xDE,0xFB,0xDE,0xFB,0xDE,0xFB,0xDE,0xFB,0xDE,0xFB,0xDE,0xFB,0xDE,0xFB,0xDE,0xFB,0xDE,0xFB,0xDE,0xFB,0xDE,0xDB,0xDE,0xFB,0xDE,0xFB,0xDE,
    0xFB,0xDE,0xFB,0xDE,0xFB,0xDE,0xFB,0xDE,0xFB,0xDE,0xFB,0xDE,0xFB,0xDE,0xFB,0xDE,0xDB,0xDE,0xDB,0xDE,0x5D,0xEF,0xFB,0xDE,0xB2,0x94,0x0C,0x63,0xA6,0x31,0x8A,0x52,
    0xF3,0x9C,0xF3,0x9C,0x18,0xC6,0x79,0xCE,0x9A,0xD6,0x9A,0xD6,0x59,0xCE,0xDA,0xD6,0xDB,0xDE,0xF8,0xD5,0x16,0xC6,0xA8,0x5A,0x64,0x94,0x85,0xD6,0xC5,0xBD,0xE4,0x9C,
    0xA9,0x94,0x45,0x7C,0xC5,0xB5,0xD0,0xB5,0x04,0x19,0x4C,0x63,0xE7,0x79,0x06,0x5A,0x04,0x51,0x65,0x81,0x65,0x89,0x65,0x89,0x45,0x71,0x45,0x71,0x24,0x59,0xA2,0x30,
    0x28,0x4A,0xFB,0xE6,0xFB,0xDE,0xFB,0xDE,0xFB,0xDE,0xFB,0xDE,0xFB,0xDE,0xFB,0xDE,0xFB,0xDE,0xFB,0xDE,0xFB,0xDE,0xFB,0xDE,0xFB,0xDE,0xFB,0xDE,0xFB,0xDE,0xFB,0xDE,
    0xFB,0xDE,0xFB,0xDE,0xFB,0xDE,0xFB,0xDE,0xFB,0xDE,0xFB,0xDE,0xFB,0xDE,0xFB,0xDE,0xFB,0xDE,0xFB,0xDE,0xFB,0xDE,0x59,0xCE,0x17,0xC6,0x17,0xC6,0x17,0xC6,0x17,0xC6,
    0xF6,0xBD,0xF6,0xBD,0xF6,0xBD,0xD6,0xBD,0x95,0xB5,0x79,0xCE,0xFB,0xDE,0xDB,0xDE,0xFB,0xDE,0xFB,0xDE,0xFB,0xDE,0xFB,0xDE,0xFB,0xDE,0xFB,0xDE,0xFB,0xDE,0xFB,0xDE,
    0xFB,0xDE,0xFB,0xDE,0xFB,0xDE,0xFB,0xDE,0xFB,0xDE,0xFB,0xDE,0xFB,0xDE,0xFB,0xDE,0xFB,0xDE,0xFB,0xDE,0xFB,0xDE,0xFB,0xDE,0xFB,0xDE,0xDB,0xDE,0xFB,0xDE,0x38,0xC6,
    0x10,0x84,0x65,0x29,0x82,0x10,0x24,0x69,0xE3,0x40,0xC3,0x28,0x45,0x79,0x65,0x81,0x65,0x81,0x64,0x61,0x64,0x61,0xE3,0x50,0x25,0x42,0xE9,0xBD,0x84,0xAD,0x65,0xCE,
    0x04,0x9D,0x07,0x7C,0x07,0xC6,0x25,0xC6,0x25,0xC6,0x43,0x6B,0x6B,0xCE,0x69,0x4A,0x30,0x84,0x38,0xC6,0xB6,0xB5,0xC7,0x39,0xC3,0x18,0xC3,0x18,0xA2,0x10,0x41,0x08,
    0x2C,0x63,0xBA,0xD6,0x3C,0xE7,0xDB,0xDE,0xDB,0xDE,0xFB,0xDE,0xFB,0xDE,0xFB,0xDE,0xFB,0xDE,0xFB,0xDE,0xFB,0xDE,0xFB,0xDE,0xFB,0xDE,0xFB,0xDE,0xFB,0xDE,0xDB,0xDE,
    0xFB,0xDE,0xFB,0xDE,0xFB,0xDE,0xFB,0xDE,0xFB,0xDE,0xFB,0xDE,0xDB,0xDE,0xDB,0xDE,0x5D,0xEF,0x1C,0xE7,0x71,0x8C,0x28,0x42,0xC7,0x39,0xB2,0x94,0xF7,0xBD,0xAE,0x73,
    0x51,0x8C,0xB6,0xB5,0x96,0xB5,0x38,0xC6,0x9A,0xD6,0x9A,0xD6,0xBA,0xD6,0x35,0xBD,0x34,0xB5,0xFB,0xD6,0xF0,0x9C,0xE8,0x5A,0x85,0x94,0x85,0xD6,0x05,0xC6,0x46,0xA5,
    0x85,0xAD,0xC5,0x8C,0xC5,0xB5,0xB0,0xBD,0x05,0x19,0x85,0x41,0x85,0x79,0xA6,0x79,0x65,0x89,0x65,0x89,0x24,0x69,0x24,0x59,0x65,0x79,0x24,0x61,0x24,0x61,0x61,0x18,
    0x75,0xBD,0x3C,0xE7,0xDB,0xDE,0xFB,0xDE,0xFB,0xDE,0xFB,0xDE,0xFB,0xDE,0xFB,0xDE,0xFB,0xDE,0xFB,0xDE,0xFB,0xDE,0xFB,0xDE,0xFB,0xDE,0xFB,0xDE,0xFB,0xDE,0xFB,0xDE,
    0xFB,0xDE,0xFB,0xDE,0xFB,0xDE,0xFB,0xDE,0xFB,0xDE,0xFB,0xDE,0xFB,0xDE,0xFB,0xDE,0xFB,0xDE,0xFB,0xDE,0xFB,0xDE,0x79,0xCE,0xF7,0xC5,0xF7,0xC5,0xF7,0xC5,0xF7,0xC5,
    0xB5,0xBD,0xB5,0xBD,0xB5,0xBD,0x95,0xB5,0x53,0xAD,0x38,0xCE,0x1C,0xDF,0xDB,0xDE,0xFB,0xDE,0xFB,0xDE,0xFB,0xDE,0xFB,0xDE,0xFB,0xDE,0xFB,0xDE,0xFB,0xDE,0xFB,0xDE,
    0xFB,0xDE,0xFB,0xDE,0xFB,0xDE,0xFB,0xDE,0xFB,0xDE,0xFB,0xDE,0xFB,0xDE,0xFB,0xDE,0xFB,0xDE,0xFB,0xDE,0xFB,0xDE,0xFB,0xDE,0xFB,0xDE,0xDB,0xDE,0xDB,0xDE,0x9E,0xF7,
    0x0C,0x5B,0x41,0x00,0xA2,0x10,0x04,0x49,0x86,0x91,0x24,0x59,0xE3,0x48,0x65,0x89,0x45,0x81,0x45,0x81,0x85,0x89,0xE5,0x70,0x43,0x4A,0x05,0xBE,0x45,0xA5,0x85,0xD6,
    0xA5,0x94,0x25,0x84,0x05,0xBE,0x25,0xC6,0x24,0xC6,0x88,0x7B,0x08,0x9D,0x83,0x52,0x73,0x8C,0x5C,0xEF,0x9A,0xD6,0x0C,0x63,0x61,0x08,0xE3,0x18,0x82,0x10,0xA2,0x10,
    0xA2,0x10,0x49,0x4A,0x96,0xB5,0x5D,0xEF,0xFB,0xDE,0xDB,0xDE,0xFB,0xDE,0xFB,0xDE,0xFB,0xDE,0xFB,0xDE,0xFB,0xDE,0xFB,0xDE,0xFB,0xDE,0xFB,0xDE,0xFB,0xDE,0xFB,0xDE,
    0xFB,0xDE,0xFB,0xDE,0xFB,0xDE,0xFB,0xDE,0xDB,0xDE,0xDB,0xDE,0x3C,0xE7,0x3C,0xE7,0x55,0xAD,0x8A,0x52,0x41,0x08,0x24,0x21,0x0C,0x63,0xAA,0x52,0x92,0x94,0x34,0xA5,
    0x14,0xA5,0x1C,0xE7,0xFB,0xDE,0x1C,0xE7,0xFB,0xDE,0x59,0xCE,0xDB,0xDE,0xDB,0xDE,0xD3,0x9C,0xF3,0x9C,0x51,0x8C,0x49,0x4A,0x45,0x94,0x65,0xCE,0x25,0xC6,0x25,0xC6,
    0xE6,0x9C,0x06,0xC6,0x85,0xD6,0x05,0x9D,0xA3,0x18,0x45,0x71,0x65,0x81,0x45,0x81,0x45,0x81,0x24,0x61,0xA2,0x18,0x24,0x61,0x24,0x59,0x24,0x59,0x82,0x28,0xEC,0x7A,
    0x1C,0xE7,0xDB,0xDE,0xFB,0xDE,0xFB,0xDE,0xFB,0xDE,0xDB,0xDE,0xFB,0xDE,0xFB,0xDE,0xFB,0xDE,0xFB,0xDE,0xFB,0xDE,0xFB,0xDE,0xFB,0xDE,0xFB,0xDE,0xFB,0xDE,0xFB,0xDE,
    0xFB,0xDE,0xFB,0xDE,0xFB,0xDE,0xFB,0xDE,0xFB,0xDE,0xDB,0xDE,0xFB,0xDE,0xFB,0xDE,0xFB,0xDE,0xFB,0xDE,0xFB,0xDE,0x9A,0xD6,0xF7,0xBD,0xB6,0xBD,0xB6,0xBD,0xB6,0xBD,
    0xB5,0xBD,0xB5,0xBD,0xB5,0xBD,0x95,0xB5,0x33,0xAD,0x38,0xCE,0x1C,0xDF,0xDB,0xDE,0xFB,0xDE,0xFB,0xDE,0xFB,0xDE,0xFB,0xDE,0xFB,0xDE,0xFB,0xDE,0xFB,0xDE,0xFB,0xDE,
    0xFB,0xDE,0xFB,0xDE,0xFB,0xDE,0xFB,0xDE,0xFB,0xDE,0xFB,0xDE,0xFB,0xDE,0xFB,0xDE,0xFB,0xDE,0xFB,0xDE,0xFB,0xDE,0xFB,0xDE,0xDB,0xDE,0xFB,0xDE,0x5D,0xEF,0x51,0x84,
    0xE3,0x20,0xC3,0x30,0xE3,0x30,0x45,0x71,0x45,0x79,0x65,0x81,0x03,0x39,0x04,0x59,0x65,0x69,0x65,0x79,0x65,0x89,0xE5,0x68,0x43,0x4A,0x65,0xAD,0x25,0xA5,0x85,0xD6,
    0xE5,0x9C,0xC5,0x7B,0x65,0xAD,0x05,0xC6,0x65,0xCE,0xA5,0x62,0x46,0x8C,0xC3,0x5A,0x73,0x8C,0x7D,0xEF,0xFB,0xDE,0x79,0xCE,0x2C,0x63,0x65,0x29,0xC3,0x18,0xA2,0x10,
    0xE3,0x18,0x04,0x21,0xC3,0x18,0x2C,0x63,0x79,0xCE,0x3C,0xE7,0xDB,0xDE,0xDB,0xDE,0xFB,0xDE,0xFB,0xDE,0xFB,0xDE,0xFB,0xDE,0xFB,0xDE,0xFB,0xDE,0xFB,0xDE,0xFB,0xDE,
    0xFB,0xDE,0xFB,0xDE,0xDB,0xDE,0xFB,0xDE,0x3C,0xE7,0x3C,0xE7,0x96,0xB5,0x8A,0x52,0x82,0x10,0x82,0x10,0x82,0x10,0xCB,0x5A,0x71,0x8C,0xC7,0x39,0xAE,0x73,0x59,0xCE,
    0xFB,0xDE,0xFB,0xDE,0x1C,0xE7,0x59,0xCE,0xDB,0xDE,0x55,0xAD,0x18,0xC6,0x38,0xC6,0x92,0xAC,0x8D,0x73,0xCA,0x5A,0x4B,0x63,0xC5,0x7B,0x85,0xD6,0xA5,0xB5,0x25,0xC6,
    0x86,0x7B,0xE6,0xA4,0xA5,0xD6,0xE4,0x9C,0x66,0x29,0x45,0x71,0x65,0x89,0x65,0x89,0x45,0x79,0x04,0x51,0x45,0x71,0x24,0x69,0xE3,0x38,0x04,0x49,0x82,0x28,0x96,0xD5,
    0x3C,0xDF,0xDB,0xDE,0xFB,0xDE,0xFB,0xDE,0xDB,0xDE,0x1C,0xE7,0xBA,0xD6,0xFB,0xDE,0xFB,0xDE,0xFB,0xDE,0xFB,0xDE,0xFB,0xDE,0xFB,0xDE,0xFB,0xDE,0xFB,0xDE,0xFB,0xDE,
    0xFB,0xDE,0xFB,0xDE,0xFB,0xDE,0xFB,0xDE,0xDB,0xDE,0x1C,0xE7,0xFB,0xDE,0xFB,0xDE,0xFB,0xDE,0xFB,0xDE,0xFB,0xDE,0x9A,0xD6,0xF7,0xBD,0xD6,0xBD,0xD6,0xBD,0xD6,0xBD,
    0xB5,0xBD,0xB5,0xBD,0xB5,0xBD,0x95,0xB5,0x33,0xAD,0x38,0xCE,0x1C,0xDF,0xDB,0xDE,0xFB,0xDE,0xFB,0xDE,0xFB,0xDE,0xFB,0xDE,0xFB,0xDE,0xFB,0xDE,0xFB,0xDE,0xFB,0xDE,
    0xFB,0xDE,0xFB,0xDE,0xFB,0xDE,0xFB,0xDE,0xFB,0xDE,0xFB,0xDE,0xFB,0xDE,0xFB,0xDE,0xFB,0xDE,0xFB,0xDE,0xFB,0xDE,0xFB,0xDE,0xFB,0xDE,0x79,0xCE,0xCF,0x7B,0x61,0x08,
    0x24,0x49,0x65,0x89,0x45,0x79,0x45,0x79,0x45,0x81,0x65,0x81,0x24,0x49,0x24,0x61,0x44,0x59,0x45,0x71,0x45,0x71,0xE5,0x70,0x63,0x4A,0x05,0xA5,0x45,0xA5,0x25,0xC6,
    0xC5,0x8C,0xC5,0x7B,0x2C,0x8C,0x48,0xAD,0x85,0xD6,0xA4,0x5A,0xA5,0x6B,0x65,0x7B,0xAF,0x7B,0x9A,0xD6,0xDB,0xDE,0xFB,0xDE,0x3C,0xE7,0x18,0xC6,0xB2,0x94,0x8A,0x52,
    0x69,0x4A,0xC3,0x18,0x45,0x29,0x24,0x21,0x04,0x21,0x34,0xA5,0x5D,0xEF,0x1C,0xE7,0xDB,0xDE,0xDB,0xDE,0xFB,0xDE,0xFB,0xDE,0xFB,0xDE,0xFB,0xDE,0xFB,0xDE,0xDB,0xDE,
    0xDB,0xDE,0xDB,0xDE,0x3C,0xE7,0xFB,0xDE,0x55,0xAD,0xAA,0x52,0x24,0x21,0x41,0x08,0x04,0x21,0xE7,0x39,0xCB,0x5A,0x55,0xAD,0x71,0x8C,0x55,0xAD,0xD7,0xBD,0xDB,0xDE,
    0xFB,0xDE,0xDB,0xDE,0xDB,0xDE,0xD3,0x9C,0x55,0xAD,0xEF,0x7B,0xF7,0xBD,0xD7,0xBD,0x08,0x72,0x8A,0x52,0xAA,0x52,0x49,0x4A,0x4A,0xAD,0x85,0xD6,0x65,0xAD,0xA5,0xBD,
    0x45,0x8C,0x25,0xA5,0x85,0xD6,0xE5,0x9C,0x25,0x39,0x45,0x79,0x45,0x79,0x04,0x51,0xE3,0x38,0x45,0x71,0x44,0x41,0xA2,0x18,0xE3,0x38,0xA2,0x38,0x8A,0x82,0xFB,0xDE,
    0xDB,0xDE,0xFB,0xE6,0xDB,0xDE,0xDB,0xDE,0x7D,0xEF,0x92,0x94,0xD3,0x9C,0x3C,0xE7,0xDB,0xDE,0xFB,0xDE,0xFB,0xDE,0xFB,0xDE,0xFB,0xDE,0xFB,0xDE,0xFB,0xDE,0xFB,0xDE,
    0xFB,0xDE,0xFB,0xDE,0xFB,0xDE,0xDB,0xDE,0x1C,0xE7,0xF3,0x9C,0x79,0xCE,0xFB,0xDE,0xDB,0xDE,0xFB,0xDE,0xFB,0xDE,0x9A,0xD6,0xF6,0xBD,0xB6,0xBD,0xB6,0xBD,0xB6,0xBD,
    0xB6,0xBD,0xB5,0xBD,0xB6,0xBD,0x95,0xB5,0x33,0xAD,0x79,0xCE,0xFC,0xDE,0xDB,0xDE,0xFB,0xDE,0xFB,0xDE,0xFB,0xDE,0xFB,0xDE,0xFB,0xDE,0xFB,0xDE,0xFB,0xDE,0xFB,0xDE,
    0xFB,0xDE,0xFB,0xDE,0xFB,0xDE,0xFB,0xDE,0xFB,0xDE,0xFB,0xDE,0xFB,0xDE,0xFB,0xDE,0xFB,0xDE,0xFB,0xDE,0xFB,0xDE,0xDB,0xDE,0x7D,0xEF,0x6D,0x6B,0x20,0x00,0x65,0x59,
    0x65,0x89,0x65,0x81,0x65,0x81,0x65,0x81,0x65,0x81,0x65,0x81,0x64,0x61,0x04,0x51,0x24,0x59,0x45,0x79,0x65,0x89,0xE5,0x68,0x43,0x4A,0xA6,0xBD,0x65,0xAD,0x05,0xC6,
    0xE6,0x7B,0x05,0x8D,0x87,0x7B,0xC9,0x9C,0x84,0xD6,0x67,0x8C,0xEE,0xA4,0x65,0x94,0x46,0x29,0xB6,0xB5,0x3C,0xE7,0xDB,0xDE,0x1C,0xE7,0xB6,0xB5,0x69,0x4A,0x69,0x4A,
    0x28,0x42,0x86,0x31,0x45,0x29,0x2C,0x63,0xC7,0x39,0x28,0x42,0xCF,0x7B,0x59,0xCE,0x5D,0xEF,0xFB,0xDE,0xDB,0xDE,0xFB,0xDE,0xFB,0xDE,0xDB,0xDE,0xDB,0xDE,0xFB,0xDE,
    0x5D,0xEF,0xFB,0xDE,0x55,0xAD,0x28,0x42,0xA2,0x10,0x61,0x08,0x45,0x29,0x65,0x29,0x61,0x08,0xE3,0x18,0xB2,0x94,0x38,0xC6,0x38,0xC6,0xFB,0xDE,0x3C,0xE7,0x1C,0xE7,
    0x79,0xCE,0x3C,0xE7,0x30,0x84,0x8E,0x73,0x4D,0x6B,0x4D,0x6B,0xAF,0x7B,0xE7,0x41,0x08,0x4A,0xA2,0x10,0x4D,0x6B,0x28,0x42,0x64,0xAD,0x65,0xCE,0xA5,0xBD,0x65,0xAD,
    0x67,0xA5,0x25,0xC6,0x65,0xCE,0xE4,0x9C,0xE4,0x58,0x65,0x89,0x04,0x49,0x24,0x61,0x45,0x79,0x44,0x59,0x64,0x51,0xE3,0x40,0xC2,0x10,0x24,0x41,0x96,0xCD,0x5D,0xE7,
    0xFB,0xDE,0x59,0xCE,0x1C,0xE7,0x9E,0xEF,0xB2,0x94,0x4D,0x6B,0x1C,0xE7,0xDB,0xDE,0xFB,0xDE,0xFB,0xDE,0xFB,0xDE,0xFB,0xDE,0xFB,0xDE,0xFB,0xDE,0xFB,0xDE,0xFB,0xDE,
    0xFB,0xDE,0xFB,0xDE,0xDB,0xDE,0xDB,0xDE,0x5D,0xEF,0x4D,0x6B,0x59,0xCE,0x1C,0xE7,0xDB,0xDE,0xFB,0xDE,0xFB,0xDE,0x9A,0xD6,0xD6,0xBD,0xB5,0xBD,0xB5,0xBD,0xB5,0xBD,
    0xB6,0xBD,0xB5,0xBD,0xB6,0xBD,0x95,0xB5,0x53,0xAD,0xBA,0xD6,0xFB,0xDE,0xFB,0xDE,0xFB,0xDE,0xFB,0xDE,0xFB,0xDE,0xFB,0xDE,0xFB,0xDE,0xFB,0xDE,0xFB,0xDE,0xFB,0xDE,
    0xFB,0xDE,0xFB,0xDE,0xFB,0xDE,0xFB,0xDE,0xFB,0xDE,0xFB,0xDE,0xFB,0xDE,0xFB,0xDE,0xFB,0xDE,0xFB,0xDE,0xDB,0xDE,0x1C,0xE7,0xF7,0xBD,0x28,0x42,0xC3,0x20,0x65,0x89,
    0x65,0x81,0x65,0x81,0x65,0x81,0x65,0x81,0x65,0x81,0x65,0x81,0x65,0x81,0xE3,0x40,0xE3,0x30,0x65,0x79,0x85,0x91,0xC4,0x50,0x63,0x4A,0x0A,0x9D,0xE5,0x94,0xE5,0xBD,
    0x65,0x73,0xC7,0xB5,0xA5,0x73,0x25,0xA5,0x65,0xD6,0xE7,0xBD,0xEC,0xA4,0x63,0xAD,0xCD,0x73,0x39,0xC6,0x9A,0xD6,0xFB,0xDE,0xDB,0xDE,0x1C,0xE7,0x55,0xAD,0xAE,0x73,
    0x08,0x42,0xE3,0x18,0xA6,0x31,0x49,0x4A,0x10,0x84,0xEB,0x5A,0x86,0x31,0x86,0x31,0x6D,0x6B,0x9A,0xD6,0x5D,0xEF,0xFB,0xDE,0xDB,0xDE,0x1C,0xE7,0x5D,0xEF,0x9A,0xD6,
    0xB2,0x94,0xEB,0x5A,0xC3,0x18,0xC3,0x18,0x86,0x31,0x24,0x21,0x45,0x29,0x20,0x00,0x08,0x42,0xCF,0x7B,0xB6,0xB5,0x7D,0xEF,0x1C,0xE7,0xFB,0xDE,0xFB,0xDE,0x75,0xAD,
    0x10,0x7C,0xEF,0x7B,0x69,0x4A,0xE7,0x31,0x27,0x52,0xCB,0xAA,0x46,0x59,0xE3,0x50,0xA2,0x20,0x61,0x08,0x45,0x21,0x24,0x21,0x84,0xB5,0x65,0xCE,0x27,0xAD,0x46,0xAD,
    0x85,0x73,0x45,0xC6,0x65,0xCE,0xE4,0x9C,0x04,0x59,0x65,0x89,0x65,0x89,0x45,0x71,0xE3,0x38,0xE3,0x20,0x45,0x79,0x44,0x59,0xC2,0x38,0xEB,0x82,0x7D,0xEF,0xDB,0xDE,
    0x71,0x8C,0x38,0xCE,0x79,0xCE,0x30,0x8C,0x69,0x52,0x59,0xCE,0x3C,0xE7,0xDB,0xDE,0xFB,0xDE,0xFB,0xDE,0xFB,0xDE,0xFB,0xDE,0xFB,0xDE,0xFB,0xDE,0xFB,0xDE,0xFB,0xDE,
    0xFB,0xDE,0xDB,0xDE,0xFB,0xDE,0x5D,0xEF,0x92,0x94,0x30,0x84,0x1C,0xE7,0xDB,0xDE,0xFB,0xDE,0xFB,0xDE,0xFB,0xDE,0x9A,0xD6,0xF7,0xC5,0xB5,0xBD,0xB5,0xBD,0xB5,0xBD,
    0xB6,0xBD,0xB5,0xBD,0xB6,0xBD,0x74,0xB5,0x53,0xAD,0x9A,0xD6,0xFB,0xDE,0xFB,0xDE,0xFB,0xDE,0xFB,0xDE,0xFB,0xDE,0xFB,0xDE,0xFB,0xDE,0xFB,0xDE,0xFB,0xDE,0xFB,0xDE,
    0xFB,0xDE,0xFB,0xDE,0xFB,0xDE,0xFB,0xDE,0xFB,0xDE,0xFB,0xDE,0xFB,0xDE,0xFB,0xDE,0xFB,0xDE,0xFB,0xDE,0xDB,0xDE,0x5D,0xEF,0x96,0xB5,0x24,0x21,0xE3,0x40,0x65,0x81,
    0x45,0x79,0x65,0x81,0x65,0x81,0x65,0x81,0x65,0x81,0x65,0x81,0x65,0x89,0x65,0x71,0x03,0x39,0x45,0x79,0x85,0x81,0x04,0x71,0x86,0x83,0xCD,0x94,0x45,0xA5,0xA5,0xB5,
    0x83,0x73,0xA5,0xB5,0x85,0x63,0x65,0xA5,0xA5,0xB5,0xE5,0xBD,0x85,0x84,0x25,0xC6,0x0D,0x84,0x18,0xC6,0x1C,0xE7,0xD3,0x9C,0x9A,0xD6,0xFB,0xDE,0x3C,0xE7,0xFB,0xDE,
    0xD7,0xBD,0x8E,0x73,0xAA,0x52,0x08,0x42,0x49,0x4A,0x0B,0x63,0xEF,0x83,0x8D,0x7B,0x41,0x08,0x86,0x31,0x75,0xAD,0xDB,0xDE,0xFB,0xDE,0x59,0xCE,0x6D,0x6B,0x65,0x29,
    0x08,0x42,0x45,0x29,0xC7,0x39,0xE7,0x39,0xE7,0x39,0xC7,0x39,0xC7,0x39,0x0C,0x63,0xB6,0xB5,0x5D,0xEF,0xD7,0xBD,0xF3,0x9C,0x18,0xC6,0x38,0xC6,0xD7,0xBD,0xB2,0x94,
    0x4D,0x73,0x44,0x29,0x66,0x39,0xC8,0x71,0x03,0x61,0xC3,0x48,0x24,0x69,0x65,0x89,0x45,0x71,0x04,0x59,0xC3,0x20,0x84,0x31,0xA5,0xBD,0x65,0xCE,0xE4,0x83,0xE4,0xA4,
    0x87,0x7B,0x65,0xCE,0x45,0xCE,0xC4,0x94,0xE4,0x58,0x85,0x91,0x24,0x61,0xC3,0x28,0xE3,0x40,0xE4,0x48,0x24,0x49,0x23,0x31,0x45,0x69,0x18,0xD6,0xF7,0xBD,0x30,0x84,
    0x51,0x8C,0x51,0x84,0x6A,0x6A,0x61,0x48,0x14,0xA5,0x7D,0xEF,0xF7,0xBD,0xBA,0xDE,0xFB,0xDE,0xFB,0xDE,0xFB,0xDE,0xFB,0xDE,0xFB,0xDE,0xDB,0xDE,0xDB,0xDE,0xDB,0xDE,
    0xDB,0xDE,0x3C,0xE7,0x9A,0xD6,0xCF,0x7B,0x51,0x8C,0x1C,0xE7,0xFB,0xDE,0xFB,0xDE,0xFB,0xDE,0xFB,0xDE,0xFB,0xDE,0x9A,0xD6,0xF7,0xC5,0xB5,0xBD,0xB5,0xBD,0xB5,0xBD,
    0xB6,0xBD,0xB6,0xBD,0xD6,0xBD,0x74,0xB5,0x53,0xAD,0x9A,0xD6,0xFB,0xDE,0xFB,0xDE,0xFB,0xDE,0xFB,0xDE,0xFB,0xDE,0xFB,0xDE,0xFB,0xDE,0xFB,0xDE,0xFB,0xDE,0xFB,0xDE,
    0xFB,0xDE,0xFB,0xDE,0xFB,0xDE,0xFB,0xDE,0xFB,0xDE,0xFB,0xDE,0xFB,0xDE,0xFB,0xDE,0xFB,0xDE,0xDB,0xDE,0xFB,0xDE,0x59,0xCE,0x0C,0x5B,0x61,0x20,0x65,0x89,0x65,0x81,
    0x45,0x81,0x65,0x81,0x65,0x81,0x65,0x81,0x65,0x81,0x65,0x81,0x45,0x79,0xE3,0x40,0x24,0x59,0x65,0x89,0x65,0x79,0x05,0x79,0x86,0x83,0x2D,0xA5,0xC5,0xB5,0xA5,0xB5,
    0x84,0x6B,0xC5,0xAD,0xC6,0x73,0xC5,0x94,0x25,0x9D,0xE5,0xBD,0x67,0x84,0xC8,0xDE,0x26,0x5B,0x15,0xA5,0xBE,0xF7,0x96,0xB5,0x95,0xB5,0xBA,0xD6,0xDB,0xDE,0xDB,0xDE,
    0x3C,0xE7,0xDB,0xDE,0x71,0x8C,0xC7,0x39,0x45,0x29,0x30,0x84,0xCE,0x83,0x90,0x9C,0xAD,0x7B,0x49,0x4A,0xA2,0x10,0x0C,0x63,0x69,0x4A,0x45,0x29,0xA2,0x10,0x86,0x31,
    0xC7,0x39,0x45,0x29,0x08,0x42,0x86,0x31,0x45,0x29,0xE7,0x39,0x49,0x4A,0x59,0xCE,0x1C,0xE7,0x9A,0xD6,0x79,0xCE,0x8E,0x73,0x10,0x84,0xB6,0xBD,0x8A,0x7A,0x85,0x49,
    0x65,0x81,0x04,0x41,0x25,0x69,0x86,0x91,0x45,0x79,0x45,0x79,0x65,0x81,0x65,0x81,0x65,0x89,0x65,0x81,0x24,0x69,0x85,0x31,0x07,0xC6,0x45,0xCE,0x65,0x94,0xE6,0xA4,
    0x87,0x73,0x25,0xC6,0x45,0xCE,0x26,0x9D,0x44,0x51,0x45,0x71,0x45,0x79,0x65,0x81,0x45,0x79,0x03,0x31,0x24,0x31,0x04,0x69,0x28,0x72,0xF3,0x9C,0xCB,0x5A,0xA6,0x31,
    0x8A,0x5A,0x08,0x5A,0xC3,0x50,0x71,0x94,0x5D,0xE7,0x0C,0x6B,0x49,0x52,0xDB,0xDE,0xFB,0xDE,0xDB,0xDE,0xDB,0xDE,0xDB,0xDE,0xDB,0xDE,0x1C,0xDF,0x1C,0xE7,0x7D,0xEF,
    0x1C,0xE7,0x55,0xAD,0x08,0x42,0x41,0x08,0x14,0xA5,0xFB,0xDE,0xFB,0xDE,0xDB,0xDE,0xFB,0xDE,0xFB,0xDE,0xFB,0xDE,0xDA,0xDE,0xF7,0xBD,0xD6,0xBD,0xD6,0xBD,0xD6,0xBD,
    0xB6,0xBD,0xD6,0xBD,0xD6,0xBD,0x74,0xB5,0x53,0xAD,0x9A,0xD6,0xFB,0xDE,0xFB,0xDE,0xFB,0xDE,0xFB,0xDE,0xFB,0xDE,0xFB,0xDE,0xFB,0xDE,0xFB,0xDE,0xFB,0xDE,0xFB,0xDE,
    0xFB,0xDE,0xFB,0xDE,0xFB,0xDE,0xFB,0xDE,0xFB,0xDE,0xFB,0xDE,0xFB,0xDE,0xFB,0xDE,0xDB,0xDE,0xDB,0xDE,0x9A,0xD6,0x2C,0x63,0xA2,0x08,0x04,0x59,0x65,0x79,0x65,0x71,
    0x65,0x81,0x65,0x81,0x65,0x81,0x65,0x81,0x65,0x81,0x65,0x81,0x65,0x81,0x04,0x51,0x24,0x69,0x65,0x89,0x65,0x81,0x05,0x79,0x66,0x83,0xC9,0x8C,0x45,0xCE,0xC5,0xBD,
    0x04,0x5B,0x05,0x8D,0xE5,0x93,0x85,0x94,0x25,0x9D,0x85,0xAD,0xE6,0x9C,0xC6,0xAC,0x0A,0x94,0xC7,0x41,0x74,0xAD,0xB2,0x94,0xF3,0x9C,0xD3,0x9C,0xBA,0xD6,0x18,0xC6,
    0xBA,0xD6,0xFB,0xDE,0x79,0xCE,0xAA,0x52,0x04,0x21,0x86,0x31,0x69,0x4A,0xF2,0xA4,0xCE,0x7B,0x89,0x52,0xEB,0x62,0x82,0x08,0xC3,0x18,0x86,0x31,0x04,0x21,0x0C,0x63,
    0x45,0x29,0x24,0x21,0x10,0x84,0x08,0x42,0xC3,0x18,0xE3,0x18,0xEF,0x7B,0x38,0xC6,0x1C,0xE7,0xD7,0xBD,0x2C,0x63,0xEF,0x7B,0x10,0x7C,0x71,0x8C,0xC6,0x69,0x24,0x79,
    0x65,0x81,0x65,0x81,0x65,0x81,0x45,0x81,0x45,0x79,0x65,0x81,0x65,0x81,0x65,0x81,0x65,0x81,0x65,0x89,0x25,0x79,0xA5,0x39,0x26,0xC6,0x05,0xC6,0x05,0xA5,0xC6,0x9C,
    0x49,0x6B,0xE5,0xBD,0x65,0xCE,0xA6,0x94,0x65,0x49,0x03,0x39,0x65,0x79,0x65,0x89,0x04,0x49,0xC2,0x08,0x44,0x61,0x24,0x69,0xC2,0x20,0x44,0x41,0x65,0x21,0x86,0x31,
    0x04,0x51,0x24,0x79,0x04,0x31,0xD3,0x8C,0xCB,0x5A,0x20,0x30,0x28,0x52,0xFB,0xDE,0xDB,0xDE,0xFB,0xE6,0x5D,0xEF,0x5D,0xEF,0xFC,0xDE,0xD7,0xCD,0xD6,0xB5,0x10,0x84,
    0x8A,0x52,0x61,0x08,0x24,0x29,0x8A,0x52,0x28,0x42,0x0C,0x73,0x1C,0xE7,0xDB,0xDE,0xFB,0xDE,0xFB,0xDE,0xFB,0xDE,0xDB,0xDE,0x38,0xCE,0x17,0xC6,0xF7,0xC5,0xF7,0xC5,
    0xB6,0xBD,0xD6,0xBD,0xD6,0xBD,0x74,0xB5,0x53,0xAD,0x9A,0xD6,0xFB,0xDE,0xFB,0xDE,0xFB,0xDE,0xFB,0xDE,0xFB,0xDE,0xFB,0xDE,0xFB,0xDE,0xFB,0xDE,0xFB,0xDE,0xFB,0xDE,
    0xFB,0xDE,0xFB,0xDE,0xFB,0xDE,0xFB,0xDE,0xFB,0xDE,0xFB,0xDE,0xFB,0xDE,0xDB,0xDE,0xFB,0xDE,0x5D,0xEF,0x55,0xAD,0x45,0x21,0x82,0x18,0x65,0x79,0x24,0x61,0x45,0x79,
    0x65,0x81,0x65,0x81,0x65,0x81,0x65,0x81,0x65,0x81,0x65,0x81,0x65,0x81,0x65,0x89,0x65,0x81,0x65,0x81,0x65,0x81,0x24,0x79,0x69,0x62,0xE8,0x7B,0x44,0xCE,0xC5,0xBD,
    0xC4,0x5A,0x65,0x8C,0xA5,0x83,0xE5,0xA4,0x25,0xC6,0xA4,0x8C,0xE8,0xBD,0x8F,0xAC,0x69,0xB3,0x03,0x61,0x86,0x59,0xAA,0x5A,0x2C,0x63,0x2C,0x63,0x2C,0x63,0x59,0xCE,
    0x59,0xCE,0xFB,0xDE,0x1C,0xE7,0x9A,0xD6,0x49,0x4A,0x08,0x42,0xE7,0x39,0x8E,0x73,0x34,0xAD,0xA9,0x62,0xEB,0x62,0xA5,0x31,0x08,0x42,0xC7,0x39,0x69,0x4A,0xCB,0x5A,
    0x49,0x4A,0xEB,0x5A,0x4D,0x6B,0xE3,0x18,0x92,0x94,0xF7,0xBD,0xF7,0xBD,0x75,0xAD,0x96,0xB5,0xB6,0xB5,0xCF,0x73,0x6E,0x7B,0x69,0x62,0x45,0x39,0xE3,0x38,0x04,0x49,
    0x45,0x69,0x65,0x89,0x65,0x81,0x65,0x81,0x65,0x81,0x65,0x81,0x65,0x81,0x65,0x81,0x45,0x79,0x65,0x79,0xE4,0x60,0xE3,0x39,0x65,0xCE,0xA5,0xB5,0xA3,0x7B,0x07,0xA5,
    0x26,0xAD,0x45,0xCE,0x65,0xCE,0x26,0x8C,0x87,0x71,0x44,0x79,0x24,0x61,0x24,0x69,0xC3,0x20,0x24,0x59,0xE3,0x40,0xE3,0x38,0x04,0x49,0x04,0x51,0xE3,0x40,0x24,0x61,
    0x65,0x89,0x65,0x81,0x45,0x69,0x82,0x30,0x61,0x10,0xC7,0x41,0x96,0xB5,0x7D,0xEF,0xFB,0xDE,0x79,0xCE,0x91,0x8C,0x8E,0x6B,0x8A,0x72,0xC7,0x81,0x85,0x61,0xC2,0x50,
    0x41,0x08,0x45,0x29,0xF3,0x9C,0x1C,0xE7,0x3C,0xE7,0x55,0xC5,0x9A,0xDE,0x1C,0xDF,0xFB,0xDE,0xFB,0xDE,0x1C,0xE7,0x18,0xC6,0xA8,0x5A,0x09,0x73,0x2A,0x73,0x8C,0x83,
    0xD6,0xBD,0xD6,0xBD,0xD6,0xBD,0x95,0xB5,0x54,0xB5,0x9A,0xD6,0xFB,0xDE,0xFB,0xDE,0xFB,0xDE,0xFB,0xDE,0xFB,0xDE,0xFB,0xDE,0xFB,0xDE,0xFB,0xDE,0xFB,0xDE,0xFB,0xDE,
    0xFB,0xDE,0xFB,0xDE,0xFB,0xDE,0xFB,0xDE,0xFB,0xDE,0xFB,0xDE,0xDB,0xDE,0x3C,0xE7,0x9A,0xD6,0x6D,0x6B,0x8A,0x52,0x24,0x19,0xC3,0x28,0x65,0x89,0x65,0x81,0x65,0x81,
    0x65,0x81,0x65,0x81,0x65,0x81,0x65,0x81,0x65,0x81,0x65,0x81,0x65,0x81,0x45,0x79,0xE3,0x40,0x45,0x79,0x65,0x89,0x45,0x89,0x45,0x49,0x67,0x7B,0x25,0xC6,0xC5,0xBD,
    0xE5,0x83,0x05,0xA5,0x24,0x6B,0xE5,0xA4,0x05,0xC6,0xC5,0xB5,0xC6,0xB5,0x07,0x6B,0x07,0x8B,0x27,0x92,0x04,0x79,0xA6,0x91,0x44,0x41,0x2C,0x73,0xB2,0xA4,0x91,0x8C,
    0x51,0x84,0xFB,0xDE,0x3C,0xE7,0xDB,0xDE,0x34,0xA5,0xC7,0x39,0x65,0x29,0xAB,0x52,0xD2,0x9C,0xCE,0x7B,0xEE,0x83,0xA8,0x5A,0xCA,0x52,0xC7,0x39,0xAA,0x5A,0xAA,0x5A,
    0xEB,0x5A,0x49,0x4A,0x45,0x29,0x28,0x42,0x71,0x8C,0xFB,0xDE,0x59,0xCE,0xB6,0xB5,0x30,0x8C,0xA6,0x49,0x49,0x6A,0xE8,0x91,0x04,0x79,0x45,0x81,0x65,0x81,0x65,0x81,
    0x65,0x81,0x65,0x81,0x65,0x81,0x65,0x81,0x65,0x81,0x65,0x81,0x65,0x81,0x65,0x81,0x45,0x71,0x24,0x61,0xE4,0x58,0xC3,0x31,0x65,0xCE,0xC6,0xBD,0x86,0x6B,0xC6,0x9C,
    0x86,0x94,0x05,0xBE,0x85,0xD6,0xC5,0x7B,0x46,0x49,0x65,0x81,0x45,0x79,0x04,0x51,0x24,0x61,0x04,0x51,0x24,0x59,0x65,0x89,0x45,0x81,0xA5,0x79,0x65,0x61,0x45,0x79,
    0x45,0x79,0x65,0x81,0x65,0x91,0x65,0x79,0xE3,0x30,0x69,0x42,0x30,0x84,0xCB,0x5A,0x49,0x72,0xA6,0x71,0x24,0x61,0xE3,0x60,0x04,0x79,0x24,0x71,0x24,0x49,0x04,0x31,
    0x30,0x84,0x59,0xCE,0x5D,0xEF,0xDB,0xDE,0xDB,0xDE,0x5C,0xE7,0x9A,0xDE,0x57,0xD5,0xFB,0xDE,0x59,0xCE,0x3C,0xE7,0xD7,0xBD,0xC1,0x28,0xC4,0x49,0xE5,0x51,0x09,0x73,
    0xD6,0xBD,0xD6,0xBD,0xD6,0xBD,0x95,0xB5,0x54,0xB5,0x9A,0xD6,0xFB,0xDE,0xFB,0xDE,0xFB,0xDE,0xFB,0xDE,0xFB,0xDE,0xFB,0xDE,0xFB,0xDE,0xFB,0xDE,0xFB,0xDE,0xFB,0xDE,
    0xFB,0xDE,0xFB,0xDE,0xFB,0xDE,0xFB,0xDE,0xFB,0xDE,0xFB,0xDE,0x3C,0xE7,0xB6,0xB5,0x6D,0x6B,0x08,0x42,0x0C,0x5B,0x45,0x31,0x04,0x61,0x65,0x89,0x65,0x81,0x65,0x81,
    0x65,0x81,0x65,0x81,0x65,0x81,0x65,0x81,0x65,0x81,0x65,0x81,0x65,0x81,0x65,0x81,0x45,0x79,0xE3,0x40,0xE3,0x40,0x45,0x81,0x05,0x51,0xE6,0x5A,0xA5,0xB5,0xC5,0xB5,
    0x05,0x95,0x45,0xAD,0xA6,0x73,0x05,0x9D,0x45,0xAD,0xC8,0xBD,0x46,0x84,0x27,0x6B,0xC5,0x8A,0x27,0xAB,0x04,0x59,0x04,0x59,0x45,0x71,0x03,0x79,0x2C,0xA3,0x0F,0x9C,
    0xEB,0x72,0x92,0x8C,0xF3,0x9C,0x18,0xC6,0xB6,0xB5,0x38,0xC6,0xD3,0x9C,0x8E,0x73,0xEB,0x5A,0xA7,0x31,0x49,0x4A,0x89,0x52,0x24,0x21,0x49,0x4A,0x0B,0x63,0x4C,0x6B,
    0x69,0x4A,0x24,0x21,0xCF,0x7B,0xBA,0xD6,0x5D,0xEF,0xFB,0xDE,0xD7,0xBD,0x13,0x9D,0xE6,0x61,0x25,0x81,0x24,0x81,0x45,0x81,0x65,0x81,0x65,0x81,0x65,0x81,0x65,0x81,
    0x65,0x81,0x65,0x81,0x65,0x81,0x65,0x81,0x65,0x81,0x65,0x81,0x65,0x81,0x65,0x89,0x45,0x79,0x03,0x49,0xC4,0x40,0xE3,0x39,0x65,0xCE,0xA6,0xB5,0xA9,0x73,0x85,0x73,
    0xA5,0x9C,0x25,0xC6,0x85,0xD6,0x24,0x63,0x42,0x08,0x65,0x79,0x65,0x81,0x65,0x89,0x24,0x61,0x44,0x69,0x65,0x89,0x65,0x81,0x65,0x81,0x45,0x71,0x44,0x61,0x04,0x49,
    0x04,0x51,0x04,0x51,0x24,0x59,0x03,0x31,0x82,0x10,0xE3,0x38,0xC3,0x40,0xE3,0x68,0x24,0x81,0x45,0x81,0x65,0x89,0x86,0x89,0x65,0x81,0x45,0x71,0x24,0x59,0xE7,0x31,
    0xBA,0xD6,0x3C,0xE7,0xBA,0xD6,0xFB,0xDE,0xFB,0xDE,0xDB,0xDE,0xDB,0xDE,0x7A,0xDE,0xFB,0xDE,0xBA,0xD6,0x1C,0xE7,0xF7,0xBD,0x22,0x31,0xE5,0x51,0x05,0x52,0x09,0x6B,
    0xD6,0xBD,0xD6,0xBD,0xD6,0xBD,0x95,0xB5,0x74,0xB5,0xBA,0xD6,0xFB,0xDE,0xFB,0xDE,0xFB,0xDE,0xFB,0xDE,0xFB,0xDE,0xFB,0xDE,0xFB,0xDE,0xFB,0xDE,0xFB,0xDE,0xFB,0xDE,
    0xFB,0xDE,0xFB,0xDE,0xFB,0xDE,0xFB,0xDE,0xDB,0xDE,0xDB,0xDE,0x55,0xAD,0x0C,0x5B,0xF3,0x9C,0xF3,0x9C,0x24,0x29,0x45,0x79,0x65,0x79,0x65,0x81,0x65,0x81,0x65,0x81,
    0x65,0x81,0x65,0x81,0x65,0x81,0x65,0x81,0x65,0x81,0x65,0x81,0x65,0x81,0x65,0x81,0x65,0x81,0x65,0x89,0x04,0x51,0xE3,0x38,0xC3,0x30,0x64,0x4A,0x85,0xAD,0x05,0xBE,
    0x45,0xC6,0xA4,0x9C,0xC5,0x9C,0x45,0xA5,0x25,0xC6,0x65,0x8C,0x86,0x52,0xA8,0x5A,0xE3,0x59,0xC6,0x9A,0x45,0x71,0xC3,0x30,0xC3,0x20,0x24,0x69,0xA6,0x89,0xAE,0xB3,
    0xE7,0x79,0xEB,0x72,0x08,0x52,0x51,0x8C,0xFB,0xD6,0xBA,0xD6,0x3C,0xE7,0x9A,0xD6,0xAE,0x73,0x04,0x21,0x4D,0x6B,0x69,0x4A,0x86,0x31,0x0C,0x63,0xA9,0x5A,0x86,0x31,
    0xE3,0x18,0x49,0x4A,0x79,0xCE,0xDB,0xDE,0x59,0xCE,0xF3,0x9C,0x0C,0x5B,0x28,0x62,0x03,0x61,0x65,0x81,0x65,0x81,0x65,0x81,0x65,0x81,0x65,0x81,0x65,0x81,0x65,0x89,
    0x65,0x89,0x65,0x89,0x65,0x89,0x65,0x81,0x45,0x81,0x65,0x81,0x65,0x81,0x44,0x69,0xA2,0x18,0xA2,0x10,0xE4,0x28,0xA5,0x5A,0x65,0xCE,0x45,0xAD,0x87,0x7B,0xC5,0x9C,
    0xA5,0xB5,0x45,0xCE,0x65,0xCE,0x05,0x63,0xA3,0x18,0x45,0x79,0x65,0x81,0x65,0x81,0x65,0x81,0x65,0x79,0x65,0x81,0x65,0x81,0x65,0x81,0x45,0x79,0x65,0x89,0x65,0x89,
    0x65,0x81,0x45,0x79,0xE3,0x40,0x04,0x51,0x45,0x79,0x65,0x81,0x65,0x89,0x65,0x89,0x65,0x81,0x65,0x81,0x65,0x81,0x65,0x81,0x65,0x81,0x45,0x69,0xA2,0x30,0x08,0x5A,
    0xFB,0xDE,0x1C,0xE7,0x3C,0xE7,0xDB,0xDE,0xDB,0xDE,0xDB,0xDE,0xFB,0xDE,0xFB,0xDE,0xFB,0xDE,0xDB,0xDE,0x1C,0xE7,0xF7,0xBD,0x02,0x31,0xC4,0x49,0xE5,0x51,0xC8,0x62,
    0xD6,0xBD,0xD6,0xBD,0xD6,0xBD,0x74,0xB5,0x95,0xB5,0xFB,0xDE,0xFB,0xDE,0xFB,0xDE,0xFB,0xDE,0xFB,0xDE,0xFB,0xDE,0xFB,0xDE,0xFB,0xDE,0xFB,0xDE,0xFB,0xDE,0xFB,0xDE,
    0xFB,0xDE,0xFB,0xDE,0xFB,0xDE,0xFB,0xDE,0xFB,0xDE,0xDB,0xDE,0x9A,0xD6,0xFB,0xDE,0x3C,0xE7,0xCA,0x5A,0x03,0x61,0x65,0x71,0x24,0x59,0x65,0x81,0x65,0x81,0x65,0x81,
    0x65,0x81,0x65,0x81,0x65,0x81,0x65,0x81,0x65,0x81,0x65,0x81,0x65,0x81,0x65,0x81,0x65,0x81,0x65,0x81,0x65,0x89,0x65,0x79,0xA3,0x38,0x43,0x4A,0x26,0xC6,0x05,0xC6,
    0xA5,0xB5,0xA7,0xB5,0x65,0x94,0x05,0xA5,0x45,0xCE,0x03,0x84,0x04,0x42,0x86,0x41,0x64,0x61,0xE5,0x79,0x05,0x9A,0x45,0x89,0x24,0x61,0xC2,0x18,0xE3,0x30,0x45,0x71,
    0xA6,0x91,0xA7,0x91,0x45,0x81,0x8A,0x92,0x56,0xCD,0xB6,0xB5,0x96,0xB5,0xDB,0xDE,0x34,0xA5,0xCB,0x5A,0xCF,0x7B,0x10,0x84,0x65,0x29,0x86,0x31,0x0B,0x63,0x6D,0x6B,
    0x79,0xCE,0x9A,0xD6,0xCF,0x7B,0xF7,0xBD,0x79,0xD6,0xC6,0x49,0x89,0x6A,0x45,0x71,0x44,0x61,0x65,0x89,0x65,0x81,0x65,0x81,0x65,0x81,0x65,0x81,0x45,0x69,0x24,0x69,
    0x24,0x69,0x24,0x61,0x24,0x69,0x64,0x61,0x65,0x79,0x65,0x89,0x24,0x61,0xE3,0x40,0xE3,0x40,0x24,0x61,0x04,0x31,0xE4,0x5A,0xA5,0xD6,0x25,0xAD,0x65,0x94,0xA5,0xB5,
    0x05,0xC6,0xE5,0xBD,0x05,0xC6,0xC6,0x52,0x05,0x31,0x45,0x81,0x65,0x81,0x65,0x81,0x04,0x49,0xA2,0x10,0x24,0x61,0x65,0x89,0x65,0x81,0x65,0x81,0x65,0x81,0x65,0x81,
    0x65,0x79,0x65,0x89,0x65,0x79,0x45,0x79,0x65,0x89,0x65,0x81,0x65,0x81,0x65,0x81,0x65,0x81,0x65,0x81,0x65,0x81,0x65,0x81,0x65,0x91,0x45,0x71,0x61,0x38,0x8E,0x7B,
    0x9E,0xF7,0xD7,0xBD,0x96,0xB5,0x3C,0xE7,0x9E,0xF7,0x1C,0xE7,0xDB,0xDE,0xFB,0xDE,0xFB,0xDE,0xFB,0xDE,0xFB,0xDE,0xBA,0xD6,0xC5,0x41,0x63,0x41,0xE5,0x49,0x2A,0x73,
    0xD6,0xBD,0xD6,0xBD,0xD6,0xBD,0x54,0xB5,0x95,0xB5,0xDB,0xDE,0xFB,0xDE,0xFB,0xDE,0xFB,0xDE,0xFB,0xDE,0xFB,0xDE,0xFB,0xDE,0xFB,0xDE,0xFB,0xDE,0xFB,0xDE,0xFB,0xDE,
    0xFB,0xDE,0xFB,0xDE,0xFB,0xDE,0xFB,0xDE,0xFB,0xDE,0xFB,0xDE,0xFB,0xDE,0x3C,0xE7,0x55,0xA5,0xE3,0x28,0x65,0x89,0x44,0x61,0x45,0x81,0x65,0x81,0x65,0x81,0x65,0x81,
    0x65,0x81,0x65,0x81,0x65,0x81,0x65,0x81,0x65,0x81,0x65,0x81,0x65,0x81,0x65,0x81,0x65,0x81,0x65,0x81,0x65,0x81,0x65,0x89,0x25,0x79,0x64,0x31,0xE8,0xA4,0x45,0xC6,
    0xC5,0x94,0x46,0xA5,0x25,0x84,0x85,0xBD,0xA5,0xAD,0x47,0x9D,0x87,0x52,0xE4,0x28,0xE3,0x40,0x03,0x29,0x64,0x49,0xE3,0x40,0x65,0x69,0x65,0x71,0xC2,0x18,0x82,0x08,
    0x03,0x49,0x45,0x79,0x65,0x81,0x44,0x89,0x66,0x91,0x2C,0x93,0x92,0x8C,0x30,0x84,0x18,0xC6,0x6D,0x6B,0x34,0xA5,0x75,0xAD,0x45,0x29,0xA6,0x31,0x92,0x94,0xF7,0xBD,
    0xDB,0xDE,0x14,0xA5,0x71,0x8C,0xB6,0xAD,0x49,0x62,0xEB,0x92,0x8A,0x9A,0x24,0x81,0x65,0x89,0x65,0x89,0x65,0x89,0x65,0x89,0x65,0x89,0x45,0x81,0x45,0x79,0x45,0x79,
    0x45,0x79,0x24,0x69,0x04,0x51,0x24,0x59,0x65,0x81,0x65,0x81,0x65,0x81,0x65,0x81,0x65,0x91,0x44,0x61,0x84,0x51,0x64,0x73,0xA5,0xD6,0xC5,0x7B,0x45,0xAD,0x05,0x9D,
    0x25,0xC6,0x86,0xB5,0x26,0xAD,0x66,0x4A,0x65,0x39,0x45,0x81,0x65,0x81,0x45,0x79,0xE3,0x40,0x04,0x59,0x45,0x71,0x65,0x81,0x65,0x81,0x65,0x81,0x65,0x81,0x65,0x81,
    0x45,0x81,0x65,0x71,0x65,0x81,0x65,0x81,0x65,0x81,0x65,0x81,0x65,0x81,0x65,0x81,0x65,0x81,0x45,0x79,0x44,0x69,0x45,0x69,0xE3,0x40,0x24,0x31,0x4D,0x63,0xB6,0xAD,
    0x10,0x7C,0xE3,0x18,0xAB,0x62,0xB2,0x94,0x4D,0x6B,0xD7,0xBD,0x5D,0xEF,0xDB,0xDE,0xFB,0xDE,0xFB,0xDE,0xFB,0xDE,0xFB,0xDE,0xC6,0x41,0x01,0x31,0xA4,0x41,0xCC,0x83,
    0xD6,0xBD,0xD6,0xBD,0xD6,0xBD,0x54,0xB5,0x95,0xB5,0xDB,0xDE,0xFB,0xDE,0xFB,0xDE,0xFB,0xDE,0xFB,0xDE,0xFB,0xDE,0xFB,0xDE,0xFB,0xDE,0xFB,0xDE,0xFB,0xDE,0xFB,0xDE,
    0xFB,0xDE,0xFB,0xDE,0xFB,0xDE,0xFB,0xDE,0xFB,0xDE,0xFB,0xDE,0xDB,0xDE,0x1C,0xE7,0xEB,0x62,0xE3,0x50,0x66,0x89,0x65,0x89,0x65,0x81,0x65,0x81,0x65,0x81,0x65,0x81,
    0x65,0x81,0x65,0x81,0x65,0x81,0x65,0x81,0x65,0x81,0x65,0x81,0x65,0x81,0x65,0x81,0x65,0x81,0x65,0x81,0x65,0x81,0x65,0x81,0x25,0x79,0x63,0x5A,0x85,0x8C,0x25,0xA5,
    0x04,0x84,0x24,0x84,0xA5,0x94,0x08,0x9D,0x25,0xAD,0x27,0x63,0xC6,0x39,0x85,0x31,0xC3,0x10,0xA2,0x10,0x82,0x08,0xA2,0x08,0xA2,0x10,0xA2,0x18,0x03,0x31,0x24,0x51,
    0xA3,0x20,0xC3,0x28,0xE3,0x38,0x04,0x49,0x44,0x71,0x24,0x81,0x0C,0x9B,0x49,0x52,0x86,0x29,0x92,0x9C,0x51,0x8C,0x0C,0x63,0x14,0xA5,0x08,0x42,0xF3,0x9C,0x55,0xAD,
    0x79,0xCE,0x55,0xAD,0xB2,0x94,0x2C,0x6B,0x24,0x61,0xC6,0x71,0x45,0x71,0x45,0x71,0x24,0x69,0xE3,0x40,0xC3,0x28,0x24,0x69,0xE3,0x38,0x44,0x51,0x65,0x81,0x24,0x61,
    0x24,0x51,0x65,0x81,0x45,0x79,0x24,0x69,0x65,0x81,0x65,0x81,0x65,0x81,0x65,0x81,0x65,0x81,0x44,0x71,0xC5,0x51,0x66,0x9C,0x65,0xCE,0xA4,0x73,0xE5,0xBD,0xA6,0xB5,
    0x05,0xBE,0x45,0xAD,0x84,0xB5,0x27,0x84,0x08,0x52,0x25,0x79,0x65,0x81,0x65,0x81,0x45,0x81,0x65,0x81,0x65,0x89,0x65,0x81,0x65,0x81,0x65,0x81,0x45,0x79,0x65,0x89,
    0x65,0x81,0x65,0x71,0x65,0x81,0x65,0x81,0x65,0x81,0x65,0x81,0x65,0x81,0x65,0x81,0x65,0x79,0xE3,0x40,0xE3,0x38,0xE3,0x38,0x24,0x49,0x65,0x71,0x28,0x7A,0x65,0x59,
    0xC3,0x48,0x04,0x49,0xA2,0x10,0x08,0x42,0x8E,0x73,0x6D,0x6B,0x38,0xC6,0x1C,0xE7,0xDB,0xDE,0xFB,0xDE,0xFB,0xDE,0xFB,0xDE,0xC6,0x41,0x22,0x39,0xA4,0x49,0x8B,0x7B,
    0xD6,0xBD,0xD6,0xBD,0xD6,0xBD,0x54,0xB5,0x95,0xB5,0xDB,0xDE,0xFB,0xDE,0xFB,0xDE,0xFB,0xDE,0xFB,0xDE,0xFB,0xDE,0xFB,0xDE,0xFB,0xDE,0xFB,0xDE,0xFB,0xDE,0xFB,0xDE,
    0xFB,0xDE,0xFB,0xDE,0xFB,0xDE,0xFB,0xDE,0xFB,0xDE,0xDB,0xDE,0x1C,0xE7,0xF8,0xCD,0x03,0x51,0x44,0x51,0x45,0x79,0x24,0x69,0x65,0x89,0x65,0x81,0x65,0x81,0x65,0x81,
    0x65,0x81,0x65,0x81,0x65,0x81,0x65,0x81,0x65,0x81,0x65,0x81,0x65,0x81,0x65,0x81,0x65,0x81,0x45,0x81,0x65,0x81,0x65,0x81,0x25,0x81,0x04,0x52,0xC5,0xB5,0x85,0xB5,
    0xA5,0x94,0xC5,0x94,0x05,0x9D,0xC4,0x73,0x85,0xB5,0x04,0x9D,0x43,0x21,0xE3,0x20,0xA2,0x18,0xE3,0x30,0xA2,0x10,0xA2,0x10,0xA2,0x10,0xA2,0x10,0xA2,0x10,0xC3,0x28,
    0xE3,0x38,0xA2,0x18,0x04,0x51,0xC3,0x28,0xE3,0x18,0x44,0x69,0x24,0x69,0xE8,0x91,0xC3,0x50,0x28,0x5A,0x92,0x94,0x8A,0x52,0xEF,0x7B,0x08,0x42,0x75,0xAD,0x18,0xC6,
    0xAE,0x73,0x69,0x4A,0x28,0x42,0xE3,0x38,0xE3,0x40,0xA2,0x10,0xA2,0x10,0xA2,0x18,0xA2,0x10,0xE3,0x18,0xA2,0x10,0x82,0x10,0xA2,0x10,0xA2,0x18,0xA2,0x18,0xA2,0x10,
    0xA2,0x18,0xC3,0x18,0x24,0x59,0x45,0x79,0x65,0x81,0x65,0x81,0x65,0x81,0x65,0x81,0x65,0x89,0x65,0x71,0xE5,0x18,0xE5,0x9C,0x25,0xC6,0x45,0xAD,0x25,0xC6,0xE5,0xBD,
    0x05,0xC6,0x48,0xA5,0x86,0xAD,0x65,0x8C,0xCA,0x6A,0xE4,0x60,0x65,0x81,0x65,0x81,0x65,0x81,0x65,0x81,0x65,0x81,0x65,0x81,0x65,0x81,0x65,0x81,0x24,0x69,0xC3,0x28,
    0x24,0x61,0x65,0x89,0x65,0x89,0x65,0x81,0x65,0x81,0x45,0x79,0x45,0x79,0x65,0x89,0x65,0x81,0x65,0x81,0x45,0x79,0x04,0x59,0x24,0x61,0x65,0x91,0x24,0x81,0x65,0x89,
    0x24,0x59,0xC3,0x20,0xAA,0x52,0x9A,0xD6,0xBE,0xF7,0xF7,0xBD,0x30,0x84,0x38,0xC6,0x1C,0xE7,0xDB,0xDE,0xFB,0xDE,0xFB,0xDE,0xE6,0x41,0x63,0x41,0xC4,0x49,0x29,0x73,
    0xB6,0xBD,0xB6,0xBD,0xB6,0xBD,0x54,0xB5,0x94,0xB5,0xDB,0xDE,0xFB,0xDE,0xFB,0xDE,0xFB,0xDE,0xFB,0xDE,0xFB,0xDE,0xFB,0xDE,0xFB,0xDE,0xFB,0xDE,0xFB,0xDE,0xFB,0xDE,
    0xFB,0xDE,0xFB,0xDE,0xFB,0xDE,0xFB,0xDE,0xFB,0xDE,0xDB,0xDE,0x1C,0xE7,0x2D,0x63,0xA2,0x18,0x65,0x79,0x24,0x69,0x24,0x59,0x65,0x89,0x65,0x81,0x65,0x81,0x65,0x89,
    0x65,0x81,0x65,0x81,0x65,0x81,0x65,0x81,0x65,0x81,0x65,0x81,0x65,0x81,0x65,0x81,0x65,0x81,0x45,0x79,0x45,0x79,0x65,0x81,0x45,0x81,0x84,0x69,0xC5,0xB5,0x65,0xB5,
    0xC6,0xB5,0xC5,0x94,0x25,0x8C,0x63,0x6B,0x65,0xCE,0x85,0x84,0x82,0x08,0x82,0x10,0xA2,0x10,0xE3,0x30,0xC3,0x28,0xA2,0x18,0xA2,0x10,0xC3,0x18,0x82,0x10,0xC3,0x18,
    0xA2,0x08,0x82,0x10,0xA2,0x10,0xA2,0x18,0xA2,0x10,0xC3,0x20,0xA2,0x18,0xC2,0x28,0x24,0x59,0xC3,0x38,0x82,0x08,0xAE,0x73,0xA6,0x31,0x71,0x8C,0x9A,0xD6,0x4D,0x6B,
    0x65,0x29,0x45,0x29,0x61,0x10,0xA2,0x10,0xC3,0x10,0x04,0x21,0xA2,0x10,0xA2,0x10,0xA2,0x10,0x04,0x21,0xC3,0x18,0x82,0x10,0xA2,0x18,0xC3,0x18,0xA2,0x10,0xA2,0x10,
    0xA2,0x10,0xA2,0x18,0x44,0x69,0x65,0x91,0x65,0x81,0x65,0x81,0x65,0x81,0x65,0x81,0x65,0x89,0x04,0x69,0x84,0x31,0xA6,0xB5,0xE5,0xBD,0x67,0xAD,0xA5,0xB5,0x45,0xCE,
    0x84,0xAD,0xA9,0x52,0x48,0x63,0xE5,0x94,0x47,0x5A,0x04,0x61,0x65,0x81,0x65,0x81,0x65,0x81,0x65,0x81,0x65,0x81,0x65,0x81,0x65,0x81,0x65,0x81,0x65,0x89,0x04,0x51,
    0x24,0x69,0x24,0x69,0x04,0x49,0x45,0x79,0x65,0x81,0x04,0x51,0x04,0x49,0x24,0x69,0x65,0x81,0x65,0x81,0x65,0x89,0x45,0x79,0x45,0x79,0x65,0x81,0x65,0x81,0x44,0x71,
    0x07,0x42,0x6E,0x6B,0x18,0xC6,0xFB,0xDE,0xBA,0xD6,0x3C,0xE7,0x59,0xCE,0x38,0xC6,0x1C,0xE7,0xFB,0xDE,0xFB,0xDE,0xFB,0xDE,0xE6,0x41,0x63,0x39,0xC4,0x49,0x29,0x73,
    0xB6,0xBD,0xB6,0xBD,0xB6,0xBD,0x54,0xB5,0x94,0xB5,0xDB,0xDE,0xFB,0xDE,0xFB,0xDE,0xFB,0xDE,0xFB,0xDE,0xFB,0xDE,0xFB,0xDE,0xFB,0xDE,0xFB,0xDE,0xFB,0xDE,0xFB,0xDE,
    0xFB,0xDE,0xFB,0xDE,0xFB,0xDE,0xFB,0xDE,0xDB,0xDE,0x1C,0xE7,0x59,0xC6,0x49,0x42,0x04,0x51,0x45,0x71,0xC3,0x30,0x45,0x81,0x65,0x81,0x65,0x89,0x45,0x71,0x04,0x49,
    0x65,0x81,0x65,0x81,0x65,0x81,0x65,0x81,0x65,0x81,0x65,0x81,0x65,0x81,0x65,0x81,0x65,0x81,0x65,0x81,0x65,0x81,0x65,0x81,0x65,0x89,0x24,0x51,0x26,0xA5,0xA5,0x8C,
    0xE5,0x9C,0xE5,0x9C,0x66,0x8C,0xE9,0x7B,0x26,0x9D,0x23,0x63,0x22,0x08,0xC2,0x18,0xA2,0x10,0xA2,0x18,0xA2,0x18,0xC2,0x18,0xA2,0x10,0xA2,0x10,0xA2,0x18,0xE3,0x40,
    0xC3,0x20,0xC3,0x20,0xC3,0x28,0xA2,0x20,0xA2,0x10,0xA2,0x10,0xA2,0x10,0x82,0x08,0x82,0x08,0xC3,0x18,0xE3,0x18,0xE3,0x18,0xE3,0x18,0x86,0x31,0xA6,0x31,0x82,0x10,
    0xC3,0x18,0xE3,0x18,0xC3,0x18,0x82,0x10,0xA2,0x10,0xA2,0x10,0x04,0x21,0xE3,0x28,0xC3,0x28,0xA2,0x10,0xA2,0x18,0xC3,0x10,0xA2,0x10,0xC3,0x10,0xA2,0x10,0x82,0x08,
    0xA2,0x10,0xA2,0x10,0xA2,0x20,0xE3,0x38,0x24,0x69,0x45,0x79,0x65,0x81,0x65,0x81,0x65,0x89,0xE5,0x58,0x84,0x52,0xA5,0xD6,0xC5,0xBD,0x05,0x63,0x45,0xA5,0x05,0xBE,
    0x85,0xAD,0x03,0x29,0xA5,0x39,0x64,0xAD,0x24,0x5A,0xE4,0x50,0x65,0x81,0x65,0x81,0x65,0x81,0x65,0x81,0x65,0x81,0x65,0x81,0x65,0x81,0x65,0x81,0x65,0x81,0x65,0x89,
    0x65,0x89,0x45,0x79,0xC3,0x30,0x04,0x59,0xE3,0x38,0xC3,0x28,0xE3,0x40,0xE3,0x40,0x65,0x89,0x65,0x81,0x65,0x81,0x65,0x81,0x65,0x81,0x65,0x81,0x65,0x89,0x24,0x69,
    0xA6,0x49,0xD3,0x9C,0xFB,0xDE,0xFB,0xDE,0xFB,0xDE,0xDB,0xDE,0xFB,0xDE,0x1C,0xDF,0x59,0xD6,0x9A,0xDE,0xFB,0xDE,0xFB,0xDE,0x06,0x4A,0x63,0x39,0xC4,0x49,0x4A,0x73,
    0xB6,0xBD,0xB6,0xBD,0xB6,0xBD,0x54,0xB5,0x74,0xB5,0xDB,0xDE,0xFB,0xDE,0xFB,0xDE,0xFB,0xDE,0xFB,0xDE,0xFB,0xDE,0xFB,0xDE,0xFB,0xDE,0xFB,0xDE,0xDB,0xDE,0xDB,0xDE,
    0xDB,0xDE,0xDB,0xDE,0xDB,0xDE,0xDB,0xDE,0x7D,0xEF,0xF7,0xBD,0xAA,0x52,0xC7,0x69,0x65,0x89,0x45,0x79,0xE3,0x38,0x65,0x79,0x65,0x81,0x65,0x81,0x45,0x79,0x24,0x59,
    0x65,0x81,0x65,0x81,0x65,0x81,0x65,0x81,0x65,0x81,0x65,0x81,0x65,0x81,0x65,0x81,0x65,0x81,0x65,0x81,0x65,0x81,0x65,0x81,0x65,0x89,0x05,0x59,0x45,0x94,0xA7,0xB5,
    0x46,0xAD,0xA4,0x94,0xE7,0x9C,0xEE,0x83,0x65,0x8C,0xE4,0x7B,0x22,0x00,0xC2,0x18,0xA2,0x10,0xE3,0x38,0xE3,0x38,0x24,0x49,0xC2,0x18,0xA2,0x18,0xC3,0x30,0x24,0x59,
    0x04,0x51,0x44,0x51,0x24,0x61,0xE3,0x30,0x82,0x08,0xA2,0x10,0xA2,0x08,0xE3,0x18,0xA2,0x18,0xA2,0x10,0xA2,0x10,0xE3,0x18,0xE3,0x18,0xA2,0x10,0x82,0x10,0x65,0x29,
    0x65,0x29,0x24,0x21,0x24,0x21,0x24,0x21,0x03,0x31,0xC3,0x28,0x24,0x59,0x65,0x89,0x45,0x71,0x24,0x51,0x65,0x79,0x86,0x69,0x04,0x59,0x24,0x41,0xC3,0x28,0xE3,0x38,
    0xA2,0x10,0xA2,0x10,0xC3,0x10,0x82,0x08,0xA2,0x10,0xA2,0x18,0xC3,0x28,0x45,0x79,0x65,0x79,0x83,0x18,0x84,0x73,0x85,0xD6,0xE5,0xBD,0x84,0x8C,0x05,0xC6,0x25,0xC6,
    0x45,0x74,0x86,0x49,0xA6,0x41,0x86,0x6B,0x84,0x73,0xE4,0x68,0x65,0x89,0x65,0x81,0x65,0x81,0x65,0x81,0x65,0x81,0x65,0x81,0x65,0x81,0x65,0x81,0x65,0x81,0x65,0x81,
    0x45,0x81,0x65,0x89,0x04,0x41,0xC3,0x20,0xC3,0x30,0xE3,0x40,0x45,0x79,0x65,0x81,0x65,0x81,0x65,0x81,0x65,0x81,0x65,0x81,0x65,0x81,0x65,0x89,0x45,0x81,0x04,0x49,
    0xA6,0x39,0x14,0xA5,0x3C,0xE7,0xDB,0xDE,0xFB,0xDE,0xFB,0xDE,0xDB,0xDE,0xFB,0xDE,0xDB,0xDE,0xDB,0xDE,0xDB,0xDE,0x3D,0xE7,0x2B,0x6B,0x42,0x39,0xC4,0x49,0x4A,0x7B,
    0xD6,0xBD,0xD6,0xBD,0xD6,0xBD,0x54,0xB5,0xD6,0xBD,0xFB,0xDE,0xDB,0xDE,0xFB,0xDE,0xFB,0xDE,0xFB,0xDE,0xFB,0xDE,0xFB,0xDE,0xFB,0xDE,0xFB,0xDE,0xFB,0xDE,0x1C,0xE7,
    0x1C,0xE7,0x1C,0xE7,0x5D,0xEF,0x1C,0xDF,0xB2,0x94,0x66,0x39,0x66,0x61,0x24,0x61,0x65,0x89,0x45,0x79,0x04,0x49,0x65,0x81,0x65,0x81,0x65,0x81,0x65,0x81,0x65,0x81,
    0x65,0x81,0x65,0x81,0x65,0x81,0x65,0x81,0x65,0x81,0x65,0x81,0x65,0x81,0x65,0x81,0x65,0x81,0x65,0x81,0x65,0x81,0x65,0x81,0x65,0x89,0x25,0x71,0xC6,0xA4,0x45,0xC6,
    0x26,0xA5,0xE6,0x83,0x06,0xA5,0x49,0x5A,0xE6,0x7B,0x0A,0x95,0xE5,0x18,0xA2,0x10,0xA2,0x10,0x24,0x69,0x65,0x91,0x65,0x89,0x45,0x79,0x24,0x61,0xC3,0x28,0xA2,0x20,
    0x04,0x49,0x24,0x69,0x45,0x71,0x45,0x71,0x45,0x71,0x45,0x61,0x04,0x49,0xC3,0x18,0xA2,0x10,0x65,0x29,0x24,0x21,0xC3,0x18,0xC3,0x18,0x82,0x10,0xE3,0x18,0x45,0x29,
    0x24,0x21,0x03,0x51,0x65,0x79,0xA6,0x79,0x85,0x81,0x45,0x79,0x65,0x81,0x45,0x79,0x24,0x61,0x65,0x81,0x65,0x81,0x45,0x81,0x65,0x81,0x24,0x69,0x65,0x81,0x65,0x89,
    0x44,0x69,0xE3,0x20,0x24,0x21,0xC3,0x18,0xA2,0x10,0xC3,0x18,0xE3,0x18,0xE3,0x38,0x04,0x41,0xE4,0x20,0x64,0x6B,0x85,0xD6,0xE5,0xBD,0x88,0xB5,0x25,0xC6,0x65,0xCE,
    0x85,0x6B,0xE5,0x60,0xE4,0x49,0xC6,0x73,0x04,0x84,0xC4,0x68,0x85,0x89,0x65,0x81,0x65,0x81,0x65,0x81,0x65,0x81,0x65,0x81,0x65,0x81,0x65,0x81,0x65,0x81,0x65,0x81,
    0x65,0x81,0x65,0x89,0x04,0x49,0xA2,0x20,0xE3,0x40,0x24,0x61,0x65,0x89,0x65,0x81,0x65,0x81,0x65,0x81,0x65,0x81,0x65,0x81,0x45,0x81,0x45,0x71,0x04,0x51,0x04,0x19,
    0x75,0xAD,0x3C,0xE7,0xDB,0xDE,0xDB,0xDE,0xFB,0xDE,0xFB,0xDE,0xFB,0xDE,0xFB,0xDE,0xFB,0xDE,0xFB,0xDE,0xDB,0xDE,0x5D,0xEF,0x2C,0x6B,0xE1,0x28,0x63,0x41,0x2A,0x73,
    0xD6,0xBD,0xD6,0xBD,0xB6,0xBD,0x53,0xB5,0xF6,0xC5,0xFC,0xDE,0xDB,0xDE,0xFB,0xDE,0xFB,0xDE,0xFB,0xDE,0xFB,0xDE,0xDB,0xDE,0xFB,0xDE,0x1C,0xE7,0xBA,0xD6,0x79,0xCE,
    0x59,0xCE,0x79,0xCE,0x51,0x8C,0xA9,0x62,0x44,0x29,0x64,0x59,0x44,0x61,0x45,0x69,0x65,0x91,0x04,0x51,0x04,0x51,0x65,0x89,0x65,0x81,0x65,0x81,0x65,0x81,0x65,0x81,
    0x65,0x81,0x65,0x81,0x65,0x81,0x65,0x81,0x65,0x81,0x65,0x81,0x65,0x81,0x65,0x81,0x65,0x81,0x65,0x81,0x65,0x81,0x65,0x81,0x65,0x81,0x05,0x79,0x27,0x73,0xE4,0xBD,
    0x50,0xAD,0x49,0xA5,0xA5,0x7B,0x88,0x9C,0x66,0x84,0x28,0x74,0x24,0x29,0xA2,0x10,0xA2,0x08,0xE3,0x38,0x65,0x89,0x65,0x81,0x65,0x81,0x65,0x89,0x65,0x81,0x04,0x59,
    0xC3,0x20,0xA2,0x18,0xE3,0x38,0x04,0x51,0x24,0x69,0x24,0x61,0x24,0x61,0x24,0x71,0xA2,0x18,0xA2,0x10,0xA2,0x10,0xC3,0x18,0x04,0x21,0xA2,0x10,0x82,0x10,0x65,0x29,
    0x24,0x29,0xE3,0x40,0x04,0x51,0x45,0x89,0x45,0x81,0x65,0x81,0x45,0x79,0x65,0x71,0x65,0x81,0x65,0x81,0x65,0x81,0x45,0x79,0x45,0x79,0x45,0x79,0x65,0x81,0x65,0x81,
    0x86,0x99,0x24,0x59,0xC3,0x10,0xA2,0x10,0x82,0x10,0x04,0x21,0x03,0x39,0x24,0x69,0xE3,0x28,0xC3,0x18,0x44,0x6B,0xC5,0xDE,0xC6,0x9C,0x25,0x63,0xC5,0xDE,0xC6,0xBD,
    0x88,0x52,0x44,0x49,0xA8,0x83,0xC5,0x9C,0x04,0x84,0xC4,0x68,0x85,0x89,0x65,0x81,0x65,0x81,0x65,0x81,0x65,0x81,0x65,0x81,0x65,0x81,0x65,0x81,0x65,0x81,0x65,0x81,
    0x65,0x81,0x65,0x89,0xC3,0x30,0x24,0x69,0x45,0x79,0x45,0x79,0x65,0x81,0x65,0x81,0x65,0x81,0x65,0x81,0x65,0x81,0x65,0x81,0x65,0x81,0x24,0x69,0xA2,0x18,0xE3,0x10,
    0x50,0x8C,0xBA,0xD6,0x3C,0xE7,0x3C,0xE7,0x59,0xDE,0xF8,0xDD,0x1C,0xDF,0xDB,0xDE,0xFB,0xDE,0xFB,0xDE,0xDB,0xDE,0x5D,0xEF,0x2B,0x6B,0xC1,0x28,0x43,0x39,0xE9,0x6A,
    0xD6,0xBD,0xD6,0xBD,0xB6,0xBD,0x33,0xAD,0xF6,0xC5,0xFC,0xDE,0xDB,0xDE,0xFB,0xDE,0xFB,0xDE,0xDB,0xDE,0x1C,0xE7,0xF3,0x9C,0xAA,0x52,0x8A,0x52,0xC7,0x39,0xA6,0x31,
    0x45,0x29,0xE3,0x18,0x40,0x08,0x43,0x31,0x24,0x51,0x65,0x71,0x04,0x51,0x65,0x89,0x24,0x69,0x24,0x61,0x45,0x71,0x45,0x71,0x45,0x79,0x65,0x81,0x65,0x81,0x65,0x81,
    0x65,0x81,0x65,0x81,0x65,0x81,0x65,0x81,0x65,0x81,0x65,0x81,0x65,0x81,0x65,0x81,0x65,0x81,0x65,0x81,0x65,0x81,0x65,0x81,0x65,0x81,0x25,0x81,0xE5,0x59,0x26,0x9D,
    0x4C,0xA5,0xE8,0x9C,0x46,0x6B,0xE5,0x9C,0x85,0x6B,0xEC,0x9C,0x46,0x52,0x82,0x10,0xA2,0x10,0xA2,0x18,0x24,0x69,0x65,0x89,0x65,0x81,0x65,0x81,0x65,0x81,0x65,0x89,
    0x04,0x51,0x45,0x79,0x65,0x81,0x24,0x59,0xC3,0x30,0xC3,0x20,0xC3,0x28,0x04,0x31,0x45,0x29,0xA2,0x10,0xA2,0x10,0xA2,0x10,0xA2,0x10,0xA2,0x10,0xA2,0x10,0x04,0x21,
    0x04,0x19,0xE3,0x30,0x04,0x49,0x04,0x59,0x65,0x89,0x65,0x81,0x45,0x81,0x24,0x59,0x65,0x81,0x65,0x81,0x65,0x81,0x45,0x81,0x65,0x81,0x65,0x81,0x65,0x81,0x45,0x69,
    0x24,0x61,0xC3,0x28,0x82,0x10,0x82,0x10,0x04,0x19,0xC3,0x18,0x65,0x69,0x65,0x89,0x24,0x41,0x08,0x3A,0x24,0x8C,0xC5,0xDE,0xA7,0x7B,0x24,0x63,0xA5,0xBD,0x27,0xA5,
    0x69,0x62,0x64,0x59,0x85,0x94,0xC5,0xA4,0x04,0x7C,0xC4,0x60,0x85,0x89,0x65,0x81,0x65,0x81,0x45,0x79,0x65,0x81,0x65,0x81,0x65,0x81,0x65,0x81,0x65,0x81,0x65,0x81,
    0x65,0x81,0x65,0x89,0xE3,0x38,0x45,0x79,0x65,0x89,0x65,0x81,0x65,0x81,0x65,0x81,0x65,0x81,0x65,0x81,0x65,0x81,0x65,0x81,0x65,0x81,0x65,0x81,0x45,0x71,0xC3,0x38,
    0x61,0x08,0x86,0x29,0xD3,0x94,0x59,0xCE,0xFB,0xDE,0xBB,0xDE,0xFB,0xDE,0xFB,0xDE,0xFB,0xDE,0xFB,0xDE,0xDB,0xDE,0x5D,0xEF,0x2B,0x6B,0x01,0x31,0xC4,0x49,0x87,0x62,
    0xD6,0xBD,0xD6,0xBD,0xB5,0xBD,0x13,0xAD,0xD6,0xBD,0x1C,0xDF,0xDB,0xDE,0xFB,0xDE,0xFB,0xDE,0xFB,0xDE,0xFB,0xDE,0xFB,0xDE,0xF3,0x9C,0xCF,0x7B,0x8E,0x73,0xE7,0x39,
    0xE3,0x18,0x8A,0x52,0xCE,0x7B,0xA6,0x31,0x82,0x10,0x45,0x69,0x65,0x81,0x65,0x79,0x65,0x81,0x24,0x61,0x45,0x81,0x45,0x79,0x45,0x79,0x65,0x81,0x65,0x81,0x65,0x81,
    0x65,0x81,0x65,0x81,0x65,0x81,0x65,0x81,0x65,0x81,0x65,0x81,0x65,0x81,0x65,0x81,0x65,0x81,0x65,0x81,0x65,0x81,0x65,0x81,0x65,0x81,0x45,0x81,0x65,0x71,0x25,0x9D,
    0xC4,0x73,0xA6,0x94,0x25,0x84,0xE6,0xA4,0x87,0x52,0xA8,0x62,0x4C,0x6B,0x82,0x10,0xA2,0x18,0x82,0x08,0x04,0x49,0x65,0x89,0x65,0x81,0x65,0x81,0x65,0x81,0x45,0x71,
    0x65,0x81,0x45,0x79,0x04,0x51,0x04,0x59,0x24,0x61,0xC3,0x28,0xE3,0x20,0xC3,0x10,0xE3,0x18,0xC3,0x18,0xA2,0x10,0x04,0x21,0xA2,0x10,0x04,0x21,0xC3,0x18,0xE3,0x18,
    0xE3,0x18,0xA2,0x10,0xC3,0x20,0x24,0x41,0x04,0x51,0x65,0x89,0x65,0x81,0x65,0x81,0x45,0x79,0x65,0x81,0x65,0x81,0x45,0x79,0x65,0x81,0x45,0x71,0x04,0x51,0xE3,0x38,
    0xE3,0x48,0xA2,0x10,0xA2,0x10,0xA2,0x18,0x24,0x21,0x24,0x59,0x65,0x89,0x45,0x81,0x65,0x51,0x4B,0x6B,0xA5,0xBD,0xA5,0xD6,0xA5,0x7B,0x65,0x73,0xA6,0x9C,0x67,0x6B,
    0x89,0x7A,0x84,0x59,0x27,0xA5,0x27,0xAD,0x04,0x94,0xE5,0x70,0x85,0x89,0x65,0x81,0x65,0x89,0x04,0x51,0x45,0x71,0x65,0x89,0x65,0x81,0x45,0x79,0x45,0x71,0x65,0x89,
    0x45,0x81,0x45,0x79,0xE3,0x40,0x45,0x71,0x65,0x81,0x65,0x81,0x65,0x81,0x65,0x81,0x65,0x81,0x65,0x81,0x65,0x81,0x65,0x81,0x65,0x81,0x65,0x81,0x65,0x89,0x65,0x81,
    0xC3,0x20,0x82,0x20,0x4D,0x73,0x79,0xCE,0xFB,0xDE,0x1C,0xDF,0xFB,0xDE,0xFB,0xDE,0xFB,0xDE,0xFB,0xDE,0xDB,0xDE,0x5D,0xEF,0x2B,0x6B,0x22,0x31,0x05,0x52,0xA8,0x62,
    0xD6,0xBD,0xD6,0xBD,0xB5,0xBD,0x13,0xAD,0xD6,0xBD,0x1C,0xDF,0xDB,0xDE,0xFB,0xDE,0xFB,0xDE,0xFB,0xDE,0xFB,0xDE,0xFB,0xDE,0x3C,0xE7,0x5D,0xEF,0x3C,0xE7,0x79,0xCE,
    0x18,0xC6,0xEF,0x83,0x6D,0x6B,0xC6,0x41,0xC2,0x18,0x04,0x51,0x65,0x89,0x45,0x71,0x45,0x79,0x45,0x79,0x45,0x81,0x24,0x59,0x65,0x81,0x65,0x81,0x65,0x81,0x65,0x81,
    0x65,0x81,0x65,0x81,0x65,0x81,0x65,0x81,0x65,0x81,0x65,0x81,0x65,0x81,0x65,0x79,0x45,0x79,0x65,0x81,0x65,0x81,0x65,0x81,0x65,0x81,0x65,0x89,0x25,0x69,0xE6,0x9C,
    0xA5,0x7B,0x05,0x84,0x07,0x63,0xC9,0xC5,0x65,0x73,0x6A,0x6B,0x88,0x5A,0x03,0x29,0x82,0x10,0xA2,0x08,0xE3,0x38,0x65,0x89,0x45,0x81,0x65,0x89,0x45,0x71,0x45,0x71,
    0x24,0x61,0xE3,0x38,0x24,0x59,0x24,0x49,0xA2,0x10,0xA2,0x10,0xC3,0x18,0xA2,0x10,0xA2,0x10,0x61,0x08,0x45,0x29,0xC3,0x18,0xA2,0x10,0x61,0x08,0xE7,0x39,0x07,0x3A,
    0xA2,0x10,0xA2,0x10,0x82,0x10,0x24,0x21,0x04,0x19,0xE3,0x48,0x65,0x89,0x65,0x81,0x45,0x71,0x04,0x51,0x65,0x89,0x65,0x81,0x65,0x89,0x65,0x81,0x45,0x79,0x65,0x91,
    0x04,0x51,0xA2,0x08,0xA2,0x18,0xA2,0x08,0xE3,0x40,0x65,0x89,0x65,0x81,0x45,0x81,0x26,0x72,0xE5,0x62,0x85,0xB5,0x25,0xC6,0x48,0x6B,0x86,0x94,0x49,0x8C,0x86,0x29,
    0x8A,0x7A,0x42,0x41,0x86,0xAD,0xAA,0xB5,0xC6,0xB4,0x25,0x81,0x65,0x81,0x65,0x81,0x65,0x89,0x24,0x61,0x04,0x49,0x65,0x89,0x65,0x81,0x65,0x81,0x45,0x71,0x65,0x81,
    0x65,0x81,0x45,0x79,0x04,0x49,0x65,0x81,0x65,0x81,0x65,0x81,0x65,0x81,0x65,0x81,0x65,0x81,0x65,0x81,0x65,0x81,0x65,0x81,0x65,0x81,0x65,0x81,0x65,0x81,0x45,0x71,
    0xA2,0x20,0xE3,0x28,0x6D,0x73,0x3C,0xE7,0xDB,0xDE,0x59,0xCE,0xDB,0xDE,0xFB,0xDE,0xFB,0xDE,0xFB,0xDE,0xDB,0xDE,0x5D,0xEF,0x0B,0x6B,0x42,0x39,0x25,0x5A,0xC8,0x6A,
    0xD6,0xBD,0xD6,0xBD,0xB5,0xBD,0x13,0xAD,0xD6,0xBD,0x1C,0xDF,0xDB,0xDE,0xFB,0xDE,0xFB,0xDE,0xFB,0xDE,0xDB,0xDE,0xDB,0xDE,0xDB,0xDE,0xDB,0xDE,0xDB,0xDE,0x1C,0xE7,
    0xDB,0xDE,0x8E,0x73,0x55,0xA5,0x2C,0x83,0xE4,0x40,0x24,0x61,0x85,0x71,0x65,0x81,0x65,0x81,0x65,0x81,0x45,0x81,0x24,0x61,0x65,0x81,0x65,0x81,0x65,0x81,0x65,0x81,
    0x65,0x81,0x65,0x81,0x65,0x81,0x65,0x81,0x65,0x81,0x45,0x81,0x45,0x81,0x65,0x61,0x45,0x69,0x65,0x89,0x65,0x81,0x65,0x81,0x65,0x81,0x65,0x89,0xE5,0x68,0xE4,0x5A,
    0xA6,0x73,0x07,0x63,0x47,0x4A,0xEA,0x7B,0x67,0x8C,0x65,0x63,0x27,0x5A,0xC6,0x71,0x82,0x10,0xA2,0x10,0xA2,0x10,0x24,0x69,0x65,0x89,0x65,0x81,0x24,0x61,0xE3,0x40,
    0x04,0x51,0x45,0x71,0xC3,0x28,0xA2,0x10,0xA2,0x10,0xA2,0x10,0x61,0x08,0x61,0x08,0xA2,0x10,0x45,0x29,0xCB,0x5A,0x45,0x29,0xC3,0x18,0x41,0x08,0x08,0x42,0xD5,0xB5,
    0xE6,0x39,0x82,0x10,0xC3,0x18,0xC3,0x18,0x65,0x29,0x45,0x21,0x04,0x51,0x65,0x89,0x65,0x81,0x24,0x59,0x24,0x61,0x65,0x81,0x04,0x51,0x24,0x61,0x65,0x89,0x04,0x59,
    0xC3,0x20,0xC3,0x10,0x82,0x10,0xA2,0x20,0x45,0x79,0x45,0x79,0x45,0x79,0x45,0x81,0x86,0x41,0xE8,0x83,0xA5,0xD6,0x65,0xB5,0x23,0x52,0x66,0x9C,0x84,0x39,0x45,0x21,
    0x8A,0x7A,0x62,0x49,0x87,0xB5,0xA9,0xB5,0x4A,0x8C,0x25,0x71,0x65,0x89,0x65,0x81,0x65,0x81,0x65,0x89,0xE3,0x40,0x45,0x71,0x65,0x89,0x65,0x81,0x45,0x79,0x65,0x81,
    0x65,0x81,0x65,0x81,0x24,0x69,0x24,0x69,0x45,0x79,0x45,0x71,0x65,0x89,0x65,0x81,0x65,0x81,0x65,0x81,0x65,0x81,0x65,0x81,0x65,0x81,0x65,0x81,0x65,0x89,0x65,0x81,
    0xE3,0x28,0x20,0x00,0xEF,0x7B,0x3C,0xE7,0x1C,0xE7,0xF3,0x9C,0x9A,0xD6,0xFB,0xDE,0xFB,0xDE,0xFB,0xDE,0xDB,0xDE,0x5D,0xEF,0x30,0x8C,0x62,0x39,0x46,0x62,0xE8,0x6A,
    0xF6,0xBD,0xF7,0xC5,0xD6,0xBD,0x33,0xAD,0xF6,0xC5,0xFC,0xDE,0xDB,0xDE,0xFB,0xDE,0xFB,0xDE,0xDB,0xDE,0x1C,0xE7,0x5D,0xEF,0x3C,0xE7,0x1C,0xE7,0x1C,0xE7,0x1C,0xE7,
    0x1C,0xE7,0x5D,0xE7,0x69,0x52,0xC2,0x40,0x25,0x59,0x65,0x89,0x45,0x81,0x65,0x81,0x65,0x81,0x65,0x81,0x65,0x81,0x65,0x89,0x65,0x81,0x65,0x81,0x65,0x81,0x65,0x81,
    0x45,0x71,0x65,0x81,0x65,0x81,0x65,0x81,0x65,0x81,0x45,0x79,0x45,0x79,0x24,0x61,0x45,0x81,0x65,0x81,0x65,0x81,0x65,0x81,0x65,0x81,0x65,0x81,0x05,0x79,0xA5,0x72,
    0xC5,0x73,0x65,0x5A,0x2A,0x6B,0x28,0x6B,0x64,0x94,0x48,0x84,0x6A,0x52,0x47,0x9A,0xE3,0x28,0x82,0x08,0xE3,0x30,0x04,0x61,0x65,0x89,0x04,0x49,0xE3,0x30,0x45,0x79,
    0x45,0x69,0xA2,0x20,0x82,0x08,0xA2,0x18,0xA2,0x10,0x61,0x08,0xC7,0x39,0x48,0x4A,0x0F,0x8C,0x5D,0xEF,0xCF,0x7B,0x65,0x29,0xC3,0x18,0x61,0x08,0xA6,0x31,0xDB,0xDE,
    0xFB,0xDE,0x30,0x84,0xC3,0x18,0xA2,0x10,0xE3,0x18,0x45,0x21,0xE3,0x20,0x04,0x61,0x65,0x81,0x65,0x89,0x45,0x79,0x65,0x89,0x45,0x69,0x24,0x61,0x45,0x79,0xA2,0x18,
    0xA2,0x08,0xA2,0x10,0xA2,0x10,0x64,0x59,0x65,0x89,0x65,0x81,0x65,0x81,0x25,0x81,0x84,0x41,0xA5,0x73,0x44,0xAD,0x27,0x8C,0xA6,0x62,0x48,0x73,0xE9,0x39,0x25,0x6A,
    0x86,0x82,0x05,0x42,0x07,0xA5,0x4B,0xAD,0x85,0x73,0xE5,0x68,0x65,0x89,0x65,0x81,0x65,0x81,0x65,0x89,0x24,0x69,0x24,0x69,0x65,0x89,0x65,0x81,0x65,0x81,0x65,0x81,
    0x65,0x81,0x45,0x81,0x04,0x49,0x04,0x59,0x65,0x81,0x24,0x61,0x04,0x49,0x45,0x79,0x65,0x81,0x65,0x81,0x65,0x81,0x65,0x81,0x65,0x81,0x65,0x81,0x24,0x61,0x24,0x51,
    0xA2,0x28,0xC3,0x18,0x55,0xAD,0x9E,0xF7,0x96,0xB5,0x51,0x8C,0x3C,0xE7,0xDB,0xDE,0xFB,0xDE,0xFB,0xDE,0xDB,0xDE,0x5D,0xEF,0xD2,0x9C,0x22,0x31,0x05,0x52,0xA8,0x6A,
    0xF7,0xBD,0xF7,0xC5,0xD6,0xBD,0x53,0xAD,0xD6,0xC5,0xFC,0xDE,0xDB,0xDE,0xDB,0xDE,0x1C,0xE7,0x18,0xC6,0x6D,0x6B,0x14,0xA5,0x96,0xB5,0xF7,0xC5,0xB6,0xB5,0x10,0x7C,
    0x75,0xAD,0x51,0x84,0xE3,0x30,0xE4,0x30,0x24,0x61,0x65,0x89,0x65,0x81,0x65,0x81,0x45,0x79,0x65,0x81,0x65,0x81,0x65,0x81,0x65,0x81,0x65,0x81,0x65,0x81,0x65,0x81,
    0x65,0x81,0x65,0x81,0x65,0x81,0x65,0x81,0x65,0x81,0x65,0x81,0x65,0x81,0x45,0x71,0x65,0x81,0x65,0x81,0x65,0x81,0x65,0x81,0x65,0x81,0x65,0x81,0x45,0x89,0x05,0x72,
    0x24,0x63,0x68,0x5A,0x51,0x94,0xA6,0x73,0x25,0xC6,0xA9,0x9C,0x06,0x4A,0x04,0x82,0x04,0x51,0xA2,0x08,0xA2,0x18,0x24,0x31,0x04,0x39,0x24,0x61,0x65,0x81,0x04,0x49,
    0x82,0x08,0xE3,0x18,0xC3,0x18,0x61,0x08,0xA2,0x18,0x0B,0x63,0xBA,0xDE,0xD6,0xC5,0x3C,0xE7,0xFB,0xDE,0xE8,0x41,0x85,0x29,0x85,0x29,0xA2,0x10,0x61,0x08,0xF3,0xA4,
    0x3D,0xE7,0x5D,0xEF,0xF3,0x9C,0x24,0x21,0x61,0x08,0xA2,0x18,0x04,0x21,0xA2,0x08,0x24,0x69,0x45,0x79,0x04,0x59,0xE3,0x40,0x04,0x51,0x24,0x61,0xA2,0x10,0xA2,0x10,
    0xA2,0x18,0x82,0x08,0x03,0x41,0x65,0x89,0x65,0x81,0x04,0x51,0x45,0x71,0x25,0x81,0x03,0x52,0x25,0xA5,0x48,0xAD,0x45,0x31,0xA6,0x62,0xC7,0x62,0x07,0x42,0xC4,0x81,
    0x4A,0x8B,0x88,0x6B,0x85,0x94,0x0A,0x9D,0xC3,0x6A,0xE5,0x78,0x65,0x81,0x65,0x81,0x65,0x81,0x65,0x81,0x65,0x89,0x45,0x71,0x65,0x81,0x65,0x81,0x65,0x81,0x65,0x81,
    0x65,0x89,0x45,0x69,0x44,0x61,0x45,0x81,0x65,0x89,0x45,0x81,0x24,0x59,0x45,0x79,0x65,0x81,0x65,0x81,0x65,0x81,0x65,0x81,0x65,0x81,0x65,0x89,0xC3,0x20,0xA2,0x18,
    0x09,0x8A,0xEC,0x62,0x75,0xA5,0x92,0x94,0x2C,0x63,0x75,0xAD,0xDB,0xDE,0xFB,0xDE,0xFB,0xDE,0xFB,0xDE,0xDB,0xDE,0x5D,0xEF,0xB2,0x94,0xE1,0x28,0xA4,0x41,0x26,0x52,
    0xF7,0xBD,0xF7,0xC5,0xD6,0xBD,0x33,0xAD,0x17,0xC6,0xFC,0xDE,0xDB,0xDE,0xFB,0xDE,0xDB,0xDE,0xFB,0xDE,0x71,0x8C,0xE7,0x39,0x08,0x42,0x69,0x4A,0x04,0x31,0xA1,0x18,
    0xE3,0x18,0xA2,0x10,0x82,0x08,0xE3,0x20,0x65,0x79,0x65,0x81,0x45,0x71,0x45,0x79,0x45,0x71,0x65,0x81,0x65,0x81,0x65,0x81,0x65,0x81,0x65,0x81,0x65,0x81,0x65,0x81,
    0x65,0x81,0x65,0x81,0x65,0x81,0x65,0x81,0x65,0x81,0x65,0x81,0x65,0x81,0x65,0x81,0x65,0x81,0x65,0x81,0x65,0x81,0x65,0x81,0x65,0x81,0x65,0x81,0x45,0x81,0x86,0x71,
    0x86,0x83,0x07,0x4A,0xAA,0x5A,0xC3,0x30,0xA6,0xBD,0xA5,0x94,0xC6,0x41,0x06,0x62,0x85,0x91,0xC3,0x28,0x82,0x08,0x24,0x39,0x85,0x69,0x24,0x69,0xA2,0x18,0xA2,0x10,
    0x24,0x21,0x24,0x21,0x61,0x08,0xA6,0x31,0x14,0xA5,0xD6,0xDE,0xD7,0xDE,0xDB,0xDE,0x3C,0xE7,0x13,0xA5,0x81,0x10,0xA6,0x31,0xEE,0x7B,0x66,0x29,0x61,0x08,0xEF,0x7B,
    0x5D,0xEF,0xBA,0xD6,0xDB,0xDE,0x38,0xC6,0x09,0x42,0x41,0x08,0xC3,0x18,0xC3,0x18,0xC3,0x20,0x24,0x61,0x04,0x51,0x24,0x61,0x45,0x71,0x04,0x59,0xE3,0x28,0xA2,0x18,
    0xA2,0x10,0xA2,0x18,0x45,0x79,0x65,0x81,0x65,0x89,0xE3,0x40,0x24,0x51,0x45,0x89,0xA4,0x6A,0xE5,0x94,0x67,0x6B,0x05,0x49,0xEA,0x72,0x89,0x7B,0xC5,0x51,0x04,0x9A,
    0x87,0x8B,0x28,0x94,0x05,0x7C,0x28,0x84,0xC5,0x8A,0x05,0x79,0x65,0x81,0x65,0x81,0x65,0x81,0x65,0x81,0x65,0x81,0x65,0x81,0x45,0x79,0x65,0x81,0x65,0x81,0x65,0x81,
    0x65,0x89,0x24,0x69,0x24,0x69,0x65,0x89,0x65,0x81,0x65,0x81,0x65,0x89,0x65,0x81,0x65,0x81,0x65,0x81,0x65,0x81,0x65,0x81,0x65,0x81,0x65,0x81,0x45,0x71,0x82,0x20,
    0x28,0x52,0x08,0x42,0x86,0x39,0xA2,0x10,0xEF,0x7B,0x59,0xCE,0xFB,0xDE,0xFB,0xDE,0xFB,0xDE,0xFB,0xDE,0xDB,0xDE,0x5D,0xEF,0xB2,0x9C,0xC1,0x20,0xA4,0x49,0xE5,0x49,
    0xD6,0xBD,0xF7,0xBD,0xB6,0xBD,0x33,0xAD,0x59,0xCE,0xFC,0xDE,0xDB,0xDE,0xFB,0xDE,0xFB,0xDE,0xFB,0xDE,0x3C,0xE7,0xFB,0xDE,0xDB,0xDE,0x1C,0xDF,0xB4,0xD4,0x07,0x72,
    0xE3,0x18,0x03,0x31,0xA2,0x18,0x44,0x59,0x65,0x89,0x45,0x71,0x45,0x71,0x65,0x81,0x65,0x81,0x65,0x81,0x65,0x81,0x65,0x81,0x65,0x81,0x65,0x81,0x65,0x81,0x65,0x81,
    0x65,0x81,0x65,0x81,0x65,0x81,0x65,0x81,0x65,0x81,0x65,0x81,0x65,0x81,0x65,0x81,0x65,0x81,0x65,0x81,0x65,0x81,0x65,0x81,0x65,0x81,0x65,0x81,0x65,0x81,0x46,0x81,
    0x29,0xA4,0x04,0x42,0x63,0x39,0x85,0x71,0x63,0x73,0x68,0xA5,0xEB,0x7A,0xC7,0x71,0x09,0x9A,0xC3,0x38,0x82,0x08,0xC3,0x20,0x04,0x41,0x82,0x08,0xE3,0x18,0x24,0x29,
    0xC3,0x18,0xA2,0x10,0xEB,0x5A,0x59,0xCE,0xBA,0xD6,0xBA,0xD6,0xFB,0xDE,0xDB,0xDE,0x7D,0xEF,0x8D,0x73,0x41,0x08,0x66,0x29,0x51,0x8C,0x07,0x42,0x61,0x08,0x08,0x42,
    0xDB,0xDE,0xFB,0xDE,0xFB,0xDE,0x1B,0xE7,0x10,0xA5,0xC7,0x39,0x20,0x00,0xE3,0x18,0x04,0x19,0xE3,0x30,0x86,0x91,0x65,0x89,0x65,0x81,0xC3,0x18,0xA2,0x18,0xA2,0x10,
    0xA2,0x18,0x45,0x69,0x65,0x89,0x65,0x81,0x65,0x89,0x24,0x69,0x45,0x79,0x45,0x69,0x84,0x94,0xA9,0xB5,0xE9,0x6A,0x04,0x79,0xCA,0x72,0x08,0x8B,0x04,0x69,0x25,0x9A,
    0xC4,0xAC,0x67,0xB5,0xCB,0x83,0x64,0x8C,0x66,0x92,0x25,0x81,0x65,0x81,0x45,0x81,0x65,0x81,0x65,0x81,0x65,0x81,0x65,0x81,0x45,0x79,0x45,0x81,0x65,0x81,0x65,0x81,
    0x65,0x89,0x24,0x59,0xE3,0x40,0x65,0x89,0x65,0x81,0x65,0x81,0x65,0x81,0x45,0x71,0x65,0x81,0x65,0x81,0x65,0x81,0x65,0x81,0x65,0x81,0x65,0x81,0x65,0x89,0x04,0x39,
    0x41,0x00,0xA2,0x20,0x66,0x49,0x82,0x10,0x51,0x8C,0x5D,0xEF,0xDB,0xDE,0xFB,0xDE,0xFB,0xDE,0xFB,0xDE,0xDB,0xDE,0x5D,0xEF,0xD2,0x9C,0xC1,0x28,0x84,0x49,0x05,0x52,
    0xD6,0xBD,0xD6,0xBD,0xB6,0xBD,0x54,0xAD,0x58,0xCE,0xFC,0xDE,0xDB,0xDE,0xFB,0xDE,0xFB,0xDE,0xFB,0xDE,0xDB,0xDE,0xDB,0xDE,0xFB,0xDE,0x79,0xCE,0xD3,0x9C,0x86,0x31,
    0x82,0x08,0x44,0x41,0x45,0x79,0x04,0x59,0x45,0x79,0x65,0x81,0x65,0x81,0x65,0x81,0x65,0x81,0x65,0x81,0x65,0x81,0x65,0x81,0x45,0x71,0x65,0x81,0x65,0x81,0x65,0x81,
    0x65,0x81,0x65,0x81,0x65,0x81,0x65,0x81,0x65,0x81,0x65,0x81,0x65,0x81,0x65,0x81,0x65,0x81,0x65,0x81,0x65,0x81,0x65,0x81,0x65,0x81,0x65,0x81,0x65,0x81,0x04,0x79,
    0x4B,0xA3,0x06,0x4A,0x84,0x49,0x45,0x71,0xA4,0x51,0x65,0xC6,0x43,0x5A,0xE4,0x60,0xA5,0x79,0x24,0x69,0x82,0x08,0xA2,0x10,0x04,0x19,0x04,0x21,0x45,0x29,0xC3,0x18,
    0x64,0x29,0x0B,0x63,0x37,0xC6,0x37,0xC6,0xFB,0xDE,0xFB,0xDE,0xDB,0xDE,0xFB,0xDE,0xBA,0xD6,0xA6,0x31,0xC3,0x18,0xEF,0x7B,0x16,0xC6,0xF3,0xA4,0x82,0x10,0x61,0x10,
    0xB2,0x9C,0x3D,0xE7,0xDB,0xDE,0xDA,0xDE,0xD8,0xDE,0xBB,0xD6,0x0C,0x63,0x61,0x08,0xC3,0x18,0xA2,0x10,0x04,0x49,0x65,0x81,0xE3,0x30,0xA2,0x10,0xA2,0x10,0x82,0x08,
    0x04,0x41,0x65,0x89,0x65,0x81,0x45,0x81,0x65,0x89,0x24,0x61,0x25,0x81,0xC4,0x59,0x06,0x8D,0xC6,0x73,0x87,0x61,0x44,0x81,0x88,0x6A,0x06,0x52,0x25,0x79,0xE5,0x91,
    0xC5,0xA4,0x45,0xAC,0xE5,0x59,0x86,0x9C,0xC5,0x71,0x45,0x81,0x45,0x79,0x45,0x79,0x65,0x81,0x65,0x81,0x65,0x81,0x65,0x81,0x65,0x81,0x45,0x79,0x65,0x81,0x65,0x81,
    0x45,0x79,0xC3,0x30,0xE3,0x38,0x45,0x81,0x65,0x81,0x65,0x81,0x65,0x81,0x65,0x89,0x45,0x71,0x45,0x71,0x65,0x89,0x65,0x81,0x65,0x81,0x65,0x81,0x65,0x81,0x45,0x79,
    0xE3,0x38,0x65,0x69,0x04,0x39,0x8E,0x73,0xDB,0xDE,0xDB,0xDE,0xFB,0xDE,0xFB,0xDE,0xFB,0xDE,0xFB,0xDE,0xDB,0xDE,0x5D,0xEF,0xB2,0x9C,0xC1,0x28,0x84,0x41,0xE5,0x51,
    0xD6,0xBD,0xD6,0xBD,0xB6,0xBD,0x54,0xAD,0x58,0xCE,0xFC,0xDE,0xDB,0xDE,0xFB,0xDE,0xFB,0xDE,0xFB,0xDE,0xDB,0xDE,0xDB,0xDE,0x5D,0xEF,0x6D,0x6B,0x00,0x00,0xA2,0x10,
    0x04,0x41,0x45,0x79,0x65,0x81,0x65,0x81,0x65,0x81,0x65,0x81,0x65,0x81,0x65,0x81,0x65,0x81,0x65,0x81,0x65,0x81,0x65,0x81,0x65,0x81,0x65,0x81,0x65,0x81,0x65,0x81,
    0x65,0x81,0x45,0x79,0x45,0x79,0x65,0x81,0x65,0x81,0x65,0x81,0x65,0x81,0x65,0x81,0x65,0x81,0x65,0x81,0x65,0x81,0x65,0x81,0x65,0x81,0x65,0x81,0x65,0x81,0x45,0x81,
    0x06,0x92,0x67,0x92,0x24,0x61,0x65,0x71,0x45,0x69,0xC5,0x8C,0xE5,0xB3,0x05,0x79,0x65,0x81,0x65,0x89,0xE4,0x48,0xA2,0x10,0xC3,0x18,0x04,0x21,0xC3,0x18,0x07,0x42,
    0x74,0xAD,0xDB,0xDE,0xB9,0xD6,0x5C,0xE7,0xFC,0xDE,0xDB,0xDE,0xDB,0xDE,0x3C,0xE7,0x55,0xAD,0x41,0x08,0x65,0x29,0xF3,0x9C,0x5C,0xEF,0xDB,0xD6,0x86,0x31,0x20,0x00,
    0xCB,0x5A,0x5B,0xEF,0xB9,0xD6,0xFC,0xDE,0xDB,0xDE,0x3C,0xE7,0x39,0xC6,0x69,0x52,0x44,0x29,0x82,0x08,0xA2,0x10,0xA2,0x18,0x82,0x10,0x04,0x21,0xE3,0x18,0x82,0x08,
    0x24,0x59,0x65,0x89,0x65,0x81,0x45,0x79,0x65,0x81,0x45,0x71,0x04,0x59,0xC9,0x62,0x07,0x84,0xC7,0x39,0x86,0x79,0x84,0x79,0xAA,0x73,0xA6,0x51,0x45,0x81,0x65,0x81,
    0x05,0x94,0x68,0x8B,0x44,0x51,0x05,0xAC,0x65,0x92,0x25,0x81,0x65,0x81,0x24,0x59,0x65,0x81,0x65,0x81,0x65,0x81,0x65,0x81,0x45,0x81,0x65,0x81,0x45,0x79,0x65,0x89,
    0x45,0x71,0x04,0x41,0x45,0x71,0x45,0x79,0x65,0x81,0x65,0x81,0x65,0x81,0x65,0x81,0x65,0x81,0x45,0x79,0x45,0x79,0x65,0x81,0x65,0x81,0x65,0x81,0x65,0x81,0x65,0x89,
    0xC2,0x28,0x65,0x39,0xB3,0x9C,0x7D,0xEF,0x3C,0xE7,0xFB,0xDE,0xFB,0xDE,0xFB,0xDE,0xFB,0xDE,0xFB,0xDE,0xDB,0xDE,0x3C,0xE7,0xB6,0xBD,0x22,0x31,0x63,0x41,0xC5,0x49,
    0xD6,0xBD,0xD6,0xBD,0xB5,0xBD,0x54,0xAD,0x58,0xCE,0xFC,0xDE,0xDB,0xDE,0xFB,0xDE,0xFB,0xDE,0xDB,0xDE,0xFB,0xDE,0x1C,0xE7,0x10,0x84,0xC3,0x18,0x24,0x41,0x45,0x71,
    0x65,0x89,0x65,0x81,0x65,0x81,0x65,0x81,0x65,0x81,0x65,0x81,0x65,0x81,0x65,0x81,0x65,0x81,0x65,0x81,0x65,0x81,0x65,0x81,0x65,0x81,0x65,0x81,0x65,0x81,0x65,0x81,
    0x65,0x89,0xE3,0x40,0xE3,0x38,0x65,0x89,0x65,0x81,0x65,0x81,0x65,0x81,0x65,0x81,0x65,0x81,0x65,0x81,0x65,0x81,0x65,0x81,0x65,0x81,0x65,0x81,0x65,0x81,0x45,0x81,
    0x86,0x89,0x27,0x7A,0x65,0x79,0x85,0x89,0x05,0x71,0x45,0x6B,0xC4,0x83,0xE5,0x70,0x65,0x81,0x45,0x81,0x65,0x71,0xE3,0x20,0x82,0x10,0xE3,0x18,0xAE,0x73,0xB5,0xBD,
    0xD7,0xBD,0x75,0xAD,0x34,0xAD,0x13,0xAD,0x79,0xCE,0x1C,0xE7,0x3D,0xE7,0xDB,0xDE,0xE7,0x39,0x82,0x08,0x10,0x84,0x79,0xD6,0xDB,0xDE,0x3C,0xE7,0xEF,0x7B,0x20,0x00,
    0x09,0x42,0x55,0xCE,0xD7,0xDE,0x1C,0xE7,0x1C,0xE7,0x1C,0xE7,0x1C,0xE7,0x3C,0xE7,0x17,0xC6,0x45,0x29,0x82,0x10,0x82,0x10,0x04,0x21,0x45,0x29,0xC3,0x10,0x04,0x51,
    0x65,0x81,0x65,0x81,0x65,0x81,0x65,0x81,0x45,0x79,0x65,0x89,0xE3,0x48,0x8C,0x63,0xA9,0x62,0x69,0x82,0x04,0x79,0x06,0x7A,0x05,0x52,0x65,0x79,0x65,0x81,0x45,0x81,
    0x65,0xB4,0x27,0x73,0x25,0x61,0x87,0xA3,0x85,0x9A,0x25,0x81,0x65,0x81,0x04,0x59,0x45,0x81,0x65,0x81,0x65,0x81,0x45,0x71,0x65,0x81,0x65,0x81,0x65,0x81,0x65,0x89,
    0x04,0x51,0x04,0x51,0x65,0x91,0x65,0x81,0x65,0x81,0x65,0x81,0x65,0x81,0x65,0x81,0x65,0x81,0x65,0x81,0x45,0x79,0x65,0x81,0x65,0x81,0x65,0x81,0x65,0x81,0x65,0x81,
    0x24,0x61,0xC3,0x30,0x65,0x41,0xCF,0x7B,0xD7,0xBD,0x9A,0xD6,0xFB,0xDE,0xFB,0xDE,0xFB,0xDE,0xFB,0xDE,0xDB,0xDE,0x1C,0xE7,0x38,0xC6,0x43,0x31,0x63,0x41,0xE5,0x49,
    0xD6,0xBD,0xD6,0xBD,0xB5,0xBD,0x33,0xAD,0x58,0xCE,0xFC,0xDE,0xDB,0xDE,0xFB,0xDE,0xFB,0xDE,0xFB,0xDE,0xBA,0xD6,0xCF,0x7B,0x65,0x39,0x44,0x61,0x85,0x89,0x65,0x81,
    0x65,0x81,0x65,0x81,0x65,0x81,0x65,0x81,0x65,0x81,0x65,0x81,0x65,0x81,0x65,0x81,0x65,0x81,0x65,0x81,0x65,0x81,0x65,0x81,0x65,0x81,0x65,0x81,0x65,0x81,0x65,0x81,
    0x65,0x81,0x45,0x79,0x24,0x69,0x65,0x81,0x65,0x81,0x65,0x81,0x65,0x81,0x65,0x81,0x65,0x81,0x65,0x81,0x65,0x81,0x65,0x81,0x65,0x81,0x65,0x81,0x65,0x81,0x65,0x81,
    0x45,0x81,0x45,0x9A,0x85,0x81,0x45,0x81,0x45,0x81,0xC5,0x69,0x87,0x73,0x86,0x81,0x45,0x81,0x44,0x61,0x24,0x69,0xC3,0x20,0xE3,0x18,0xEC,0x62,0x79,0xCE,0x3A,0xE7,
    0xFC,0xDE,0xFB,0xDE,0x38,0xCE,0xF7,0xC5,0x34,0xAD,0x30,0x8C,0x33,0xAD,0x0F,0x84,0x20,0x00,0x08,0x42,0x10,0x84,0xFB,0xDE,0xDB,0xDE,0x3C,0xE7,0x96,0xB5,0x81,0x10,
    0x61,0x08,0xF0,0x7B,0xBF,0xF7,0x18,0xC6,0x18,0xC6,0xD2,0xA4,0x0F,0x84,0x34,0xAD,0x95,0xB5,0x10,0x84,0xE3,0x18,0xA2,0x10,0x82,0x10,0xE3,0x18,0x03,0x31,0x45,0x71,
    0x65,0x81,0x45,0x79,0x65,0x81,0x65,0x81,0x65,0x81,0x24,0x61,0x84,0x51,0x67,0x52,0xC3,0x28,0x45,0x89,0x45,0x79,0x86,0x39,0x44,0x59,0x65,0x89,0x65,0x81,0x65,0x81,
    0xE5,0xAB,0xE4,0x92,0xA5,0x81,0x4D,0xA3,0xE5,0x89,0x45,0x81,0x65,0x89,0x65,0x71,0x65,0x79,0x65,0x81,0x65,0x81,0x65,0x81,0x24,0x49,0x45,0x79,0x65,0x89,0x24,0x69,
    0x04,0x59,0x65,0x81,0x65,0x81,0x65,0x81,0x65,0x81,0x65,0x81,0x65,0x81,0x65,0x81,0x65,0x81,0x65,0x81,0x65,0x81,0x65,0x81,0x65,0x81,0x65,0x81,0x65,0x81,0x65,0x81,
    0x65,0x89,0x65,0x81,0x45,0x81,0xC3,0x50,0x04,0x21,0xD3,0x9C,0x3C,0xE7,0xBA,0xD6,0xDB,0xDE,0xDB,0xDE,0xFB,0xDE,0x3C,0xE7,0xF7,0xC5,0xC2,0x20,0x22,0x31,0x43,0x31,
    0xD6,0xBD,0xD6,0xBD,0xB5,0xBD,0x33,0xAD,0x58,0xCE,0xFC,0xDE,0xDB,0xDE,0xFB,0xDE,0xDB,0xDE,0xFB,0xDE,0x34,0xA5,0x07,0x42,0xE3,0x38,0x45,0x79,0x45,0x81,0x65,0x81,
    0x65,0x81,0x65,0x81,0x65,0x81,0x65,0x81,0x65,0x81,0x65,0x81,0x65,0x81,0x65,0x81,0x65,0x81,0x65,0x81,0x65,0x81,0x65,0x81,0x65,0x81,0x65,0x81,0x65,0x81,0x65,0x81,
    0x65,0x81,0x65,0x81,0x65,0x89,0x65,0x81,0x65,0x81,0x65,0x81,0x65,0x81,0x45,0x71,0x24,0x61,0x65,0x89,0x65,0x81,0x65,0x81,0x65,0x81,0x65,0x81,0x65,0x81,0x65,0x81,
    0x45,0x81,0x06,0x8A,0x85,0x81,0x45,0x81,0x65,0x81,0x84,0x81,0x8B,0x8B,0x08,0x92,0x25,0x81,0x65,0x69,0x65,0x59,0x41,0x08,0xE7,0x39,0xB6,0xB5,0x79,0xCE,0xFB,0xDE,
    0xDB,0xDE,0xDB,0xDE,0x1C,0xE7,0x1C,0xE7,0x3C,0xE7,0x17,0xC6,0x34,0xAD,0xA6,0x39,0x21,0x00,0x07,0x42,0xB6,0xB5,0x1C,0xE7,0xDB,0xDE,0xFB,0xDE,0x99,0xD6,0xA6,0x39,
    0x41,0x00,0xA6,0x31,0xCE,0x7B,0x4C,0x6B,0xB6,0xBD,0x38,0xCE,0x79,0xD6,0x99,0xD6,0xBA,0xD6,0xF7,0xBD,0xC6,0x39,0x45,0x29,0x69,0x4A,0x04,0x39,0x65,0x81,0x44,0x61,
    0x44,0x69,0x24,0x51,0x45,0x79,0x65,0x81,0x65,0x89,0x24,0x61,0x03,0x29,0xA2,0x28,0x44,0x61,0x45,0x79,0x45,0x79,0x04,0x59,0x24,0x69,0x65,0x89,0x45,0x81,0x86,0x81,
    0xA6,0x92,0xE5,0x89,0x85,0x89,0xA6,0x79,0x45,0x81,0x65,0x81,0x65,0x81,0x65,0x81,0x65,0x81,0x65,0x81,0x65,0x81,0x65,0x81,0x45,0x69,0x24,0x59,0x65,0x81,0x04,0x51,
    0x45,0x79,0x65,0x81,0x65,0x81,0x65,0x81,0x65,0x81,0x65,0x81,0x65,0x81,0x65,0x81,0x65,0x81,0x65,0x81,0x65,0x81,0x65,0x81,0x65,0x81,0x65,0x79,0x45,0x71,0x65,0x89,
    0x65,0x81,0x65,0x81,0x65,0x89,0x45,0x79,0xE3,0x18,0x8E,0x6B,0x1C,0xE7,0x5D,0xEF,0x5D,0xEF,0x9E,0xF7,0x9A,0xD6,0x9A,0xD6,0x59,0xCE,0xE2,0x20,0xC1,0x20,0xE1,0x28,
    0xD6,0xBD,0xD6,0xBD,0xB5,0xBD,0x33,0xAD,0x58,0xCE,0xFC,0xDE,0xDB,0xDE,0xFB,0xDE,0xDB,0xDE,0x3C,0xE7,0x71,0x8C,0x03,0x51,0x65,0x81,0x45,0x61,0x65,0x81,0x65,0x81,
    0x65,0x81,0x65,0x81,0x65,0x81,0x65,0x81,0x65,0x81,0x65,0x81,0x65,0x81,0x65,0x81,0x65,0x81,0x65,0x81,0x65,0x81,0x65,0x81,0x65,0x81,0x65,0x81,0x65,0x81,0x65,0x81,
    0x65,0x81,0x65,0x81,0x65,0x81,0x65,0x81,0x65,0x81,0x65,0x81,0x65,0x81,0x45,0x81,0x45,0x79,0x65,0x81,0x65,0x81,0x65,0x81,0x65,0x81,0x65,0x89,0x65,0x89,0x24,0x69,
    0x45,0x81,0xA7,0x81,0xC8,0x89,0x45,0x81,0x65,0x81,0x65,0x89,0x84,0x69,0x44,0x59,0x45,0x79,0x44,0x69,0x23,0x31,0xE3,0x18,0x8F,0x73,0x92,0xAD,0xF8,0xDE,0xFC,0xDE,
    0xFB,0xDE,0xFB,0xDE,0xDB,0xDE,0xDB,0xDE,0xDB,0xDE,0x3D,0xE7,0x18,0xC6,0xC3,0x18,0x45,0x29,0xEF,0x83,0x79,0xCE,0xFB,0xDE,0xDB,0xDE,0xFB,0xDE,0xBA,0xD6,0x69,0x4A,
    0x82,0x10,0x41,0x08,0x4C,0x6B,0x5C,0xE7,0x1C,0xE7,0x1C,0xE7,0xFB,0xDE,0xFB,0xDE,0x1C,0xE7,0x9A,0xD6,0x68,0x52,0x2C,0x6B,0x5D,0xE7,0x8A,0x72,0x04,0x81,0x85,0x79,
    0x65,0x81,0x24,0x59,0x04,0x49,0x65,0x81,0x65,0x89,0x65,0x89,0x24,0x69,0x24,0x69,0x24,0x59,0x45,0x79,0x65,0x89,0x45,0x71,0x65,0x81,0x65,0x81,0x45,0x81,0x25,0x92,
    0x05,0x6A,0x25,0x79,0x45,0x81,0x44,0x51,0x65,0x81,0x65,0x81,0x65,0x81,0x65,0x81,0x65,0x81,0x65,0x81,0x65,0x81,0x65,0x81,0x65,0x81,0x65,0x79,0x65,0x81,0x24,0x61,
    0x45,0x79,0x65,0x79,0x65,0x81,0x65,0x81,0x65,0x81,0x65,0x81,0x65,0x81,0x65,0x81,0x65,0x81,0x65,0x81,0x65,0x81,0x65,0x81,0x65,0x81,0x65,0x81,0x04,0x49,0x04,0x51,
    0x65,0x81,0x65,0x81,0x65,0x81,0x45,0x79,0xE3,0x48,0xE3,0x38,0xC7,0x39,0xEB,0x5A,0xAE,0x73,0x0C,0x63,0xAE,0x73,0xBA,0xD6,0xDB,0xDE,0x74,0xAD,0xF2,0xA4,0xF3,0xA4,
    0xD6,0xBD,0xD6,0xBD,0xB5,0xBD,0x54,0xB5,0x9A,0xD6,0xFB,0xDE,0xFB,0xDE,0xDB,0xDE,0x1C,0xE7,0x38,0xC6,0xA7,0x39,0x86,0x81,0x65,0x81,0x65,0x81,0x65,0x81,0x65,0x81,
    0x65,0x81,0x65,0x81,0x65,0x81,0x65,0x81,0x65,0x81,0x65,0x81,0x65,0x81,0x65,0x81,0x65,0x81,0x65,0x81,0x65,0x81,0x65,0x81,0x65,0x81,0x45,0x71,0x65,0x81,0x65,0x81,
    0x65,0x81,0x65,0x81,0x65,0x81,0x65,0x81,0x65,0x81,0x65,0x81,0x65,0x81,0x65,0x81,0x65,0x81,0x65,0x81,0x65,0x81,0x65,0x81,0x65,0x89,0x24,0x61,0x24,0x59,0x65,0x89,
    0x65,0x81,0x45,0x79,0xA7,0x89,0x65,0x81,0x65,0x81,0x65,0x81,0x65,0x79,0xE3,0x20,0x45,0x79,0x45,0x71,0xC3,0x20,0xF0,0x7B,0xBA,0xD6,0xBA,0xD6,0xFB,0xDE,0xFB,0xDE,
    0xFB,0xDE,0xFB,0xDE,0xFB,0xDE,0xFB,0xDE,0xDB,0xDE,0x7D,0xEF,0xAE,0x73,0x00,0x00,0x2C,0x63,0x79,0xD6,0x18,0xC6,0x1C,0xE7,0xDB,0xDE,0xFB,0xDE,0xDB,0xDE,0x17,0xC6,
    0x65,0x29,0x41,0x08,0x8A,0x52,0xDB,0xDE,0xDB,0xDE,0xDB,0xDE,0xFB,0xDE,0xFB,0xDE,0xFB,0xDE,0xDB,0xDE,0x58,0xC6,0x58,0xCE,0x5D,0xEF,0x59,0xC6,0x85,0x69,0x65,0x81,
    0x65,0x79,0x45,0x79,0x04,0x49,0xC3,0x30,0x45,0x79,0x65,0x89,0x65,0x89,0x65,0x89,0x24,0x61,0x45,0x71,0x65,0x81,0x65,0x81,0x65,0x81,0x65,0x81,0x45,0x81,0xE5,0x81,
    0x24,0x59,0x65,0x81,0x65,0x81,0x04,0x51,0x45,0x81,0x65,0x81,0x65,0x81,0x65,0x81,0x65,0x81,0x65,0x81,0x65,0x81,0x65,0x81,0x65,0x81,0x65,0x81,0x65,0x81,0x24,0x61,
    0x45,0x79,0x65,0x81,0x65,0x81,0x65,0x81,0x65,0x81,0x65,0x81,0x65,0x81,0x65,0x81,0x65,0x81,0x65,0x81,0x65,0x81,0x65,0x81,0x65,0x81,0x65,0x81,0x45,0x81,0x04,0x51,
    0x04,0x51,0x45,0x79,0x65,0x89,0x45,0x71,0xE3,0x40,0x04,0x41,0xA2,0x10,0x20,0x00,0xA2,0x10,0x49,0x4A,0x75,0xAD,0x7D,0xEF,0xBA,0xD6,0x38,0xC6,0x38,0xCE,0x38,0xC6,
    0xD6,0xBD,0xD6,0xBD,0x95,0xB5,0x54,0xB5,0xBA,0xD6,0xFB,0xDE,0xFB,0xDE,0xDB,0xDE,0x5D,0xEF,0xF3,0x94,0x04,0x51,0x86,0x89,0x45,0x81,0x65,0x81,0x65,0x81,0x65,0x81,
    0x65,0x81,0x65,0x81,0x65,0x81,0x65,0x81,0x65,0x81,0x65,0x81,0x65,0x81,0x65,0x81,0x65,0x81,0x65,0x81,0x65,0x81,0x65,0x81,0x65,0x81,0x65,0x81,0x65,0x81,0x65,0x81,
    0x65,0x81,0x65,0x81,0x65,0x81,0x65,0x81,0x65,0x81,0x65,0x81,0x65,0x81,0x65,0x81,0x65,0x81,0x65,0x81,0x65,0x81,0x65,0x81,0x65,0x89,0x24,0x61,0x45,0x71,0x65,0x81,
    0x65,0x81,0x65,0x81,0x45,0x81,0x65,0x81,0x45,0x81,0x65,0x81,0x65,0x81,0x04,0x51,0x65,0x89,0xA2,0x20,0x86,0x29,0x58,0xCE,0x9A,0xD6,0xFB,0xDE,0xFB,0xDE,0xFB,0xDE,
    0xFB,0xDE,0xFB,0xDE,0xFB,0xDE,0xDB,0xDE,0xFB,0xDE,0x79,0xCE,0x86,0x31,0x61,0x08,0x14,0xA5,0x5D,0xE7,0xFB,0xDE,0xFB,0xDE,0xFB,0xDE,0xFB,0xDE,0xDB,0xDE,0x5D,0xEF,
    0x10,0x84,0x41,0x08,0x82,0x10,0xB6,0xB5,0x3C,0xE7,0xDB,0xDE,0xFB,0xDE,0xFB,0xDE,0xFB,0xDE,0xFB,0xDE,0x3C,0xE7,0xD6,0xBD,0x34,0xAD,0xD6,0xBD,0x89,0x5A,0xE3,0x60,
    0x86,0x89,0x65,0x81,0x65,0x89,0xE3,0x40,0x04,0x49,0x24,0x61,0x45,0x79,0x65,0x81,0x65,0x89,0x65,0x81,0x65,0x81,0x65,0x81,0x65,0x81,0x65,0x81,0x65,0x81,0x45,0x81,
    0x65,0x81,0x65,0x81,0x65,0x81,0x24,0x69,0x45,0x79,0x65,0x81,0x65,0x81,0x65,0x81,0x45,0x79,0x65,0x81,0x65,0x81,0x65,0x81,0x65,0x81,0x65,0x81,0x65,0x81,0x45,0x71,
    0x45,0x79,0x65,0x81,0x65,0x81,0x65,0x81,0x65,0x81,0x65,0x81,0x65,0x81,0x65,0x81,0x65,0x81,0x65,0x81,0x65,0x81,0x65,0x81,0x65,0x81,0x65,0x81,0x65,0x81,0x65,0x91,
    0x04,0x51,0xE3,0x40,0x65,0x89,0x65,0x81,0x65,0x81,0xE3,0x58,0xC7,0x41,0xD3,0x9C,0x14,0xA5,0xD3,0x9C,0x10,0x84,0xB2,0x94,0xFB,0xDE,0x38,0xC6,0xD6,0xBD,0xF7,0xBD,
    0xD6,0xBD,0xD6,0xBD,0x95,0xB5,0x54,0xB5,0xBA,0xD6,0xFB,0xDE,0xDB,0xDE,0xFB,0xDE,0xFB,0xDE,0x69,0x4A,0xC3,0x48,0x65,0x81,0x65,0x81,0x65,0x81,0x65,0x81,0x65,0x81,
    0x65,0x81,0x65,0x81,0x65,0x81,0x65,0x81,0x65,0x81,0x65,0x81,0x65,0x81,0x65,0x81,0x65,0x81,0x65,0x81,0x65,0x81,0x65,0x81,0x65,0x81,0x65,0x81,0x65,0x81,0x65,0x81,
    0x65,0x81,0x65,0x81,0x65,0x81,0x65,0x81,0x65,0x81,0x65,0x81,0x65,0x81,0x65,0x81,0x65,0x81,0x65,0x81,0x65,0x81,0x65,0x81,0x65,0x81,0x65,0x81,0x65,0x81,0x65,0x81,
    0x65,0x81,0x65,0x81,0x65,0x81,0x45,0x71,0x44,0x69,0x04,0x49,0x45,0x71,0x45,0x81,0x24,0x49,0x44,0x29,0x4C,0x6B,0x73,0xAD,0xB6,0xB5,0xDB,0xDE,0xFB,0xDE,0xFB,0xDE,
    0xFB,0xDE,0xFB,0xDE,0xFB,0xDE,0xDB,0xDE,0x3C,0xE7,0x0C,0x63,0x00,0x00,0x04,0x21,0x79,0xCE,0x1C,0xE7,0xDB,0xDE,0xFB,0xDE,0xFB,0xDE,0xFB,0xDE,0xDB,0xDE,0x3C,0xE7,
    0x34,0xA5,0xC3,0x18,0xA2,0x10,0x6D,0x6B,0xFB,0xDE,0xFB,0xDE,0xFB,0xDE,0xFB,0xDE,0xFB,0xDE,0xDB,0xDE,0xFB,0xDE,0x59,0xCE,0x33,0xAD,0xB6,0xBD,0x18,0xC6,0xE7,0x39,
    0xE3,0x60,0x86,0x89,0x65,0x81,0x65,0x89,0x65,0x89,0x45,0x71,0xE3,0x40,0x45,0x79,0x65,0x89,0x65,0x81,0x65,0x81,0x65,0x81,0x65,0x81,0x65,0x81,0x65,0x81,0x65,0x81,
    0x65,0x81,0x65,0x81,0x65,0x81,0x45,0x79,0x65,0x81,0x65,0x81,0x65,0x81,0x65,0x81,0x24,0x69,0x45,0x79,0x65,0x81,0x65,0x81,0x65,0x81,0x65,0x81,0x65,0x81,0x65,0x81,
    0x65,0x81,0x65,0x81,0x65,0x81,0x65,0x81,0x65,0x81,0x65,0x81,0x65,0x81,0x65,0x81,0x65,0x81,0x65,0x81,0x65,0x81,0x65,0x81,0x65,0x81,0x65,0x81,0x45,0x81,0x65,0x89,
    0x04,0x59,0x04,0x51,0x65,0x81,0x65,0x81,0x45,0x79,0xA2,0x28,0x45,0x21,0x38,0xCE,0x7D,0xEF,0xFB,0xDE,0x18,0xC6,0xB2,0x94,0xEF,0x7B,0x17,0xC6,0xF7,0xC5,0xD6,0xBD,
    0xD6,0xBD,0xF6,0xBD,0x95,0xB5,0x54,0xB5,0xBA,0xD6,0xFB,0xDE,0xDB,0xDE,0xFB,0xDE,0xDB,0xDE,0x45,0x21,0xC3,0x40,0x45,0x69,0x45,0x81,0x65,0x81,0x65,0x81,0x65,0x81,
    0x65,0x81,0x65,0x81,0x65,0x81,0x65,0x81,0x65,0x81,0x65,0x81,0x65,0x81,0x65,0x81,0x45,0x79,0x65,0x81,0x65,0x81,0x45,0x71,0x65,0x81,0x65,0x81,0x65,0x81,0x65,0x81,
    0x65,0x81,0x65,0x81,0x65,0x81,0x65,0x81,0x65,0x81,0x65,0x81,0x65,0x81,0x65,0x81,0x65,0x81,0x65,0x81,0x65,0x81,0x65,0x81,0x65,0x81,0x65,0x81,0x65,0x81,0x65,0x81,
    0x65,0x81,0x65,0x81,0x65,0x89,0x24,0x61,0x44,0x61,0xC3,0x28,0x45,0x79,0xE3,0x40,0xE3,0x10,0xCB,0x5A,0xB6,0xBD,0x36,0xCE,0x1A,0xE7,0xFB,0xDE,0xFB,0xDE,0xFB,0xDE,
    0xFB,0xDE,0xFB,0xDE,0xFB,0xDE,0xFB,0xDE,0xFB,0xDE,0xA6,0x31,0x41,0x08,0xAA,0x52,0x1C,0xE7,0xDB,0xDE,0xFB,0xDE,0xFB,0xDE,0xFB,0xDE,0xFB,0xDE,0xDB,0xDE,0x1C,0xE7,
    0x59,0xCE,0xE3,0x18,0x82,0x10,0xA2,0x10,0x55,0xAD,0x3C,0xE7,0xDB,0xDE,0xFB,0xDE,0xFB,0xDE,0xFB,0xDE,0xFB,0xDE,0xFB,0xDE,0x79,0xCE,0x59,0xCE,0x38,0xC6,0x17,0xC6,
    0x65,0x39,0x04,0x69,0x65,0x89,0x45,0x81,0x65,0x81,0x65,0x89,0x45,0x79,0x65,0x81,0x45,0x71,0x45,0x79,0x65,0x81,0x65,0x81,0x65,0x81,0x65,0x81,0x65,0x81,0x65,0x81,
    0x65,0x81,0x65,0x81,0x65,0x81,0x65,0x81,0x65,0x81,0x65,0x81,0x65,0x81,0x65,0x81,0x65,0x81,0x04,0x41,0x24,0x69,0x65,0x89,0x65,0x81,0x65,0x81,0x65,0x81,0x65,0x81,
    0x65,0x81,0x65,0x81,0x65,0x81,0x65,0x81,0x65,0x81,0x65,0x81,0x65,0x81,0x65,0x81,0x65,0x81,0x65,0x81,0x65,0x81,0x65,0x81,0x65,0x81,0x65,0x81,0x85,0x79,0x65,0x81,
    0x65,0x81,0xC3,0x30,0x24,0x61,0x24,0x61,0x65,0x89,0x45,0x79,0xC3,0x38,0xEB,0x5A,0x5D,0xEF,0xFB,0xDE,0x1C,0xE7,0x5D,0xEF,0x38,0xC6,0xD7,0xBD,0xF7,0xC5,0xD6,0xBD,
    0xD6,0xBD,0xF6,0xBD,0x95,0xB5,0x54,0xB5,0xBA,0xD6,0xFB,0xDE,0xDB,0xDE,0x3C,0xEF,0xD7,0xB5,0xE3,0x20,0x44,0x71,0x45,0x71,0x65,0x89,0x65,0x81,0x65,0x81,0x65,0x81,
    0x65,0x81,0x65,0x81,0x65,0x81,0x65,0x81,0x65,0x81,0x65,0x81,0x65,0x89,0x24,0x59,0x24,0x69,0x65,0x89,0x45,0x79,0x24,0x61,0x65,0x81,0x65,0x81,0x65,0x81,0x65,0x81,
    0x65,0x81,0x65,0x81,0x65,0x81,0x65,0x81,0x65,0x81,0x65,0x81,0x65,0x81,0x65,0x81,0x65,0x81,0x65,0x81,0x65,0x81,0x65,0x81,0x65,0x81,0x65,0x81,0x65,0x81,0x65,0x81,
    0x65,0x81,0x65,0x81,0x65,0x89,0x04,0x51,0xE3,0x40,0x04,0x59,0x85,0x89,0xE3,0x28,0x85,0x31,0xF7,0xC5,0x3C,0xE7,0xDB,0xDE,0xDB,0xDE,0xFB,0xDE,0xFB,0xDE,0xFB,0xDE,
    0xDB,0xDE,0xDB,0xDE,0xBA,0xD6,0x5D,0xEF,0x51,0x8C,0x82,0x10,0x61,0x08,0xB2,0x94,0x5D,0xEF,0xDB,0xDE,0xFB,0xDE,0xFB,0xDE,0xFB,0xDE,0xFB,0xDE,0xFB,0xDE,0xDB,0xDE,
    0x1C,0xE7,0x30,0x84,0x82,0x10,0x41,0x08,0xEF,0x7B,0x5D,0xEF,0xDB,0xDE,0xFB,0xDE,0xFB,0xDE,0xDB,0xDE,0xFB,0xDE,0xFB,0xDE,0x59,0xCE,0xBA,0xD6,0x18,0xC6,0x99,0xD6,
    0xB2,0x9C,0x85,0x41,0x45,0x89,0x65,0x81,0x45,0x81,0x65,0x81,0x65,0x81,0x65,0x89,0x24,0x61,0xE3,0x40,0x65,0x81,0x65,0x81,0x65,0x81,0x65,0x81,0x65,0x81,0x65,0x81,
    0x65,0x81,0x65,0x81,0x65,0x81,0x65,0x81,0x65,0x81,0x65,0x81,0x65,0x81,0x65,0x81,0x65,0x89,0x24,0x61,0xC3,0x28,0x24,0x69,0x65,0x89,0x65,0x81,0x65,0x81,0x65,0x81,
    0x65,0x81,0x65,0x81,0x65,0x81,0x65,0x81,0x65,0x81,0x65,0x81,0x65,0x81,0x65,0x81,0x65,0x81,0x65,0x81,0x65,0x81,0x65,0x81,0x65,0x81,0x65,0x81,0x65,0x79,0x65,0x81,
    0x65,0x81,0x45,0x71,0xE3,0x40,0x24,0x61,0x24,0x69,0x65,0x89,0x45,0x89,0xE3,0x30,0x4D,0x63,0x79,0xCE,0x3C,0xE7,0xFB,0xDE,0xBA,0xD6,0x38,0xC6,0xF7,0xC5,0xD6,0xBD,
    0xD6,0xBD,0xF6,0xBD,0x95,0xB5,0x54,0xB5,0xBA,0xD6,0xDB,0xDE,0xFB,0xE6,0x9A,0xCE,0xE7,0x39,0xC3,0x40,0x44,0x49,0x25,0x71,0x65,0x89,0x65,0x81,0x65,0x81,0x65,0x81,
    0x65,0x81,0x65,0x81,0x65,0x81,0x65,0x81,0x65,0x81,0x65,0x81,0x65,0x81,0x24,0x69,0x24,0x61,0x65,0x81,0x65,0x81,0x65,0x89,0x65,0x81,0x65,0x81,0x65,0x81,0x65,0x81,
    0x65,0x81,0x65,0x81,0x65,0x81,0x65,0x81,0x65,0x81,0x65,0x81,0x65,0x81,0x65,0x81,0x65,0x81,0x65,0x81,0x65,0x81,0x65,0x81,0x65,0x81,0x65,0x81,0x65,0x81,0x65,0x81,
    0x65,0x89,0x65,0x81,0x65,0x89,0x24,0x59,0xC3,0x20,0x45,0x79,0x65,0x59,0x61,0x08,0x71,0x8C,0x5D,0xEF,0xDB,0xDE,0xFB,0xDE,0xFB,0xDE,0xFB,0xDE,0xFB,0xDE,0xDB,0xDE,
    0xFB,0xDE,0x3C,0xE7,0x5D,0xEF,0xF7,0xBD,0xA6,0x31,0x82,0x10,0x82,0x10,0xB6,0xB5,0x3C,0xE7,0xDB,0xDE,0xFB,0xDE,0xFB,0xDE,0xFB,0xDE,0xFB,0xDE,0xFB,0xDE,0xFB,0xDE,
    0xDB,0xDE,0x7D,0xEF,0xEB,0x5A,0x20,0x00,0x24,0x21,0x96,0xB5,0x3C,0xE7,0xDB,0xDE,0xDB,0xDE,0xFB,0xDE,0x1C,0xE7,0x79,0xCE,0x92,0x94,0x96,0xB5,0x1B,0xE7,0x95,0xB5,
    0xAD,0x83,0x23,0x29,0xC2,0x30,0x85,0x81,0x65,0x81,0x65,0x81,0x65,0x81,0x65,0x81,0x65,0x89,0x24,0x61,0x04,0x49,0x65,0x89,0x65,0x81,0x65,0x81,0x65,0x81,0x65,0x81,
    0x65,0x81,0x65,0x81,0x65,0x81,0x65,0x81,0x65,0x81,0x65,0x81,0x65,0x81,0x65,0x81,0x65,0x81,0x65,0x81,0x24,0x59,0xE3,0x30,0x25,0x71,0x65,0x89,0x65,0x81,0x65,0x81,
    0x65,0x81,0x65,0x81,0x65,0x81,0x65,0x81,0x65,0x81,0x65,0x81,0x65,0x81,0x65,0x81,0x65,0x81,0x65,0x81,0x65,0x81,0x65,0x81,0x65,0x81,0x65,0x81,0x65,0x81,0x65,0x81,
    0x65,0x81,0x65,0x89,0x45,0x79,0x04,0x49,0x45,0x71,0x45,0x79,0x65,0x89,0x24,0x69,0x82,0x28,0x24,0x41,0xB2,0x94,0xFB,0xDE,0xFB,0xDE,0x38,0xCE,0xF7,0xC5,0xD6,0xBD,
    0xD6,0xBD,0xD6,0xBD,0x74,0xB5,0x33,0xAD,0x9A,0xD6,0x5D,0xEF,0xBA,0xD6,0xC7,0x39,0xE3,0x60,0x45,0x71,0xE3,0x40,0x65,0x89,0x65,0x81,0x65,0x81,0x65,0x81,0x65,0x81,
    0x65,0x81,0x65,0x81,0x65,0x81,0x65,0x81,0x65,0x81,0x65,0x81,0x65,0x81,0x45,0x71,0x24,0x59,0x65,0x81,0x65,0x81,0x65,0x81,0x65,0x81,0x65,0x81,0x65,0x81,0x65,0x81,
    0x65,0x81,0x65,0x81,0x65,0x81,0x65,0x81,0x65,0x81,0x65,0x81,0x65,0x81,0x65,0x81,0x65,0x81,0x65,0x81,0x65,0x81,0x65,0x81,0x65,0x81,0x65,0x81,0x65,0x81,0x65,0x81,
    0x24,0x69,0x65,0x81,0x65,0x81,0x24,0x51,0xC3,0x38,0xA6,0x69,0x04,0x21,0x08,0x42,0x1C,0xE7,0xDB,0xDE,0xFB,0xDE,0xFB,0xDE,0xFB,0xDE,0xDB,0xDE,0xDB,0xDE,0x3C,0xE7,
    0xDB,0xDE,0xF2,0xA4,0xB1,0x9C,0xEB,0x5A,0x08,0x42,0xC3,0x18,0x04,0x21,0x59,0xCE,0x1C,0xE7,0xDB,0xDE,0xFB,0xDE,0xFB,0xDE,0xFB,0xDE,0xFB,0xDE,0xFB,0xDE,0xFB,0xDE,
    0xDB,0xDE,0x1C,0xE7,0xF7,0xBD,0xE3,0x18,0xA2,0x10,0x08,0x42,0xDB,0xDE,0x3C,0xE7,0xDB,0xDE,0x1C,0xE7,0x8C,0x73,0x4C,0x6B,0xD3,0x9C,0x8E,0x73,0x4C,0x6B,0x18,0xC6,
    0xB5,0xBD,0xB1,0x9C,0x86,0x29,0xA2,0x30,0xA6,0x81,0x65,0x89,0x65,0x89,0x65,0x81,0x65,0x81,0x65,0x81,0x24,0x69,0x65,0x81,0x45,0x71,0x65,0x81,0x65,0x81,0x65,0x81,
    0x65,0x81,0x65,0x81,0x65,0x81,0x65,0x81,0x65,0x81,0x65,0x81,0x65,0x81,0x65,0x81,0x65,0x81,0x65,0x81,0x65,0x81,0x65,0x79,0x25,0x69,0x45,0x71,0x65,0x89,0x65,0x81,
    0x65,0x81,0x65,0x81,0x65,0x81,0x65,0x81,0x65,0x81,0x65,0x81,0x65,0x81,0x65,0x81,0x65,0x81,0x65,0x81,0x65,0x81,0x65,0x81,0x65,0x81,0x65,0x81,0x65,0x81,0x65,0x81,
    0x65,0x81,0x65,0x81,0x65,0x89,0x45,0x71,0x45,0x71,0x24,0x69,0x65,0x81,0x45,0x71,0x65,0x89,0x65,0x89,0x61,0x38,0xAE,0x73,0x5D,0xE7,0x38,0xC6,0xD6,0xBD,0xD6,0xBD,
    0xD6,0xBD,0xD6,0xBD,0x54,0xB5,0x33,0xAD,0xBA,0xDE,0x34,0xA5,0x86,0x39,0x04,0x69,0x45,0x69,0x04,0x59,0x65,0x81,0x65,0x81,0x65,0x81,0x65,0x81,0x65,0x81,0x65,0x81,
    0x65,0x81,0x65,0x81,0x65,0x81,0x65,0x81,0x65,0x81,0x65,0x89,0x65,0x81,0xE3,0x40,0x45,0x79,0x65,0x81,0x65,0x81,0x65,0x81,0x65,0x81,0x65,0x81,0x65,0x81,0x65,0x81,
    0x65,0x81,0x65,0x81,0x65,0x81,0x65,0x81,0x65,0x81,0x65,0x81,0x65,0x81,0x65,0x81,0x65,0x81,0x65,0x81,0x65,0x81,0x65,0x81,0x65,0x81,0x65,0x81,0x65,0x81,0x45,0x79,
    0x24,0x61,0x65,0x89,0x65,0x79,0x24,0x49,0x45,0x61,0xC3,0x28,0x24,0x21,0xD6,0xBD,0x1C,0xE7,0xDB,0xDE,0xFB,0xDE,0xDB,0xDE,0xFB,0xDE,0x3C,0xE7,0x1C,0xE7,0x14,0xA5,
    0x8A,0x52,0xA6,0x39,0x8E,0x73,0x69,0x4A,0x24,0x21,0x82,0x10,0x69,0x4A,0xDB,0xDE,0xFB,0xDE,0xDB,0xDE,0xFB,0xDE,0xFB,0xDE,0xFB,0xDE,0xFB,0xDE,0xFB,0xDE,0xFB,0xDE,
    0xFB,0xDE,0xDB,0xDE,0x5D,0xEF,0xB2,0x94,0xA2,0x10,0xE3,0x18,0xEB,0x5A,0xB6,0xB5,0x7D,0xEF,0xD2,0x9C,0xA9,0x5A,0x9A,0xCE,0xF7,0xBD,0x55,0xAD,0xF3,0x9C,0x96,0xB5,
    0x51,0x84,0xF7,0xBD,0xBA,0xD6,0x86,0x29,0xA2,0x38,0x45,0x69,0x24,0x61,0x65,0x81,0x65,0x81,0x65,0x81,0x45,0x79,0x65,0x81,0x45,0x71,0x65,0x81,0x65,0x81,0x65,0x81,
    0x65,0x81,0x65,0x81,0x65,0x81,0x45,0x79,0x65,0x81,0x65,0x81,0x65,0x81,0x65,0x81,0x65,0x81,0x65,0x81,0x45,0x79,0x44,0x61,0x65,0x81,0xE3,0x40,0x24,0x61,0x65,0x89,
    0x65,0x81,0x65,0x81,0x65,0x81,0x65,0x81,0x65,0x81,0x65,0x81,0x65,0x81,0x65,0x89,0x65,0x81,0x65,0x81,0x65,0x81,0x65,0x81,0x65,0x81,0x65,0x81,0x65,0x81,0x24,0x69,
    0x45,0x79,0x65,0x81,0x65,0x81,0x65,0x81,0x65,0x81,0x65,0x81,0x65,0x81,0x65,0x89,0x65,0x89,0x65,0x79,0x85,0x79,0xE3,0x58,0x4D,0x73,0x58,0xCE,0xD6,0xBD,0xD6,0xBD,
    0xD6,0xBD,0xD6,0xBD,0x54,0xB5,0x13,0xAD,0x69,0x42,0x61,0x18,0x45,0x81,0x65,0x79,0xE3,0x38,0x65,0x81,0x65,0x81,0x65,0x81,0x65,0x81,0x65,0x81,0x65,0x81,0x65,0x81,
    0x65,0x81,0x65,0x81,0x65,0x81,0x65,0x81,0x65,0x81,0x45,0x79,0x04,0x49,0x45,0x79,0x65,0x89,0x65,0x81,0x65,0x81,0x65,0x81,0x65,0x81,0x65,0x81,0x65,0x81,0x65,0x81,
    0x65,0x81,0x65,0x81,0x65,0x81,0x65,0x81,0x65,0x81,0x65,0x81,0x65,0x81,0x65,0x81,0x65,0x81,0x65,0x81,0x65,0x81,0x65,0x81,0x65,0x81,0x65,0x89,0x45,0x71,0x24,0x61,
    0x65,0x89,0x65,0x81,0x65,0x79,0x04,0x61,0x65,0x71,0x82,0x18,0xCE,0x83,0xDB,0xDE,0xDB,0xDE,0xDB,0xDE,0xDB,0xDE,0x3C,0xE7,0x9A,0xD6,0xD3,0x9C,0x30,0x84,0xA6,0x31,
    0xC7,0x39,0x86,0x31,0xAA,0x52,0xE7,0x39,0xC7,0x39,0x61,0x08,0x65,0x29,0x59,0xCE,0x1C,0xE7,0xDB,0xDE,0xFB,0xDE,0xFB,0xDE,0xFB,0xDE,0xFB,0xDE,0xFB,0xDE,0xFB,0xDE,
    0xFB,0xDE,0xFB,0xDE,0xDB,0xDE,0x3C,0xE7,0x49,0x4A,0x41,0x08,0x28,0x42,0x8A,0x52,0x49,0x4A,0xEF,0x7B,0x1C,0xE7,0x10,0x84,0x04,0x21,0x04,0x21,0x8A,0x52,0x59,0xCE,
    0x59,0xCE,0x2C,0x63,0xCA,0x5A,0x8D,0x6B,0x45,0x29,0xA2,0x18,0xC3,0x28,0x65,0x89,0x65,0x81,0x65,0x81,0x65,0x81,0x65,0x81,0x65,0x81,0x65,0x81,0x65,0x81,0x45,0x81,
    0x65,0x81,0x65,0x81,0x65,0x89,0x24,0x61,0x45,0x71,0x65,0x89,0x65,0x81,0x65,0x81,0x65,0x81,0x65,0x81,0x65,0x89,0x24,0x69,0x24,0x59,0x45,0x81,0xC3,0x28,0x24,0x69,
    0x65,0x89,0x65,0x81,0x65,0x81,0x65,0x81,0x65,0x81,0x65,0x81,0x45,0x79,0x24,0x69,0x65,0x81,0x65,0x81,0x65,0x81,0x65,0x81,0x65,0x81,0x65,0x81,0x65,0x81,0x65,0x81,
    0x45,0x79,0x65,0x81,0x65,0x81,0x65,0x81,0x65,0x81,0x65,0x81,0x65,0x81,0x45,0x79,0x45,0x79,0x65,0x89,0xE3,0x38,0x24,0x51,0xA2,0x40,0xEF,0x8B,0x37,0xC6,0xB5,0xBD,
    0xB5,0xBD,0x95,0xB5,0x74,0xB5,0x70,0x8C,0x82,0x20,0x65,0x81,0x65,0x81,0xE3,0x40,0x45,0x69,0x65,0x89,0x65,0x81,0x65,0x81,0x65,0x89,0x65,0x81,0x65,0x81,0x65,0x81,
    0x65,0x81,0x65,0x81,0x65,0x81,0x65,0x89,0x45,0x79,0xC3,0x20,0x04,0x59,0x65,0x89,0x65,0x81,0x65,0x81,0x65,0x81,0x65,0x81,0x65,0x81,0x65,0x81,0x65,0x81,0x65,0x81,
    0x65,0x81,0x65,0x81,0x65,0x81,0x65,0x81,0x65,0x81,0x65,0x81,0x65,0x81,0x65,0x81,0x65,0x81,0x65,0x81,0x65,0x81,0x65,0x81,0x65,0x81,0x65,0x81,0x65,0x81,0x65,0x81,
    0x45,0x79,0x45,0x69,0x45,0x71,0x45,0x71,0xA2,0x40,0x48,0x42,0x99,0xD6,0x79,0xCE,0xDB,0xDE,0x5D,0xEF,0x1C,0xE7,0x55,0xAD,0x92,0x94,0xD3,0x9C,0xCF,0x7B,0x08,0x42,
    0x08,0x42,0xEB,0x5A,0x65,0x29,0x45,0x29,0x82,0x10,0xA2,0x10,0x08,0x42,0x92,0x94,0xFB,0xDE,0xDB,0xDE,0xFB,0xDE,0xFB,0xDE,0xFB,0xDE,0xDB,0xDE,0x79,0xCE,0xFB,0xDE,
    0xFB,0xDE,0xFB,0xDE,0xDB,0xDE,0x5D,0xEF,0x8E,0x73,0x41,0x08,0x82,0x10,0xE7,0x39,0xCB,0x5A,0x2C,0x63,0xE7,0x39,0x65,0x29,0x28,0x42,0x28,0x42,0xC7,0x39,0xC7,0x39,
    0xCF,0x7B,0x9A,0xD6,0xF3,0x9C,0x8E,0x73,0xE7,0x39,0x61,0x00,0xE3,0x38,0x24,0x69,0x45,0x71,0x65,0x89,0x65,0x81,0x65,0x81,0x65,0x81,0x65,0x81,0x65,0x81,0x45,0x79,
    0x45,0x81,0x65,0x89,0x65,0x81,0x65,0x81,0x45,0x81,0x65,0x81,0x65,0x81,0x65,0x81,0x65,0x81,0x65,0x81,0x65,0x81,0x65,0x81,0x04,0x51,0x24,0x61,0x65,0x89,0xE3,0x40,
    0x45,0x71,0x65,0x81,0x65,0x81,0x65,0x81,0x65,0x81,0x65,0x81,0x45,0x79,0x24,0x61,0x65,0x89,0x65,0x81,0x65,0x89,0x65,0x81,0x65,0x81,0x65,0x81,0x45,0x79,0x65,0x89,
    0x04,0x51,0x24,0x61,0x65,0x89,0x65,0x81,0x65,0x81,0x65,0x81,0x65,0x89,0x04,0x51,0xC3,0x28,0x65,0x81,0x45,0x79,0xE3,0x18,0x61,0x10,0xAE,0x8B,0xD6,0xBD,0x33,0xAD,
    0x54,0xAD,0x33,0xAD,0x74,0xB5,0xB1,0x9C,0x65,0x81,0x65,0x81,0xE3,0x38,0x24,0x69,0x65,0x89,0x65,0x81,0x65,0x81,0x65,0x81,0x45,0x69,0x45,0x81,0x65,0x81,0x65,0x81,
    0x65,0x81,0x65,0x89,0x45,0x71,0x45,0x79,0x04,0x51,0x04,0x49,0x65,0x91,0x65,0x81,0x65,0x81,0x65,0x81,0x65,0x81,0x65,0x81,0x65,0x81,0x65,0x81,0x65,0x81,0x65,0x89,
    0x24,0x69,0xE3,0x40,0x65,0x89,0x65,0x81,0x65,0x81,0x65,0x81,0x65,0x81,0x65,0x81,0x65,0x81,0x65,0x81,0x65,0x81,0x65,0x81,0x65,0x81,0x45,0x71,0x45,0x79,0x65,0x81,
    0x65,0x81,0x65,0x81,0x65,0x89,0x45,0x69,0x82,0x10,0xB0,0x9C,0x1C,0xE7,0x3C,0xE7,0x5D,0xEF,0x13,0xA5,0x10,0x84,0x14,0xA5,0x71,0x8C,0x65,0x29,0x08,0x42,0xE7,0x39,
    0xC7,0x39,0x45,0x29,0xA6,0x31,0x86,0x31,0x82,0x10,0xA2,0x10,0x08,0x42,0xEB,0x5A,0xB2,0x94,0x3C,0xE7,0xDB,0xDE,0xFB,0xDE,0xFB,0xDE,0xDB,0xDE,0x18,0xC6,0xFB,0xDE,
    0xFB,0xDE,0xFB,0xDE,0xDB,0xDE,0x1C,0xE7,0xF7,0xBD,0xA6,0x31,0xE3,0x18,0x04,0x21,0xD3,0x9C,0x04,0x21,0xE3,0x18,0xA6,0x31,0x08,0x42,0xE7,0x39,0x28,0x42,0xA6,0x31,
    0x41,0x08,0x08,0x42,0x59,0xCE,0xBE,0xF7,0x14,0xA5,0x04,0x21,0xC2,0x10,0x85,0x69,0x65,0x81,0x45,0x79,0x65,0x81,0x65,0x81,0x65,0x81,0x65,0x81,0x45,0x81,0x65,0x81,
    0x24,0x61,0x04,0x51,0x65,0x89,0x65,0x81,0x65,0x81,0x65,0x81,0x65,0x81,0x45,0x81,0x65,0x81,0x65,0x81,0x65,0x89,0x45,0x71,0x45,0x71,0x04,0x51,0x45,0x71,0x65,0x81,
    0x24,0x69,0x65,0x81,0x65,0x81,0x65,0x81,0x65,0x81,0x45,0x79,0x45,0x71,0x45,0x79,0x24,0x69,0x65,0x89,0x24,0x61,0x45,0x79,0x65,0x81,0x65,0x81,0x45,0x71,0x45,0x71,
    0x65,0x89,0x04,0x41,0x45,0x71,0x65,0x89,0x65,0x81,0x65,0x81,0x65,0x81,0x65,0x81,0x65,0x61,0xC3,0x20,0x04,0x41,0x65,0x31,0x61,0x10,0xCE,0x93,0xD6,0xBD,0x33,0xAD,
    0x54,0xAD,0x34,0xAD,0x54,0xAD,0xB1,0xAC,0x24,0x61,0xC3,0x28,0x45,0x69,0x65,0x89,0x65,0x81,0x45,0x79,0x65,0x81,0x65,0x81,0x45,0x79,0x65,0x81,0x65,0x81,0x65,0x81,
    0x65,0x81,0x65,0x81,0xE3,0x40,0x04,0x49,0xE3,0x38,0x45,0x71,0x65,0x81,0x65,0x81,0x65,0x81,0x65,0x81,0x65,0x81,0x65,0x81,0x65,0x81,0x65,0x81,0x65,0x81,0x65,0x89,
    0x04,0x49,0x24,0x59,0x86,0x89,0x65,0x81,0x65,0x81,0x65,0x81,0x65,0x81,0x65,0x81,0x65,0x81,0x65,0x81,0x65,0x81,0x65,0x81,0x85,0x81,0x65,0x81,0x65,0x81,0x65,0x81,
    0x65,0x81,0x65,0x81,0x65,0x81,0xA2,0x18,0x65,0x29,0xD9,0xDE,0x3C,0xE7,0x38,0xC6,0x4D,0x6B,0x4D,0x6B,0x96,0xB5,0xAE,0x73,0xA2,0x10,0x24,0x21,0xE7,0x39,0x49,0x4A,
    0x65,0x29,0x65,0x29,0x28,0x42,0x24,0x21,0xA2,0x10,0x24,0x21,0x08,0x42,0x08,0x42,0xE7,0x39,0xF3,0x9C,0x5D,0xEF,0xDB,0xDE,0xFB,0xDE,0xDB,0xDE,0x59,0xC6,0xFB,0xDE,
    0xDB,0xDE,0xFB,0xDE,0xDB,0xDE,0xFB,0xDE,0x59,0xCE,0xA6,0x31,0xEF,0x7B,0x0C,0x63,0x61,0x08,0x28,0x42,0x28,0x42,0xA6,0x31,0x08,0x42,0x28,0x42,0x08,0x42,0x28,0x42,
    0x28,0x42,0x45,0x29,0xA6,0x31,0xF3,0x9C,0xBE,0xF7,0xCF,0x7B,0xA2,0x08,0x65,0x61,0x24,0x69,0x04,0x51,0x65,0x89,0x65,0x81,0x65,0x81,0x65,0x81,0x65,0x81,0x65,0x79,
    0x65,0x79,0xE3,0x38,0x45,0x71,0x65,0x81,0x65,0x81,0x65,0x81,0x45,0x79,0x24,0x69,0x65,0x89,0x45,0x71,0x45,0x79,0x65,0x81,0x65,0x79,0x24,0x59,0x04,0x41,0x65,0x89,
    0x65,0x81,0x65,0x81,0x65,0x89,0x45,0x71,0x24,0x61,0x65,0x89,0x24,0x69,0x45,0x79,0x04,0x51,0x24,0x59,0x04,0x51,0x45,0x71,0x65,0x89,0x65,0x81,0x65,0x81,0x45,0x69,
    0x45,0x81,0x24,0x79,0xC3,0x40,0x24,0x79,0x45,0x81,0x45,0x81,0x45,0x81,0x45,0x81,0x45,0x89,0x24,0x61,0xA2,0x20,0xC3,0x18,0x81,0x28,0xAE,0x7B,0x17,0xC6,0x54,0xB5,
    0x54,0xB5,0x54,0xAD,0x74,0xB5,0x91,0x9C,0x82,0x10,0xE3,0x48,0x45,0x81,0x45,0x81,0x04,0x61,0x24,0x71,0x45,0x81,0x45,0x81,0x45,0x81,0x45,0x81,0x45,0x81,0x45,0x89,
    0x04,0x61,0xA2,0x20,0xE3,0x48,0xC3,0x28,0xE3,0x50,0x45,0x81,0x45,0x81,0x45,0x81,0x45,0x81,0x24,0x81,0x04,0x81,0x04,0x81,0x04,0x81,0x24,0x79,0x24,0x79,0x04,0x79,
    0xA2,0x30,0x04,0x79,0xE3,0x60,0xE3,0x68,0x24,0x81,0x04,0x81,0x04,0x81,0x04,0x81,0x04,0x81,0x04,0x81,0x04,0x81,0x04,0x81,0x04,0x81,0x04,0x81,0x04,0x79,0x04,0x71,
    0x04,0x81,0x24,0x81,0xE3,0x50,0xA2,0x10,0x8E,0x73,0x3D,0xE7,0x71,0x8C,0xC3,0x18,0xEF,0x7B,0x18,0xC6,0xA6,0x31,0x82,0x10,0xC7,0x39,0xE7,0x39,0xE7,0x39,0x45,0x29,
    0x04,0x21,0xC7,0x39,0x45,0x29,0xE4,0x18,0xC3,0x18,0x25,0x21,0xC7,0x39,0xC7,0x39,0xC3,0x18,0xE3,0x18,0xD3,0x9C,0x3C,0xE7,0xDB,0xDE,0x3C,0xE7,0x75,0xB5,0x58,0xCE,
    0x1C,0xE7,0xFB,0xDE,0xFB,0xDE,0xFB,0xDE,0x34,0xAD,0x49,0x4A,0x65,0x29,0x45,0x29,0x62,0x08,0xC3,0x18,0xC7,0x39,0xC7,0x39,0xA7,0x31,0xC7,0x31,0xC7,0x39,0xA7,0x31,
    0xC7,0x39,0xE7,0x39,0xA7,0x31,0x82,0x10,0xAA,0x52,0xFB,0xDE,0xEF,0x7B,0x61,0x10,0x86,0x59,0xC3,0x40,0x24,0x69,0x45,0x81,0x45,0x81,0x45,0x81,0x45,0x81,0x45,0x81,
    0x45,0x81,0xC3,0x40,0xE3,0x48,0x45,0x89,0x45,0x81,0x45,0x79,0x24,0x79,0x45,0x81,0x45,0x81,0x24,0x79,0x04,0x59,0x24,0x79,0x04,0x69,0x24,0x71,0xE3,0x48,0x45,0x81,
    0x45,0x81,0x45,0x81,0x45,0x81,0x45,0x81,0x45,0x81,0x24,0x71,0x24,0x71,0x24,0x71,0x24,0x79,0xE3,0x48,0xE3,0x50,0x04,0x61,0x24,0x71,0x45,0x81,0x45,0x81,0x24,0x79,
    0x86,0x71,0x08,0x92,0x86,0x59,0x86,0x49,0xE7,0x91,0xE7,0x89,0xE7,0x89,0xE7,0x89,0xE7,0x89,0xE7,0x81,0xA6,0x71,0xC7,0x71,0x85,0x61,0x51,0xAC,0x59,0xCE,0xF7,0xC5,
    0xF6,0xC5,0xF6,0xBD,0xD6,0xBD,0x13,0xB5,0x65,0x61,0x85,0x59,0xC7,0x89,0xC6,0x81,0xA6,0x61,0xC7,0x89,0xC7,0x89,0xC7,0x89,0xC7,0x89,0xC7,0x89,0xC7,0x89,0xC7,0x89,
    0x45,0x41,0x04,0x19,0x65,0x49,0x45,0x39,0x86,0x69,0xC7,0x89,0xC7,0x89,0xC7,0x89,0xC7,0x89,0xAA,0x92,0xCB,0x9A,0xCA,0x92,0xCA,0x92,0xCA,0x92,0xCB,0x9A,0xAA,0x82,
    0x89,0x62,0xCB,0xA2,0xAA,0x7A,0x8A,0x7A,0xCA,0x9A,0xCA,0x92,0xCA,0x92,0xCA,0x92,0xCA,0x92,0xCA,0x92,0xCA,0x92,0xCA,0x92,0xCA,0x92,0x8A,0x7A,0xAA,0x8A,0xAA,0x92,
    0xCA,0x92,0xAA,0x92,0x69,0x62,0xAA,0x5A,0x96,0xB5,0x51,0x8C,0xCA,0x5A,0xB6,0xB5,0x9A,0xD6,0xAA,0x52,0xAA,0x5A,0x8D,0x73,0x4C,0x6B,0x2C,0x63,0x4D,0x6B,0x69,0x4A,
    0x6D,0x6B,0x51,0x8C,0xEF,0x7B,0xEF,0x83,0xEF,0x7B,0x0F,0x84,0x51,0x8C,0x50,0x8C,0x30,0x8C,0x10,0x84,0x92,0x94,0x79,0xCE,0x79,0xCE,0x9A,0xD6,0x74,0xB5,0xF6,0xC5,
    0x79,0xD6,0x79,0xCE,0x79,0xCE,0x99,0xD6,0xB6,0xBD,0x10,0x84,0x6D,0x73,0xEF,0x83,0x30,0x8C,0x30,0x84,0x30,0x84,0x30,0x8C,0x30,0x8C,0x30,0x8C,0x30,0x8C,0x50,0x8C,
    0x30,0x8C,0x30,0x84,0x50,0x8C,0x30,0x8C,0x6D,0x73,0xB6,0xB5,0xF7,0xBD,0xEF,0x7B,0xD2,0xA4,0xD2,0xAC,0xF3,0xA4,0x34,0xBD,0x34,0xBD,0x34,0xB5,0x34,0xB5,0x34,0xB5,
    0x13,0xB5,0x13,0xB5,0x13,0xAD,0x13,0xB5,0x13,0xB5,0x13,0xB5,0x13,0xB5,0x34,0xB5,0x34,0xB5,0x34,0xBD,0x13,0xB5,0x13,0xAD,0x13,0xAD,0x34,0xBD,0x34,0xB5,0x34,0xB5,
    0x13,0xB5,0x13,0xB5,0x13,0xB5,0x34,0xB5,0x34,0xBD,0x13,0xAD,0x13,0xB5,0x13,0xB5,0x13,0xBD,0xF3,0xAC,0xF3,0xAC,0x13,0xB5,0xF3,0xA4,0x14,0xB5,0x14,0xB5,0x13,0xB5,
    0xB6,0xC5,0xF7,0xC5,0xF7,0xC5,0xD6,0xBD,0xD6,0xBD,0xD6,0xBD,0xD6,0xBD,0xD6,0xBD,0xD6,0xBD,0x95,0xBD,0x95,0xB5,0xD6,0xC5,0xF7,0xC5,0x17,0xC6,0x17,0xC6,0x17,0xC6,
    0xF6,0xC5,0xF6,0xC5,0xB6,0xBD,0xB6,0xBD,0x95,0xBD,0xD6,0xBD,0xF7,0xC5,0xD7,0xC5,0xF7,0xC5,0xF7,0xC5,0xF7,0xC5,0xD6,0xC5,0xD6,0xBD,0xD6,0xBD,0xD6,0xBD,0xD6,0xBD,
    0xB6,0xB5,0xD6,0xBD,0xD6,0xBD,0xD6,0xBD,0xF7,0xC5,0xD6,0xBD,0xD6,0xBD,0xD6,0xBD,0xF7,0xC5,0x58,0xCE,0x79,0xCE,0x58,0xC6,0x38,0xC6,0x38,0xC6,0x58,0xC6,0x58,0xCE,
    0x79,0xCE,0x58,0xC6,0x38,0xCE,0x38,0xCE,0x38,0xC6,0x38,0xC6,0x38,0xC6,0x38,0xC6,0x58,0xC6,0x58,0xC6,0x58,0xC6,0x58,0xC6,0x58,0xC6,0x58,0xC6,0x58,0xC6,0x38,0xC6,
    0x38,0xC6,0x38,0xC6,0x38,0xCE,0x37,0xCE,0xF7,0xC5,0xB6,0xBD,0xF7,0xC5,0xF7,0xC5,0xF7,0xC5,0x58,0xCE,0x79,0xCE,0x58,0xCE,0x58,0xCE,0x58,0xCE,0x58,0xCE,0x58,0xCE,
    0x58,0xCE,0x58,0xCE,0x58,0xCE,0x58,0xCE,0x58,0xCE,0x79,0xCE,0x79,0xCE,0x58,0xCE,0x58,0xCE,0x58,0xCE,0x58,0xCE,0x17,0xC6,0x17,0xC6,0x17,0xC6,0x17,0xC6,0xF7,0xC5,
    0xF6,0xBD,0x17,0xC6,0x17,0xC6,0x17,0xC6,0x17,0xC6,0x38,0xCE,0x58,0xCE,0x58,0xCE,0x58,0xCE,0x58,0xCE,0x58,0xCE,0x58,0xCE,0x58,0xCE,0x58,0xCE,0x58,0xCE,0x58,0xCE,
    0x58,0xCE,0x58,0xCE,0x58,0xCE,0x58,0xCE,0x58,0xCE,0xF7,0xC5,0xF6,0xC5,0x17,0xC6,0xF6,0xC5,0xF6,0xC5,0x38,0xCE,0x59,0xCE,0x58,0xCE,0x58,0xC6,0x58,0xC6,0x58,0xC6,
    0x58,0xC6,0x38,0xC6,0x38,0xC6,0x38,0xC6,0x38,0xC6,0x38,0xC6,0x38,0xC6,0x58,0xC6,0x58,0xC6,0x58,0xC6,0x38,0xC6,0x38,0xC6,0x58,0xCE,0x58,0xCE,0x58,0xCE,0x58,0xCE,
    0x38,0xC6,0x38,0xC6,0x38,0xC6,0x58,0xC6,0x58,0xC6,0x58,0xCE,0x38,0xC6,0x38,0xC6,0x38,0xC6,0x38,0xC6,0x38,0xC6,0x38,0xC6,0x38,0xC6,0x38,0xC6,0x38,0xC6,0x38,0xC6,
    0x17,0xC6,0x17,0xC6,0x17,0xC6,0xF7,0xC5,0xF7,0xC5,0xF7,0xC5,0xF6,0xC5,0xF6,0xC5,0xD6,0xBD,0xB6,0xBD,0xB6,0xBD,0xD6,0xBD,0x38,0xC6,0x18,0xC6,0x17,0xC6,0x17,0xC6,
    0xF6,0xC5,0xF6,0xC5,0xB6,0xBD,0xB6,0xBD,0xB6,0xBD,0x17,0xC6,0x38,0xC6,0x38,0xC6,0x38,0xC6,0x17,0xC6,0x17,0xC6,0x17,0xC6,0x17,0xC6,0x17,0xC6,0x17,0xC6,0x17,0xC6,
    0x17,0xC6,0x17,0xC6,0x38,0xC6,0x38,0xC6,0x17,0xC6,0x17,0xC6,0x17,0xC6,0x17,0xC6,0x18,0xC6,0x17,0xC6,0x17,0xC6,0xF7,0xC5,0xD6,0xBD,0xD6,0xBD,0xF7,0xC5,0xF7,0xC5,
    0xF7,0xC5,0xF7,0xC5,0xD6,0xBD,0xD6,0xBD,0xD6,0xBD,0xD6,0xBD,0xD6,0xBD,0xD6,0xBD,0xD6,0xBD,0xD6,0xBD,0xD6,0xBD,0xF6,0xBD,0xF6,0xC5,0xF6,0xBD,0xF6,0xBD,0xD6,0xBD,
    0xD6,0xBD,0xD6,0xBD,0xD6,0xBD,0xD6,0xBD,0xD6,0xBD,0xB5,0xBD,0x95,0xB5,0xB6,0xBD,0x18,0xC6,0x17,0xC6,0x17,0xC6,0xF7,0xC5,0xF7,0xC5,0xF7,0xC5,0xF7,0xBD,0xF6,0xBD,
    0xF6,0xBD,0xD6,0xBD,0xD6,0xBD,0xD6,0xBD,0xD6,0xBD,0xF7,0xBD,0xF7,0xBD,0xF6,0xBD,0xD6,0xBD,0xD6,0xBD,0xD6,0xBD,0xF7,0xC5,0xF7,0xC5,0xF7,0xC5,0xD6,0xBD,0xD6,0xBD,
    0xF6,0xC5,0xF7,0xC5,0xF7,0xC5,0xF7,0xC5,0xD6,0xBD,0xB6,0xBD,0xB6,0xBD,0xD6,0xBD,0xD6,0xBD,0xD6,0xBD,0xD6,0xBD,0xD6,0xBD,0xD6,0xBD,0xD6,0xBD,0xD6,0xBD,0xD6,0xBD,
    0xD6,0xBD,0xD6,0xBD,0xD6,0xBD,0xD6,0xBD,0xB6,0xBD,0xD6,0xBD,0xD6,0xBD,0x74,0xB5,0x74,0xB5,0x74,0xB5,0xD6,0xBD,0x17,0xC6,0x17,0xC6,0xD6,0xBD,0xD6,0xBD,0xD6,0xBD,
    0xD6,0xBD,0xD6,0xBD,0xD6,0xBD,0xD6,0xBD,0xD6,0xBD,0xD6,0xBD,0xD6,0xBD,0xD6,0xBD,0xD6,0xBD,0xD6,0xBD,0xD6,0xBD,0xD6,0xBD,0xD6,0xBD,0xD6,0xBD,0xD6,0xBD,0xD6,0xBD,
    0xD6,0xBD,0xD6,0xBD,0xD6,0xBD,0xD6,0xBD,0xD6,0xBD,0xD6,0xBD,0xB6,0xBD,0xB6,0xBD,0xB6,0xBD,0xB6,0xBD,0xB6,0xBD,0xB6,0xBD,0xB6,0xBD,0xB5,0xBD,0x95,0xBD,0xB5,0xBD,
    0xD6,0xBD,0xD6,0xBD,0xD6,0xBD,0xB6,0xBD,0xB6,0xBD,0xB5,0xBD,0xB5,0xBD,0xB5,0xBD,0x95,0xB5,0x54,0xB5,0x54,0xB5,0x74,0xB5,0x17,0xC6,0x17,0xC6,0xF7,0xC5,0xD6,0xBD,
    0xB5,0xBD,0x95,0xBD,0x74,0xB5,0x74,0xB5,0x74,0xB5,0xF7,0xC5,0x17,0xC6,0x17,0xC6,0xD6,0xBD,0xB6,0xBD,0xD6,0xBD,0xD6,0xBD,0xD6,0xBD,0xD6,0xBD,0xD6,0xBD,0xD6,0xBD,
    0xD6,0xBD,0xD6,0xBD,0xD6,0xBD,0xD6,0xBD,0xD6,0xBD,0xD6,0xBD,0xD6,0xBD,0xD6,0xBD,0xD6,0xBD,0xD6,0xBD,0xD6,0xBD,0xD6,0xBD,0xD6,0xBD,0xD6,0xBD,0xD6,0xBD,0xB6,0xBD,
    0xB6,0xBD,0xB6,0xBD,0xB5,0xBD,0xB5,0xBD,0xB5,0xBD,0xB5,0xBD,0xB5,0xBD,0xB5,0xBD,0xB5,0xBD,0xB5,0xBD,0xB5,0xBD,0xB6,0xBD,0xD6,0xBD,0xD6,0xBD,0xD6,0xBD,0xB6,0xBD,
    0xB6,0xBD,0xB5,0xBD,0xB5,0xBD,0xB5,0xBD,0x95,0xB5,0x54,0xB5,0x54,0xB5,0x74,0xB5,0x17,0xC6,0x17,0xC6,0x17,0xC6,0xD6,0xBD,0xD6,0xBD,0xD6,0xBD,0xD6,0xBD,0xD6,0xBD,
    0xD6,0xBD,0xD6,0xBD,0xD6,0xBD,0xD6,0xBD,0xD6,0xBD,0xD6,0xBD,0xD6,0xBD,0xD6,0xBD,0xD6,0xBD,0xD6,0xBD,0xD6,0xBD,0xD6,0xBD,0xD6,0xBD,0xD6,0xBD,0xB6,0xBD,0xD6,0xBD,
    0xD6,0xBD,0xB6,0xBD,0xB6,0xBD,0xB6,0xBD,0xB5,0xBD,0xB5,0xBD,0xB5,0xBD,0xB5,0xBD,0xB5,0xBD,0xB5,0xBD,0xB5,0xBD,0x95,0xBD,0x95,0xBD,0xB5,0xBD,0xB6,0xBD,0xB6,0xBD,
    0xB6,0xBD,0xB5,0xBD,0xB5,0xBD,0xB5,0xBD,0x95,0xBD,0x95,0xBD,0x95,0xBD,0x54,0xB5,0x54,0xB5,0x54,0xAD,0xF6,0xBD,0x17,0xC6,0x17,0xC6,0xD6,0xBD,0xB6,0xBD,0xB6,0xBD,
    0xD6,0xBD,0xD6,0xBD,0xD6,0xBD,0xD6,0xBD,0xD6,0xBD,0xD6,0xBD,0xD6,0xBD,0xD6,0xBD,0xD6,0xBD,0xD6,0xBD,0xD6,0xBD,0xD6,0xBD,0xD6,0xBD,0xD6,0xBD,0xD6,0xBD,0xD6,0xBD,
    0xD6,0xBD,0xD6,0xBD,0xD6,0xBD,0xB6,0xBD,0xB6,0xBD,0xB6,0xBD,0xB5,0xBD,0xB5,0xBD,0xB5,0xBD,0xB5,0xBD,0xB5,0xBD,0xB5,0xBD,0xB5,0xBD,0xB5,0xBD,0xB5,0xBD,0xB6,0xBD,
    0xD6,0xBD,0xD6,0xBD,0xD6,0xBD,0xB6,0xBD,0xB6,0xBD,0xB5,0xBD,0xB5,0xBD,0xB5,0xBD,0x95,0xB5,0x54,0xB5,0x54,0xB5,0x74,0xB5,0x17,0xC6,0x17,0xC6,0xF7,0xC5,0xB6,0xBD,
    0xB5,0xBD,0x95,0xB5,0x54,0xB5,0x54,0xB5,0x74,0xB5,0x17,0xC6,0x17,0xC6,0x17,0xC6,0xD6,0xBD,0xB6,0xBD,0xD6,0xBD,0xD6,0xBD,0xD6,0xBD,0xD6,0xBD,0xD6,0xBD,0xD6,0xBD,
    0xD6,0xBD,0xD6,0xBD,0xD6,0xBD,0xD6,0xBD,0xD6,0xBD,0xD6,0xBD,0xD6,0xBD,0xD6,0xBD,0xD6,0xBD,0xD6,0xBD,0xD6,0xBD,0xD6,0xBD,0xD6,0xBD,0xD6,0xBD,0xD6,0xBD,0xB6,0xBD,
    0xB6,0xBD,0xB6,0xBD,0xB5,0xBD,0xB5,0xBD,0xB5,0xBD,0xB5,0xBD,0xB5,0xBD,0xB5,0xBD,0xB5,0xBD,0xB5,0xBD,0xB5,0xBD,0xB6,0xBD,0xD6,0xBD,0xD6,0xBD,0xD6,0xBD,0xB6,0xBD,
    0xB6,0xBD,0xB5,0xBD,0xB5,0xBD,0xB5,0xBD,0x95,0xB5,0x54,0xB5,0x54,0xB5,0x74,0xB5,0x17,0xC6,0x17,0xC6,0x17,0xC6,0xD6,0xBD,0xD6,0xBD,0xD6,0xBD,0xD6,0xBD,0xD6,0xBD,
    0xD6,0xBD,0xD6,0xBD,0xD6,0xBD,0xD6,0xBD,0xD6,0xBD,0xD6,0xBD,0xD6,0xBD,0xD6,0xBD,0xD6,0xBD,0xD6,0xBD,0xD6,0xBD,0xD6,0xBD,0xD6,0xBD,0xD6,0xBD,0xD6,0xBD,0xD6,0xBD,
    0xD6,0xBD,0xB6,0xBD,0xB6,0xBD,0xB6,0xBD,0xB5,0xBD,0xB5,0xBD,0xB5,0xBD,0xB5,0xBD,0xB5,0xBD,0xB5,0xBD,0xB5,0xBD,0xB5,0xBD,0xB5,0xBD,0xB5,0xBD,0xD6,0xBD,0xD6,0xBD,
    0xD6,0xBD,0xB6,0xBD,0xB6,0xBD,0xB6,0xBD,0xB5,0xBD,0xB5,0xBD,0xB5,0xBD,0x74,0xB5,0x54,0xB5,0x54,0xB5,0xF6,0xBD,0x17,0xC6,0x17,0xC6,0xD6,0xBD,0xB6,0xBD,0xD6,0xBD,
    0xD6,0xBD,0xD6,0xBD,0xD6,0xBD,0xD6,0xBD,0xD6,0xBD,0xD6,0xBD,0xD6,0xBD,0xD6,0xBD,0xD6,0xBD,0xD6,0xBD,0xD6,0xBD,0xD6,0xBD,0xD6,0xBD,0xD6,0xBD,0xD6,0xBD,0xD6,0xBD,
    0xD6,0xBD,0xD6,0xBD,0xD6,0xBD,0xB6,0xBD,0xB6,0xBD,0xB6,0xBD,0xB5,0xBD,0xB5,0xBD,0xB5,0xBD,0xB5,0xBD,0xB5,0xBD,0xB5,0xBD,0xB5,0xBD,0xB5,0xBD,0xB5,0xBD,0xB6,0xBD,
    0xD6,0xBD,0xD6,0xBD,0xD6,0xBD,0xB6,0xBD,0xB6,0xBD,0xB5,0xBD,0xB5,0xBD,0xB5,0xBD,0x95,0xB5,0x54,0xB5,0x54,0xB5,0x74,0xB5,0x17,0xC6,0x17,0xC6,0x17,0xC6,0xD6,0xBD,
    0xB5,0xBD,0x95,0xB5,0x54,0xB5,0x54,0xB5,0x74,0xB5,0x17,0xC6,0x17,0xC6,0x17,0xC6,0xD6,0xBD,0xD6,0xBD,0xD6,0xBD,0xD6,0xBD,0xD6,0xBD,0xD6,0xBD,0xD6,0xBD,0xD6,0xBD,
    0xD6,0xBD,0xD6,0xBD,0xD6,0xBD,0xD6,0xBD,0xD6,0xBD,0xD6,0xBD,0xD6,0xBD,0xD6,0xBD,0xD6,0xBD,0xD6,0xBD,0xD6,0xBD,0xD6,0xBD,0xD6,0xBD,0xD6,0xBD,0xD6,0xBD,0xB6,0xBD,
    0xB6,0xBD,0xB6,0xBD,0xB5,0xBD,0xB5,0xBD,0xB5,0xBD,0xB5,0xBD,0xB5,0xBD,0xB5,0xBD,0xB5,0xBD,0xB5,0xBD,0xB5,0xBD,0xB6,0xBD,0xD6,0xBD,0xD6,0xBD,0xD6,0xBD,0xB6,0xBD,
    0xB6,0xBD,0xB5,0xBD,0xB5,0xBD,0xB5,0xBD,0x95,0xB5,0x54,0xB5,0x54,0xB5,0x74,0xB5,0x17,0xC6,0x17,0xC6,0x17,0xC6,0xD6,0xBD,0xD6,0xBD,0xD6,0xBD,0xD6,0xBD,0xD6,0xBD,
    0xD6,0xBD,0xD6,0xBD,0xD6,0xBD,0xD6,0xBD,0xD6,0xBD,0xD6,0xBD,0xD6,0xBD,0xD6,0xBD,0xD6,0xBD,0xD6,0xBD,0xD6,0xBD,0xD6,0xBD,0xD6,0xBD,0xD6,0xBD,0xD6,0xBD,0xD6,0xBD,
    0xD6,0xBD,0xB6,0xBD,0xB6,0xBD,0xB6,0xBD,0xB5,0xBD,0xB5,0xBD,0xB5,0xBD,0xB5,0xBD,0xB5,0xBD,0xB5,0xBD,0xB5,0xBD,0xB5,0xBD,0xB5,0xBD,0xB5,0xBD,0xD6,0xBD,0xD6,0xBD,
    0xD6,0xBD,0xD6,0xBD,0xD6,0xBD,0xD6,0xBD,0xB5,0xBD,0xB5,0xBD,0xB5,0xBD,0x74,0xB5,0x54,0xB5,0x54,0xB5,0xF6,0xBD,0x17,0xC6,0x17,0xC6,0xD6,0xBD,0xB5,0xBD,0xB6,0xBD,
    0xD6,0xBD,0xD6,0xBD,0xD6,0xBD,0xD6,0xBD,0xD6,0xBD,0xD6,0xBD,0xD6,0xBD,0xD6,0xBD,0xD6,0xBD,0xD6,0xBD,0xD6,0xBD,0xD6,0xBD,0xD6,0xBD,0xD6,0xBD,0xD6,0xBD,0xD6,0xBD,
    0xB5,0xBD,0xB5,0xBD,0xB5,0xBD,0xB6,0xBD,0xB6,0xBD,0xB6,0xBD,0xB6,0xBD,0xB5,0xBD,0xB5,0xBD,0xB5,0xBD,0xB5,0xBD,0xB5,0xBD,0xB5,0xBD,0xB5,0xBD,0xB5,0xBD,0xB6,0xBD,
    0xD6,0xBD,0xD6,0xBD,0xD6,0xBD,0xD6,0xBD,0xD6,0xBD,0xB6,0xBD,0xB5,0xBD,0xB5,0xBD,0x95,0xBD,0x54,0xB5,0x54,0xAD,0x74,0xB5,0x17,0xC6,0x17,0xC6,0x17,0xC6,0xB5,0xBD,
    0xB5,0xBD,0x95,0xBD,0x54,0xB5,0x54,0xAD,0x74,0xB5,0x17,0xC6,0x17,0xC6,0x17,0xC6,0xB6,0xBD,0xB5,0xBD,0xB5,0xBD,0xB6,0xBD,0xB6,0xBD,0xB6,0xBD,0xD6,0xBD,0xD6,0xBD,
    0xD6,0xBD,0xD6,0xBD,0xB6,0xBD,0xB6,0xBD,0xB6,0xBD,0xB6,0xBD,0xB6,0xBD,0xB6,0xBD,0xD6,0xBD,0xD6,0xBD,0xD6,0xBD,0xB6,0xBD,0xB5,0xBD,0xB5,0xBD,0xB5,0xBD,0xB5,0xBD,
    0xB5,0xBD,0xB5,0xBD,0xB6,0xBD,0xB6,0xBD,0xB6,0xBD,0xB5,0xBD,0xB5,0xBD,0xB5,0xBD,0xB5,0xBD,0xB5,0xBD,0xB5,0xBD,0xD6,0xBD,0xD6,0xBD,0xD6,0xBD,0xD6,0xBD,0xD6,0xBD,
    0xD6,0xBD,0xD6,0xBD,0xB5,0xBD,0xB6,0xBD,0x95,0xB5,0x54,0xB5,0x53,0xAD,0x74,0xB5,0x17,0xC6,0x17,0xC6,0x17,0xC6,0xB5,0xBD,0xB5,0xBD,0xB5,0xBD,0xB5,0xBD,0xB5,0xBD,
    0xB5,0xBD,0xB6,0xBD,0xD6,0xBD,0xD6,0xBD,0xB6,0xBD,0xB6,0xBD,0xB6,0xBD,0xB6,0xBD,0xB6,0xBD,0xB6,0xBD,0xB6,0xBD,0xB6,0xBD,0xB6,0xBD,0xB6,0xBD,0xB5,0xBD,0xB5,0xBD,
    0xB5,0xBD,0xB5,0xBD,0xB5,0xBD,0xB5,0xBD,0xB6,0xBD,0xB6,0xBD,0xB6,0xBD,0xB5,0xBD,0xB5,0xBD,0xB5,0xBD,0xB5,0xBD,0xB5,0xBD,0xB5,0xBD,0xB5,0xBD,0xD6,0xBD,0xD6,0xBD,
    0xD6,0xBD,0xD6,0xBD,0xD6,0xBD,0xD6,0xBD,0xB5,0xBD,0xB5,0xBD,0xB5,0xBD,0x74,0xB5,0x54,0xB5,0x53,0xAD,0xD6,0xBD,0x17,0xC6,0x17,0xC6,0xD6,0xBD,0xB5,0xBD,0xB5,0xBD,
    0xB5,0xBD,0xB5,0xBD,0xB5,0xBD,0xB6,0xBD,0xD6,0xBD,0xD6,0xBD,0xB6,0xBD,0xB6,0xBD,0xB6,0xBD,0xB6,0xBD,0xB6,0xBD,0xB6,0xBD,0xB6,0xBD,0xB6,0xBD,0xB6,0xBD,0xB6,0xBD,
    0xB5,0xBD,0xB5,0xBD,0xB5,0xBD,0xB5,0xBD,0xB5,0xBD,0xB5,0xBD,0xB6,0xBD,0xB6,0xBD,0xB6,0xBD,0xB6,0xBD,0xB5,0xBD,0xB5,0xBD,0xB5,0xBD,0xB5,0xBD,0xB5,0xBD,0xB5,0xBD,
    0xD6,0xBD,0xD6,0xBD,0xD6,0xBD,0xD6,0xBD,0xD6,0xBD,0xD6,0xBD,0xB5,0xBD,0xB5,0xBD,0xB5,0xBD,0x54,0xB5,0x53,0xAD,0x74,0xB5,0x17,0xC6,0x17,0xC6,0x17,0xC6,0xB5,0xBD,
    0xB6,0xBD,0x95,0xBD,0x54,0xB5,0x53,0xAD,0x74,0xB5,0x17,0xC6,0x17,0xC6,0x17,0xC6,0xB5,0xBD,0xB5,0xBD,0xB5,0xBD,0xB5,0xBD,0xB5,0xBD,0xB5,0xBD,0xB6,0xBD,0xD6,0xBD,
    0xD6,0xBD,0xB6,0xBD,0xB6,0xBD,0xB6,0xBD,0xB6,0xBD,0xB6,0xBD,0xB6,0xBD,0xB6,0xBD,0xB6,0xBD,0xB6,0xBD,0xB6,0xBD,0xB5,0xBD,0xB5,0xBD,0xB5,0xBD,0xB5,0xBD,0xB5,0xBD,
    0xB5,0xBD,0xB5,0xBD,0xB6,0xBD,0xB6,0xBD,0xB6,0xBD,0xB5,0xBD,0xB5,0xBD,0xB5,0xBD,0xB5,0xBD,0xB5,0xBD,0xB5,0xBD,0xD6,0xBD,0xD6,0xBD,0xD6,0xBD,0xD6,0xBD,0xD6,0xBD,
    0xD6,0xBD,0xD6,0xBD,0xB5,0xBD,0xB6,0xBD,0x95,0xB5,0x54,0xB5,0x53,0xAD,0x74,0xB5,0x17,0xC6,0x17,0xC6,0x17,0xC6,0xB5,0xBD,0xB5,0xBD,0xB5,0xBD,0xB5,0xBD,0xB5,0xBD,
    0xB5,0xBD,0xB6,0xBD,0xD6,0xBD,0xD6,0xBD,0xB6,0xBD,0xB6,0xBD,0xB6,0xBD,0xB6,0xBD,0xB6,0xBD,0xB6,0xBD,0xB6,0xBD,0xB6,0xBD,0xB6,0xBD,0xB6,0xBD,0xB5,0xBD,0xB5,0xBD,
    0xB5,0xBD,0xB5,0xBD,0xB5,0xBD,0xB5,0xBD,0xB6,0xBD,0xB6,0xBD,0xB6,0xBD,0xB5,0xBD,0xB5,0xBD,0xB5,0xBD,0xB5,0xBD,0xB5,0xBD,0xB5,0xBD,0xB5,0xBD,0xD6,0xBD,0xD6,0xBD,
    0xD6,0xBD,0xD6,0xBD,0xD6,0xBD,0xD6,0xBD,0xB5,0xBD,0xB5,0xBD,0xB5,0xBD,0x74,0xB5,0x54,0xB5,0x53,0xAD,0xD6,0xBD,0x17,0xC6,0x17,0xC6,0xD6,0xBD,0xB5,0xBD,0xB5,0xBD,
    0xB5,0xBD,0xB5,0xBD,0xB5,0xBD,0xB6,0xBD,0xD6,0xBD,0xD6,0xBD,0xB6,0xBD,0xB6,0xBD,0xB6,0xBD,0xB6,0xBD,0xB6,0xBD,0xB6,0xBD,0xB6,0xBD,0xB6,0xBD,0xB6,0xBD,0xB6,0xBD,
    0xB5,0xBD,0xB5,0xBD,0xB5,0xBD,0xB5,0xBD,0xB5,0xBD,0xB5,0xBD,0xB6,0xBD,0xB6,0xBD,0xB6,0xBD,0xB6,0xBD,0xB5,0xBD,0xB5,0xBD,0xB5,0xBD,0xB5,0xBD,0xB5,0xBD,0xB5,0xBD,
    0xD6,0xBD,0xD6,0xBD,0xD6,0xBD,0xD6,0xBD,0xD6,0xBD,0xD6,0xBD,0xB5,0xBD,0xB5,0xBD,0xB5,0xBD,0x54,0xB5,0x53,0xAD,0x74,0xB5,0x17,0xC6,0x17,0xC6,0x17,0xC6,0xB5,0xBD,
    0xB6,0xBD,0x95,0xBD,0x54,0xB5,0x53,0xAD,0x74,0xB5,0x17,0xC6,0x17,0xC6,0x17,0xC6,0xB5,0xBD,0xB5,0xBD,0xB5,0xBD,0xB5,0xBD,0xB5,0xBD,0xB5,0xBD,0xB6,0xBD,0xD6,0xBD,
    0xD6,0xBD,0xB6,0xBD,0xB6,0xBD,0xB6,0xBD,0xB6,0xBD,0xB6,0xBD,0xB6,0xBD,0xB6,0xBD,0xB6,0xBD,0xB6,0xBD,0xB6,0xBD,0xB5,0xBD,0xB5,0xBD,0xB5,0xBD,0xB5,0xBD,0xB5,0xBD,
    0xB5,0xBD,0xB5,0xBD,0xB6,0xBD,0xB6,0xBD,0xB6,0xBD,0xB5,0xBD,0xB5,0xBD,0xB5,0xBD,0xB5,0xBD,0xB5,0xBD,0xB5,0xBD,0xD6,0xBD,0xD6,0xBD,0xD6,0xBD,0xD6,0xBD,0xD6,0xBD,
    0xD6,0xBD,0xD6,0xBD,0xB5,0xBD,0xB6,0xBD,0x95,0xB5,0x54,0xB5,0x53,0xAD,0x74,0xB5,0x17,0xC6,0x17,0xC6,0x17,0xC6,0xB5,0xBD,0xB5,0xBD,0xB5,0xBD,0xB5,0xBD,0xB5,0xBD,
    0xB5,0xBD,0xB6,0xBD,0xD6,0xBD,0xD6,0xBD,0xB6,0xBD,0xB6,0xBD,0xB6,0xBD,0xB6,0xBD,0xB6,0xBD,0xB6,0xBD,0xB6,0xBD,0xB6,0xBD,0xB6,0xBD,0xB6,0xBD,0xB5,0xBD,0xB5,0xBD,
    0xB5,0xBD,0xB5,0xBD,0xB5,0xBD,0xB5,0xBD,0xB6,0xBD,0xB6,0xBD,0xB6,0xBD,0xB5,0xBD,0xB5,0xBD,0xB5,0xBD,0xB5,0xBD,0xB5,0xBD,0xB5,0xBD,0xB5,0xBD,0xD6,0xBD,0xD6,0xBD,
    0xD6,0xBD,0xD6,0xBD,0xD6,0xBD,0xD6,0xBD,0xB5,0xBD,0xB5,0xBD,0xB5,0xBD,0x74,0xB5,0x54,0xB5,0x53,0xAD,0xD6,0xBD,0x17,0xC6,0x17,0xC6,0xD6,0xBD,0xB5,0xBD,0xB5,0xBD,
    0xB5,0xBD,0xB5,0xBD,0xB5,0xBD,0xB6,0xBD,0xD6,0xBD,0xD6,0xBD,0xB6,0xBD,0xB5,0xBD,0xB5,0xBD,0xB6,0xBD,0xB6,0xBD,0xB6,0xBD,0xB6,0xBD,0xB6,0xBD,0xB6,0xBD,0xB6,0xBD,
    0xB5,0xBD,0xB5,0xBD,0xB5,0xBD,0xB5,0xBD,0xB5,0xBD,0xB5,0xBD,0xB6,0xBD,0xB6,0xBD,0xB6,0xBD,0xB6,0xBD,0xB5,0xBD,0xB5,0xBD,0xB5,0xBD,0xB5,0xBD,0xB5,0xBD,0xB5,0xBD,
    0xD6,0xBD,0xD6,0xBD,0xD6,0xBD,0xB6,0xBD,0xB6,0xBD,0xB6,0xBD,0xB6,0xBD,0xB6,0xBD,0xB5,0xBD,0x54,0xB5,0x54,0xB5,0x54,0xB5,0xF7,0xC5,0x17,0xC6,0x17,0xC6,0xD6,0xBD,
};

static const lv_image_dsc_t photo_img_dsc = {
    .header = {
        .magic = 0x19,
        .cf = LV_COLOR_FORMAT_RGB565,
        .flags = 0,
        .w = 160,
        .h = 168,
        .stride = 320,
        .reserved_2 = 0,
    },
    .data_size = 53760,
    .data = photo_data,
    .reserved = 0,
    .reserved_2 = 0,
};
